model,benchmark,suite,task,dataset,length,depth,metric,value,samples,source_log
nope_lm_output_kl,babilong,adapted_reasoning,,RMT-team/babilong,0k,,macro_accuracy,68.0,10,/home/sagemaker-user/atma/benchmarks/logs/foveal_cpt_clamped/babilong_babilong_direct_ft_nope_lm_output_kl_b4fcbf22f3.log
nope_lm_output_kl,babilong,adapted_reasoning,,RMT-team/babilong,128k,,macro_accuracy,36.0,10,/home/sagemaker-user/atma/benchmarks/logs/foveal_cpt_clamped/babilong_babilong_direct_ft_nope_lm_output_kl_b4fcbf22f3.log
nope_lm_output_kl,babilong,adapted_reasoning,,RMT-team/babilong,16k,,macro_accuracy,49.0,10,/home/sagemaker-user/atma/benchmarks/logs/foveal_cpt_clamped/babilong_babilong_direct_ft_nope_lm_output_kl_b4fcbf22f3.log
nope_lm_output_kl,babilong,adapted_reasoning,,RMT-team/babilong,1k,,macro_accuracy,66.0,10,/home/sagemaker-user/atma/benchmarks/logs/foveal_cpt_clamped/babilong_babilong_direct_ft_nope_lm_output_kl_b4fcbf22f3.log
nope_lm_output_kl,babilong,adapted_reasoning,,RMT-team/babilong,256k,,macro_accuracy,34.0,10,/home/sagemaker-user/atma/benchmarks/logs/foveal_cpt_clamped/babilong_babilong_direct_ft_nope_lm_output_kl_b4fcbf22f3.log
nope_lm_output_kl,babilong,adapted_reasoning,,RMT-team/babilong,2k,,macro_accuracy,61.0,10,/home/sagemaker-user/atma/benchmarks/logs/foveal_cpt_clamped/babilong_babilong_direct_ft_nope_lm_output_kl_b4fcbf22f3.log
nope_lm_output_kl,babilong,adapted_reasoning,,RMT-team/babilong,32k,,macro_accuracy,40.0,10,/home/sagemaker-user/atma/benchmarks/logs/foveal_cpt_clamped/babilong_babilong_direct_ft_nope_lm_output_kl_b4fcbf22f3.log
nope_lm_output_kl,babilong,adapted_reasoning,,RMT-team/babilong,4k,,macro_accuracy,61.0,10,/home/sagemaker-user/atma/benchmarks/logs/foveal_cpt_clamped/babilong_babilong_direct_ft_nope_lm_output_kl_b4fcbf22f3.log
nope_lm_output_kl,babilong,adapted_reasoning,,RMT-team/babilong,64k,,macro_accuracy,34.0,10,/home/sagemaker-user/atma/benchmarks/logs/foveal_cpt_clamped/babilong_babilong_direct_ft_nope_lm_output_kl_b4fcbf22f3.log
nope_lm_output_kl,babilong,adapted_reasoning,,RMT-team/babilong,8k,,macro_accuracy,54.0,10,/home/sagemaker-user/atma/benchmarks/logs/foveal_cpt_clamped/babilong_babilong_direct_ft_nope_lm_output_kl_b4fcbf22f3.log
nope_lm_output_kl,babilong,adapted_reasoning,qa1,RMT-team/babilong,0k,,accuracy,100.0,10,/home/sagemaker-user/atma/benchmarks/logs/foveal_cpt_clamped/babilong_babilong_direct_ft_nope_lm_output_kl_b4fcbf22f3.log
nope_lm_output_kl,babilong,adapted_reasoning,qa1,RMT-team/babilong,128k,,accuracy,40.0,10,/home/sagemaker-user/atma/benchmarks/logs/foveal_cpt_clamped/babilong_babilong_direct_ft_nope_lm_output_kl_b4fcbf22f3.log
nope_lm_output_kl,babilong,adapted_reasoning,qa1,RMT-team/babilong,16k,,accuracy,60.0,10,/home/sagemaker-user/atma/benchmarks/logs/foveal_cpt_clamped/babilong_babilong_direct_ft_nope_lm_output_kl_b4fcbf22f3.log
nope_lm_output_kl,babilong,adapted_reasoning,qa1,RMT-team/babilong,1k,,accuracy,90.0,10,/home/sagemaker-user/atma/benchmarks/logs/foveal_cpt_clamped/babilong_babilong_direct_ft_nope_lm_output_kl_b4fcbf22f3.log
nope_lm_output_kl,babilong,adapted_reasoning,qa1,RMT-team/babilong,256k,,accuracy,20.0,10,/home/sagemaker-user/atma/benchmarks/logs/foveal_cpt_clamped/babilong_babilong_direct_ft_nope_lm_output_kl_b4fcbf22f3.log
nope_lm_output_kl,babilong,adapted_reasoning,qa1,RMT-team/babilong,2k,,accuracy,100.0,10,/home/sagemaker-user/atma/benchmarks/logs/foveal_cpt_clamped/babilong_babilong_direct_ft_nope_lm_output_kl_b4fcbf22f3.log
nope_lm_output_kl,babilong,adapted_reasoning,qa1,RMT-team/babilong,32k,,accuracy,30.0,10,/home/sagemaker-user/atma/benchmarks/logs/foveal_cpt_clamped/babilong_babilong_direct_ft_nope_lm_output_kl_b4fcbf22f3.log
nope_lm_output_kl,babilong,adapted_reasoning,qa1,RMT-team/babilong,4k,,accuracy,80.0,10,/home/sagemaker-user/atma/benchmarks/logs/foveal_cpt_clamped/babilong_babilong_direct_ft_nope_lm_output_kl_b4fcbf22f3.log
nope_lm_output_kl,babilong,adapted_reasoning,qa1,RMT-team/babilong,64k,,accuracy,10.0,10,/home/sagemaker-user/atma/benchmarks/logs/foveal_cpt_clamped/babilong_babilong_direct_ft_nope_lm_output_kl_b4fcbf22f3.log
nope_lm_output_kl,babilong,adapted_reasoning,qa1,RMT-team/babilong,8k,,accuracy,50.0,10,/home/sagemaker-user/atma/benchmarks/logs/foveal_cpt_clamped/babilong_babilong_direct_ft_nope_lm_output_kl_b4fcbf22f3.log
nope_lm_output_kl,babilong,adapted_reasoning,qa10,RMT-team/babilong,0k,,accuracy,50.0,10,/home/sagemaker-user/atma/benchmarks/logs/foveal_cpt_clamped/babilong_babilong_direct_ft_nope_lm_output_kl_b4fcbf22f3.log
nope_lm_output_kl,babilong,adapted_reasoning,qa10,RMT-team/babilong,128k,,accuracy,20.0,10,/home/sagemaker-user/atma/benchmarks/logs/foveal_cpt_clamped/babilong_babilong_direct_ft_nope_lm_output_kl_b4fcbf22f3.log
nope_lm_output_kl,babilong,adapted_reasoning,qa10,RMT-team/babilong,16k,,accuracy,40.0,10,/home/sagemaker-user/atma/benchmarks/logs/foveal_cpt_clamped/babilong_babilong_direct_ft_nope_lm_output_kl_b4fcbf22f3.log
nope_lm_output_kl,babilong,adapted_reasoning,qa10,RMT-team/babilong,1k,,accuracy,40.0,10,/home/sagemaker-user/atma/benchmarks/logs/foveal_cpt_clamped/babilong_babilong_direct_ft_nope_lm_output_kl_b4fcbf22f3.log
nope_lm_output_kl,babilong,adapted_reasoning,qa10,RMT-team/babilong,256k,,accuracy,20.0,10,/home/sagemaker-user/atma/benchmarks/logs/foveal_cpt_clamped/babilong_babilong_direct_ft_nope_lm_output_kl_b4fcbf22f3.log
nope_lm_output_kl,babilong,adapted_reasoning,qa10,RMT-team/babilong,2k,,accuracy,40.0,10,/home/sagemaker-user/atma/benchmarks/logs/foveal_cpt_clamped/babilong_babilong_direct_ft_nope_lm_output_kl_b4fcbf22f3.log
nope_lm_output_kl,babilong,adapted_reasoning,qa10,RMT-team/babilong,32k,,accuracy,40.0,10,/home/sagemaker-user/atma/benchmarks/logs/foveal_cpt_clamped/babilong_babilong_direct_ft_nope_lm_output_kl_b4fcbf22f3.log
nope_lm_output_kl,babilong,adapted_reasoning,qa10,RMT-team/babilong,4k,,accuracy,40.0,10,/home/sagemaker-user/atma/benchmarks/logs/foveal_cpt_clamped/babilong_babilong_direct_ft_nope_lm_output_kl_b4fcbf22f3.log
nope_lm_output_kl,babilong,adapted_reasoning,qa10,RMT-team/babilong,64k,,accuracy,20.0,10,/home/sagemaker-user/atma/benchmarks/logs/foveal_cpt_clamped/babilong_babilong_direct_ft_nope_lm_output_kl_b4fcbf22f3.log
nope_lm_output_kl,babilong,adapted_reasoning,qa10,RMT-team/babilong,8k,,accuracy,30.0,10,/home/sagemaker-user/atma/benchmarks/logs/foveal_cpt_clamped/babilong_babilong_direct_ft_nope_lm_output_kl_b4fcbf22f3.log
nope_lm_output_kl,babilong,adapted_reasoning,qa2,RMT-team/babilong,0k,,accuracy,70.0,10,/home/sagemaker-user/atma/benchmarks/logs/foveal_cpt_clamped/babilong_babilong_direct_ft_nope_lm_output_kl_b4fcbf22f3.log
nope_lm_output_kl,babilong,adapted_reasoning,qa2,RMT-team/babilong,128k,,accuracy,30.0,10,/home/sagemaker-user/atma/benchmarks/logs/foveal_cpt_clamped/babilong_babilong_direct_ft_nope_lm_output_kl_b4fcbf22f3.log
nope_lm_output_kl,babilong,adapted_reasoning,qa2,RMT-team/babilong,16k,,accuracy,40.0,10,/home/sagemaker-user/atma/benchmarks/logs/foveal_cpt_clamped/babilong_babilong_direct_ft_nope_lm_output_kl_b4fcbf22f3.log
nope_lm_output_kl,babilong,adapted_reasoning,qa2,RMT-team/babilong,1k,,accuracy,60.0,10,/home/sagemaker-user/atma/benchmarks/logs/foveal_cpt_clamped/babilong_babilong_direct_ft_nope_lm_output_kl_b4fcbf22f3.log
nope_lm_output_kl,babilong,adapted_reasoning,qa2,RMT-team/babilong,256k,,accuracy,10.0,10,/home/sagemaker-user/atma/benchmarks/logs/foveal_cpt_clamped/babilong_babilong_direct_ft_nope_lm_output_kl_b4fcbf22f3.log
nope_lm_output_kl,babilong,adapted_reasoning,qa2,RMT-team/babilong,2k,,accuracy,50.0,10,/home/sagemaker-user/atma/benchmarks/logs/foveal_cpt_clamped/babilong_babilong_direct_ft_nope_lm_output_kl_b4fcbf22f3.log
nope_lm_output_kl,babilong,adapted_reasoning,qa2,RMT-team/babilong,32k,,accuracy,40.0,10,/home/sagemaker-user/atma/benchmarks/logs/foveal_cpt_clamped/babilong_babilong_direct_ft_nope_lm_output_kl_b4fcbf22f3.log
nope_lm_output_kl,babilong,adapted_reasoning,qa2,RMT-team/babilong,4k,,accuracy,60.0,10,/home/sagemaker-user/atma/benchmarks/logs/foveal_cpt_clamped/babilong_babilong_direct_ft_nope_lm_output_kl_b4fcbf22f3.log
nope_lm_output_kl,babilong,adapted_reasoning,qa2,RMT-team/babilong,64k,,accuracy,20.0,10,/home/sagemaker-user/atma/benchmarks/logs/foveal_cpt_clamped/babilong_babilong_direct_ft_nope_lm_output_kl_b4fcbf22f3.log
nope_lm_output_kl,babilong,adapted_reasoning,qa2,RMT-team/babilong,8k,,accuracy,40.0,10,/home/sagemaker-user/atma/benchmarks/logs/foveal_cpt_clamped/babilong_babilong_direct_ft_nope_lm_output_kl_b4fcbf22f3.log
nope_lm_output_kl,babilong,adapted_reasoning,qa3,RMT-team/babilong,0k,,accuracy,30.0,10,/home/sagemaker-user/atma/benchmarks/logs/foveal_cpt_clamped/babilong_babilong_direct_ft_nope_lm_output_kl_b4fcbf22f3.log
nope_lm_output_kl,babilong,adapted_reasoning,qa3,RMT-team/babilong,128k,,accuracy,20.0,10,/home/sagemaker-user/atma/benchmarks/logs/foveal_cpt_clamped/babilong_babilong_direct_ft_nope_lm_output_kl_b4fcbf22f3.log
nope_lm_output_kl,babilong,adapted_reasoning,qa3,RMT-team/babilong,16k,,accuracy,40.0,10,/home/sagemaker-user/atma/benchmarks/logs/foveal_cpt_clamped/babilong_babilong_direct_ft_nope_lm_output_kl_b4fcbf22f3.log
nope_lm_output_kl,babilong,adapted_reasoning,qa3,RMT-team/babilong,1k,,accuracy,40.0,10,/home/sagemaker-user/atma/benchmarks/logs/foveal_cpt_clamped/babilong_babilong_direct_ft_nope_lm_output_kl_b4fcbf22f3.log
nope_lm_output_kl,babilong,adapted_reasoning,qa3,RMT-team/babilong,256k,,accuracy,20.0,10,/home/sagemaker-user/atma/benchmarks/logs/foveal_cpt_clamped/babilong_babilong_direct_ft_nope_lm_output_kl_b4fcbf22f3.log
nope_lm_output_kl,babilong,adapted_reasoning,qa3,RMT-team/babilong,2k,,accuracy,20.0,10,/home/sagemaker-user/atma/benchmarks/logs/foveal_cpt_clamped/babilong_babilong_direct_ft_nope_lm_output_kl_b4fcbf22f3.log
nope_lm_output_kl,babilong,adapted_reasoning,qa3,RMT-team/babilong,32k,,accuracy,20.0,10,/home/sagemaker-user/atma/benchmarks/logs/foveal_cpt_clamped/babilong_babilong_direct_ft_nope_lm_output_kl_b4fcbf22f3.log
nope_lm_output_kl,babilong,adapted_reasoning,qa3,RMT-team/babilong,4k,,accuracy,20.0,10,/home/sagemaker-user/atma/benchmarks/logs/foveal_cpt_clamped/babilong_babilong_direct_ft_nope_lm_output_kl_b4fcbf22f3.log
nope_lm_output_kl,babilong,adapted_reasoning,qa3,RMT-team/babilong,64k,,accuracy,10.0,10,/home/sagemaker-user/atma/benchmarks/logs/foveal_cpt_clamped/babilong_babilong_direct_ft_nope_lm_output_kl_b4fcbf22f3.log
nope_lm_output_kl,babilong,adapted_reasoning,qa3,RMT-team/babilong,8k,,accuracy,30.0,10,/home/sagemaker-user/atma/benchmarks/logs/foveal_cpt_clamped/babilong_babilong_direct_ft_nope_lm_output_kl_b4fcbf22f3.log
nope_lm_output_kl,babilong,adapted_reasoning,qa4,RMT-team/babilong,0k,,accuracy,70.0,10,/home/sagemaker-user/atma/benchmarks/logs/foveal_cpt_clamped/babilong_babilong_direct_ft_nope_lm_output_kl_b4fcbf22f3.log
nope_lm_output_kl,babilong,adapted_reasoning,qa4,RMT-team/babilong,128k,,accuracy,30.0,10,/home/sagemaker-user/atma/benchmarks/logs/foveal_cpt_clamped/babilong_babilong_direct_ft_nope_lm_output_kl_b4fcbf22f3.log
nope_lm_output_kl,babilong,adapted_reasoning,qa4,RMT-team/babilong,16k,,accuracy,50.0,10,/home/sagemaker-user/atma/benchmarks/logs/foveal_cpt_clamped/babilong_babilong_direct_ft_nope_lm_output_kl_b4fcbf22f3.log
nope_lm_output_kl,babilong,adapted_reasoning,qa4,RMT-team/babilong,1k,,accuracy,80.0,10,/home/sagemaker-user/atma/benchmarks/logs/foveal_cpt_clamped/babilong_babilong_direct_ft_nope_lm_output_kl_b4fcbf22f3.log
nope_lm_output_kl,babilong,adapted_reasoning,qa4,RMT-team/babilong,256k,,accuracy,20.0,10,/home/sagemaker-user/atma/benchmarks/logs/foveal_cpt_clamped/babilong_babilong_direct_ft_nope_lm_output_kl_b4fcbf22f3.log
nope_lm_output_kl,babilong,adapted_reasoning,qa4,RMT-team/babilong,2k,,accuracy,70.0,10,/home/sagemaker-user/atma/benchmarks/logs/foveal_cpt_clamped/babilong_babilong_direct_ft_nope_lm_output_kl_b4fcbf22f3.log
nope_lm_output_kl,babilong,adapted_reasoning,qa4,RMT-team/babilong,32k,,accuracy,30.0,10,/home/sagemaker-user/atma/benchmarks/logs/foveal_cpt_clamped/babilong_babilong_direct_ft_nope_lm_output_kl_b4fcbf22f3.log
nope_lm_output_kl,babilong,adapted_reasoning,qa4,RMT-team/babilong,4k,,accuracy,80.0,10,/home/sagemaker-user/atma/benchmarks/logs/foveal_cpt_clamped/babilong_babilong_direct_ft_nope_lm_output_kl_b4fcbf22f3.log
nope_lm_output_kl,babilong,adapted_reasoning,qa4,RMT-team/babilong,64k,,accuracy,30.0,10,/home/sagemaker-user/atma/benchmarks/logs/foveal_cpt_clamped/babilong_babilong_direct_ft_nope_lm_output_kl_b4fcbf22f3.log
nope_lm_output_kl,babilong,adapted_reasoning,qa4,RMT-team/babilong,8k,,accuracy,70.0,10,/home/sagemaker-user/atma/benchmarks/logs/foveal_cpt_clamped/babilong_babilong_direct_ft_nope_lm_output_kl_b4fcbf22f3.log
nope_lm_output_kl,babilong,adapted_reasoning,qa5,RMT-team/babilong,0k,,accuracy,70.0,10,/home/sagemaker-user/atma/benchmarks/logs/foveal_cpt_clamped/babilong_babilong_direct_ft_nope_lm_output_kl_b4fcbf22f3.log
nope_lm_output_kl,babilong,adapted_reasoning,qa5,RMT-team/babilong,128k,,accuracy,20.0,10,/home/sagemaker-user/atma/benchmarks/logs/foveal_cpt_clamped/babilong_babilong_direct_ft_nope_lm_output_kl_b4fcbf22f3.log
nope_lm_output_kl,babilong,adapted_reasoning,qa5,RMT-team/babilong,16k,,accuracy,40.0,10,/home/sagemaker-user/atma/benchmarks/logs/foveal_cpt_clamped/babilong_babilong_direct_ft_nope_lm_output_kl_b4fcbf22f3.log
nope_lm_output_kl,babilong,adapted_reasoning,qa5,RMT-team/babilong,1k,,accuracy,50.0,10,/home/sagemaker-user/atma/benchmarks/logs/foveal_cpt_clamped/babilong_babilong_direct_ft_nope_lm_output_kl_b4fcbf22f3.log
nope_lm_output_kl,babilong,adapted_reasoning,qa5,RMT-team/babilong,256k,,accuracy,20.0,10,/home/sagemaker-user/atma/benchmarks/logs/foveal_cpt_clamped/babilong_babilong_direct_ft_nope_lm_output_kl_b4fcbf22f3.log
nope_lm_output_kl,babilong,adapted_reasoning,qa5,RMT-team/babilong,2k,,accuracy,60.0,10,/home/sagemaker-user/atma/benchmarks/logs/foveal_cpt_clamped/babilong_babilong_direct_ft_nope_lm_output_kl_b4fcbf22f3.log
nope_lm_output_kl,babilong,adapted_reasoning,qa5,RMT-team/babilong,32k,,accuracy,20.0,10,/home/sagemaker-user/atma/benchmarks/logs/foveal_cpt_clamped/babilong_babilong_direct_ft_nope_lm_output_kl_b4fcbf22f3.log
nope_lm_output_kl,babilong,adapted_reasoning,qa5,RMT-team/babilong,4k,,accuracy,90.0,10,/home/sagemaker-user/atma/benchmarks/logs/foveal_cpt_clamped/babilong_babilong_direct_ft_nope_lm_output_kl_b4fcbf22f3.log
nope_lm_output_kl,babilong,adapted_reasoning,qa5,RMT-team/babilong,64k,,accuracy,40.0,10,/home/sagemaker-user/atma/benchmarks/logs/foveal_cpt_clamped/babilong_babilong_direct_ft_nope_lm_output_kl_b4fcbf22f3.log
nope_lm_output_kl,babilong,adapted_reasoning,qa5,RMT-team/babilong,8k,,accuracy,70.0,10,/home/sagemaker-user/atma/benchmarks/logs/foveal_cpt_clamped/babilong_babilong_direct_ft_nope_lm_output_kl_b4fcbf22f3.log
nope_lm_output_kl,babilong,adapted_reasoning,qa6,RMT-team/babilong,0k,,accuracy,70.0,10,/home/sagemaker-user/atma/benchmarks/logs/foveal_cpt_clamped/babilong_babilong_direct_ft_nope_lm_output_kl_b4fcbf22f3.log
nope_lm_output_kl,babilong,adapted_reasoning,qa6,RMT-team/babilong,128k,,accuracy,50.0,10,/home/sagemaker-user/atma/benchmarks/logs/foveal_cpt_clamped/babilong_babilong_direct_ft_nope_lm_output_kl_b4fcbf22f3.log
nope_lm_output_kl,babilong,adapted_reasoning,qa6,RMT-team/babilong,16k,,accuracy,50.0,10,/home/sagemaker-user/atma/benchmarks/logs/foveal_cpt_clamped/babilong_babilong_direct_ft_nope_lm_output_kl_b4fcbf22f3.log
nope_lm_output_kl,babilong,adapted_reasoning,qa6,RMT-team/babilong,1k,,accuracy,70.0,10,/home/sagemaker-user/atma/benchmarks/logs/foveal_cpt_clamped/babilong_babilong_direct_ft_nope_lm_output_kl_b4fcbf22f3.log
nope_lm_output_kl,babilong,adapted_reasoning,qa6,RMT-team/babilong,256k,,accuracy,50.0,10,/home/sagemaker-user/atma/benchmarks/logs/foveal_cpt_clamped/babilong_babilong_direct_ft_nope_lm_output_kl_b4fcbf22f3.log
nope_lm_output_kl,babilong,adapted_reasoning,qa6,RMT-team/babilong,2k,,accuracy,60.0,10,/home/sagemaker-user/atma/benchmarks/logs/foveal_cpt_clamped/babilong_babilong_direct_ft_nope_lm_output_kl_b4fcbf22f3.log
nope_lm_output_kl,babilong,adapted_reasoning,qa6,RMT-team/babilong,32k,,accuracy,50.0,10,/home/sagemaker-user/atma/benchmarks/logs/foveal_cpt_clamped/babilong_babilong_direct_ft_nope_lm_output_kl_b4fcbf22f3.log
nope_lm_output_kl,babilong,adapted_reasoning,qa6,RMT-team/babilong,4k,,accuracy,60.0,10,/home/sagemaker-user/atma/benchmarks/logs/foveal_cpt_clamped/babilong_babilong_direct_ft_nope_lm_output_kl_b4fcbf22f3.log
nope_lm_output_kl,babilong,adapted_reasoning,qa6,RMT-team/babilong,64k,,accuracy,50.0,10,/home/sagemaker-user/atma/benchmarks/logs/foveal_cpt_clamped/babilong_babilong_direct_ft_nope_lm_output_kl_b4fcbf22f3.log
nope_lm_output_kl,babilong,adapted_reasoning,qa6,RMT-team/babilong,8k,,accuracy,70.0,10,/home/sagemaker-user/atma/benchmarks/logs/foveal_cpt_clamped/babilong_babilong_direct_ft_nope_lm_output_kl_b4fcbf22f3.log
nope_lm_output_kl,babilong,adapted_reasoning,qa7,RMT-team/babilong,0k,,accuracy,70.0,10,/home/sagemaker-user/atma/benchmarks/logs/foveal_cpt_clamped/babilong_babilong_direct_ft_nope_lm_output_kl_b4fcbf22f3.log
nope_lm_output_kl,babilong,adapted_reasoning,qa7,RMT-team/babilong,128k,,accuracy,70.0,10,/home/sagemaker-user/atma/benchmarks/logs/foveal_cpt_clamped/babilong_babilong_direct_ft_nope_lm_output_kl_b4fcbf22f3.log
nope_lm_output_kl,babilong,adapted_reasoning,qa7,RMT-team/babilong,16k,,accuracy,70.0,10,/home/sagemaker-user/atma/benchmarks/logs/foveal_cpt_clamped/babilong_babilong_direct_ft_nope_lm_output_kl_b4fcbf22f3.log
nope_lm_output_kl,babilong,adapted_reasoning,qa7,RMT-team/babilong,1k,,accuracy,70.0,10,/home/sagemaker-user/atma/benchmarks/logs/foveal_cpt_clamped/babilong_babilong_direct_ft_nope_lm_output_kl_b4fcbf22f3.log
nope_lm_output_kl,babilong,adapted_reasoning,qa7,RMT-team/babilong,256k,,accuracy,70.0,10,/home/sagemaker-user/atma/benchmarks/logs/foveal_cpt_clamped/babilong_babilong_direct_ft_nope_lm_output_kl_b4fcbf22f3.log
nope_lm_output_kl,babilong,adapted_reasoning,qa7,RMT-team/babilong,2k,,accuracy,70.0,10,/home/sagemaker-user/atma/benchmarks/logs/foveal_cpt_clamped/babilong_babilong_direct_ft_nope_lm_output_kl_b4fcbf22f3.log
nope_lm_output_kl,babilong,adapted_reasoning,qa7,RMT-team/babilong,32k,,accuracy,70.0,10,/home/sagemaker-user/atma/benchmarks/logs/foveal_cpt_clamped/babilong_babilong_direct_ft_nope_lm_output_kl_b4fcbf22f3.log
nope_lm_output_kl,babilong,adapted_reasoning,qa7,RMT-team/babilong,4k,,accuracy,70.0,10,/home/sagemaker-user/atma/benchmarks/logs/foveal_cpt_clamped/babilong_babilong_direct_ft_nope_lm_output_kl_b4fcbf22f3.log
nope_lm_output_kl,babilong,adapted_reasoning,qa7,RMT-team/babilong,64k,,accuracy,70.0,10,/home/sagemaker-user/atma/benchmarks/logs/foveal_cpt_clamped/babilong_babilong_direct_ft_nope_lm_output_kl_b4fcbf22f3.log
nope_lm_output_kl,babilong,adapted_reasoning,qa7,RMT-team/babilong,8k,,accuracy,70.0,10,/home/sagemaker-user/atma/benchmarks/logs/foveal_cpt_clamped/babilong_babilong_direct_ft_nope_lm_output_kl_b4fcbf22f3.log
nope_lm_output_kl,babilong,adapted_reasoning,qa8,RMT-team/babilong,0k,,accuracy,60.0,10,/home/sagemaker-user/atma/benchmarks/logs/foveal_cpt_clamped/babilong_babilong_direct_ft_nope_lm_output_kl_b4fcbf22f3.log
nope_lm_output_kl,babilong,adapted_reasoning,qa8,RMT-team/babilong,128k,,accuracy,30.0,10,/home/sagemaker-user/atma/benchmarks/logs/foveal_cpt_clamped/babilong_babilong_direct_ft_nope_lm_output_kl_b4fcbf22f3.log
nope_lm_output_kl,babilong,adapted_reasoning,qa8,RMT-team/babilong,16k,,accuracy,40.0,10,/home/sagemaker-user/atma/benchmarks/logs/foveal_cpt_clamped/babilong_babilong_direct_ft_nope_lm_output_kl_b4fcbf22f3.log
nope_lm_output_kl,babilong,adapted_reasoning,qa8,RMT-team/babilong,1k,,accuracy,60.0,10,/home/sagemaker-user/atma/benchmarks/logs/foveal_cpt_clamped/babilong_babilong_direct_ft_nope_lm_output_kl_b4fcbf22f3.log
nope_lm_output_kl,babilong,adapted_reasoning,qa8,RMT-team/babilong,256k,,accuracy,20.0,10,/home/sagemaker-user/atma/benchmarks/logs/foveal_cpt_clamped/babilong_babilong_direct_ft_nope_lm_output_kl_b4fcbf22f3.log
nope_lm_output_kl,babilong,adapted_reasoning,qa8,RMT-team/babilong,2k,,accuracy,60.0,10,/home/sagemaker-user/atma/benchmarks/logs/foveal_cpt_clamped/babilong_babilong_direct_ft_nope_lm_output_kl_b4fcbf22f3.log
nope_lm_output_kl,babilong,adapted_reasoning,qa8,RMT-team/babilong,32k,,accuracy,20.0,10,/home/sagemaker-user/atma/benchmarks/logs/foveal_cpt_clamped/babilong_babilong_direct_ft_nope_lm_output_kl_b4fcbf22f3.log
nope_lm_output_kl,babilong,adapted_reasoning,qa8,RMT-team/babilong,4k,,accuracy,20.0,10,/home/sagemaker-user/atma/benchmarks/logs/foveal_cpt_clamped/babilong_babilong_direct_ft_nope_lm_output_kl_b4fcbf22f3.log
nope_lm_output_kl,babilong,adapted_reasoning,qa8,RMT-team/babilong,64k,,accuracy,20.0,10,/home/sagemaker-user/atma/benchmarks/logs/foveal_cpt_clamped/babilong_babilong_direct_ft_nope_lm_output_kl_b4fcbf22f3.log
nope_lm_output_kl,babilong,adapted_reasoning,qa8,RMT-team/babilong,8k,,accuracy,30.0,10,/home/sagemaker-user/atma/benchmarks/logs/foveal_cpt_clamped/babilong_babilong_direct_ft_nope_lm_output_kl_b4fcbf22f3.log
nope_lm_output_kl,babilong,adapted_reasoning,qa9,RMT-team/babilong,0k,,accuracy,90.0,10,/home/sagemaker-user/atma/benchmarks/logs/foveal_cpt_clamped/babilong_babilong_direct_ft_nope_lm_output_kl_b4fcbf22f3.log
nope_lm_output_kl,babilong,adapted_reasoning,qa9,RMT-team/babilong,128k,,accuracy,50.0,10,/home/sagemaker-user/atma/benchmarks/logs/foveal_cpt_clamped/babilong_babilong_direct_ft_nope_lm_output_kl_b4fcbf22f3.log
nope_lm_output_kl,babilong,adapted_reasoning,qa9,RMT-team/babilong,16k,,accuracy,60.0,10,/home/sagemaker-user/atma/benchmarks/logs/foveal_cpt_clamped/babilong_babilong_direct_ft_nope_lm_output_kl_b4fcbf22f3.log
nope_lm_output_kl,babilong,adapted_reasoning,qa9,RMT-team/babilong,1k,,accuracy,100.0,10,/home/sagemaker-user/atma/benchmarks/logs/foveal_cpt_clamped/babilong_babilong_direct_ft_nope_lm_output_kl_b4fcbf22f3.log
nope_lm_output_kl,babilong,adapted_reasoning,qa9,RMT-team/babilong,256k,,accuracy,90.0,10,/home/sagemaker-user/atma/benchmarks/logs/foveal_cpt_clamped/babilong_babilong_direct_ft_nope_lm_output_kl_b4fcbf22f3.log
nope_lm_output_kl,babilong,adapted_reasoning,qa9,RMT-team/babilong,2k,,accuracy,80.0,10,/home/sagemaker-user/atma/benchmarks/logs/foveal_cpt_clamped/babilong_babilong_direct_ft_nope_lm_output_kl_b4fcbf22f3.log
nope_lm_output_kl,babilong,adapted_reasoning,qa9,RMT-team/babilong,32k,,accuracy,80.0,10,/home/sagemaker-user/atma/benchmarks/logs/foveal_cpt_clamped/babilong_babilong_direct_ft_nope_lm_output_kl_b4fcbf22f3.log
nope_lm_output_kl,babilong,adapted_reasoning,qa9,RMT-team/babilong,4k,,accuracy,90.0,10,/home/sagemaker-user/atma/benchmarks/logs/foveal_cpt_clamped/babilong_babilong_direct_ft_nope_lm_output_kl_b4fcbf22f3.log
nope_lm_output_kl,babilong,adapted_reasoning,qa9,RMT-team/babilong,64k,,accuracy,70.0,10,/home/sagemaker-user/atma/benchmarks/logs/foveal_cpt_clamped/babilong_babilong_direct_ft_nope_lm_output_kl_b4fcbf22f3.log
nope_lm_output_kl,babilong,adapted_reasoning,qa9,RMT-team/babilong,8k,,accuracy,80.0,10,/home/sagemaker-user/atma/benchmarks/logs/foveal_cpt_clamped/babilong_babilong_direct_ft_nope_lm_output_kl_b4fcbf22f3.log
nope_lm_output_kl,base,zero_shot,arc_challenge,,,,accuracy,0.27759197324414714,299,/home/sagemaker-user/atma/benchmarks/logs/foveal_cpt_clamped/base_base_zero_shot_nope_lm_output_kl_bc4c8be274.log
nope_lm_output_kl,base,zero_shot,arc_challenge,,,,accuracy_norm,0.3311036789297659,299,/home/sagemaker-user/atma/benchmarks/logs/foveal_cpt_clamped/base_base_zero_shot_nope_lm_output_kl_bc4c8be274.log
nope_lm_output_kl,base,zero_shot,arc_easy,,,,accuracy,0.6,570,/home/sagemaker-user/atma/benchmarks/logs/foveal_cpt_clamped/base_base_zero_shot_nope_lm_output_kl_bc4c8be274.log
nope_lm_output_kl,base,zero_shot,arc_easy,,,,accuracy_norm,0.5070175438596491,570,/home/sagemaker-user/atma/benchmarks/logs/foveal_cpt_clamped/base_base_zero_shot_nope_lm_output_kl_bc4c8be274.log
nope_lm_output_kl,base,zero_shot,boolq,,,,accuracy,0.5923547400611621,3270,/home/sagemaker-user/atma/benchmarks/logs/foveal_cpt_clamped/base_base_zero_shot_nope_lm_output_kl_bc4c8be274.log
nope_lm_output_kl,base,zero_shot,boolq,,,,accuracy_norm,0.5923547400611621,3270,/home/sagemaker-user/atma/benchmarks/logs/foveal_cpt_clamped/base_base_zero_shot_nope_lm_output_kl_bc4c8be274.log
nope_lm_output_kl,base,zero_shot,hellaswag,,,,accuracy,0.3240390360485959,10042,/home/sagemaker-user/atma/benchmarks/logs/foveal_cpt_clamped/base_base_zero_shot_nope_lm_output_kl_bc4c8be274.log
nope_lm_output_kl,base,zero_shot,hellaswag,,,,accuracy_norm,0.3759211312487552,10042,/home/sagemaker-user/atma/benchmarks/logs/foveal_cpt_clamped/base_base_zero_shot_nope_lm_output_kl_bc4c8be274.log
nope_lm_output_kl,base,zero_shot,lambada,,,,accuracy,0.2967203570735494,5153,/home/sagemaker-user/atma/benchmarks/logs/foveal_cpt_clamped/base_base_zero_shot_nope_lm_output_kl_bc4c8be274.log
nope_lm_output_kl,base,zero_shot,lambada,,,,target_nll,3.091419208481408,5153,/home/sagemaker-user/atma/benchmarks/logs/foveal_cpt_clamped/base_base_zero_shot_nope_lm_output_kl_bc4c8be274.log
nope_lm_output_kl,base,zero_shot,lambada,,,,target_perplexity,22.008290174292778,5153,/home/sagemaker-user/atma/benchmarks/logs/foveal_cpt_clamped/base_base_zero_shot_nope_lm_output_kl_bc4c8be274.log
nope_lm_output_kl,base,zero_shot,openbookqa,,,,accuracy,0.212,500,/home/sagemaker-user/atma/benchmarks/logs/foveal_cpt_clamped/base_base_zero_shot_nope_lm_output_kl_bc4c8be274.log
nope_lm_output_kl,base,zero_shot,openbookqa,,,,accuracy_norm,0.314,500,/home/sagemaker-user/atma/benchmarks/logs/foveal_cpt_clamped/base_base_zero_shot_nope_lm_output_kl_bc4c8be274.log
nope_lm_output_kl,base,zero_shot,piqa,,,,accuracy,0.6632208922742111,1838,/home/sagemaker-user/atma/benchmarks/logs/foveal_cpt_clamped/base_base_zero_shot_nope_lm_output_kl_bc4c8be274.log
nope_lm_output_kl,base,zero_shot,piqa,,,,accuracy_norm,0.6681175190424374,1838,/home/sagemaker-user/atma/benchmarks/logs/foveal_cpt_clamped/base_base_zero_shot_nope_lm_output_kl_bc4c8be274.log
nope_lm_output_kl,base,zero_shot,winogrande,,,,accuracy,0.5185477505919495,1267,/home/sagemaker-user/atma/benchmarks/logs/foveal_cpt_clamped/base_base_zero_shot_nope_lm_output_kl_bc4c8be274.log
nope_lm_output_kl,base,zero_shot,winogrande,,,,accuracy_norm,0.5209155485398579,1267,/home/sagemaker-user/atma/benchmarks/logs/foveal_cpt_clamped/base_base_zero_shot_nope_lm_output_kl_bc4c8be274.log
nope_lm_output_kl,longdoc,fixed_target,,codelion/finepdfs-1B,128k,,bits_per_byte,0.9066896282238496,4,/home/sagemaker-user/atma/benchmarks/logs/foveal_cpt_clamped/longdoc_longdoc_fixed_target_nope_lm_output_kl_13a3f3cf28.log
nope_lm_output_kl,longdoc,fixed_target,,codelion/finepdfs-1B,128k,,nll_nats_per_token,1.075885534286499,4,/home/sagemaker-user/atma/benchmarks/logs/foveal_cpt_clamped/longdoc_longdoc_fixed_target_nope_lm_output_kl_13a3f3cf28.log
nope_lm_output_kl,longdoc,fixed_target,,codelion/finepdfs-1B,128k,,perplexity,2.932588658853192,4,/home/sagemaker-user/atma/benchmarks/logs/foveal_cpt_clamped/longdoc_longdoc_fixed_target_nope_lm_output_kl_13a3f3cf28.log
nope_lm_output_kl,longdoc,fixed_target,,codelion/finepdfs-1B,16k,,bits_per_byte,0.8765094274668537,4,/home/sagemaker-user/atma/benchmarks/logs/foveal_cpt_clamped/longdoc_longdoc_fixed_target_nope_lm_output_kl_13a3f3cf28.log
nope_lm_output_kl,longdoc,fixed_target,,codelion/finepdfs-1B,16k,,nll_nats_per_token,1.0400734543800354,4,/home/sagemaker-user/atma/benchmarks/logs/foveal_cpt_clamped/longdoc_longdoc_fixed_target_nope_lm_output_kl_13a3f3cf28.log
nope_lm_output_kl,longdoc,fixed_target,,codelion/finepdfs-1B,16k,,perplexity,2.8294248403661064,4,/home/sagemaker-user/atma/benchmarks/logs/foveal_cpt_clamped/longdoc_longdoc_fixed_target_nope_lm_output_kl_13a3f3cf28.log
nope_lm_output_kl,longdoc,fixed_target,,codelion/finepdfs-1B,256k,,bits_per_byte,0.9519123353926654,4,/home/sagemaker-user/atma/benchmarks/logs/foveal_cpt_clamped/longdoc_longdoc_fixed_target_nope_lm_output_kl_13a3f3cf28.log
nope_lm_output_kl,longdoc,fixed_target,,codelion/finepdfs-1B,256k,,nll_nats_per_token,1.1295471787452698,4,/home/sagemaker-user/atma/benchmarks/logs/foveal_cpt_clamped/longdoc_longdoc_fixed_target_nope_lm_output_kl_13a3f3cf28.log
nope_lm_output_kl,longdoc,fixed_target,,codelion/finepdfs-1B,256k,,perplexity,3.094255038393888,4,/home/sagemaker-user/atma/benchmarks/logs/foveal_cpt_clamped/longdoc_longdoc_fixed_target_nope_lm_output_kl_13a3f3cf28.log
nope_lm_output_kl,longdoc,fixed_target,,codelion/finepdfs-1B,2k,,bits_per_byte,0.8804931178244529,4,/home/sagemaker-user/atma/benchmarks/logs/foveal_cpt_clamped/longdoc_longdoc_fixed_target_nope_lm_output_kl_13a3f3cf28.log
nope_lm_output_kl,longdoc,fixed_target,,codelion/finepdfs-1B,2k,,nll_nats_per_token,1.0448005348443985,4,/home/sagemaker-user/atma/benchmarks/logs/foveal_cpt_clamped/longdoc_longdoc_fixed_target_nope_lm_output_kl_13a3f3cf28.log
nope_lm_output_kl,longdoc,fixed_target,,codelion/finepdfs-1B,2k,,perplexity,2.842831421283273,4,/home/sagemaker-user/atma/benchmarks/logs/foveal_cpt_clamped/longdoc_longdoc_fixed_target_nope_lm_output_kl_13a3f3cf28.log
nope_lm_output_kl,longdoc,fixed_target,,codelion/finepdfs-1B,32k,,bits_per_byte,0.91018935449654,4,/home/sagemaker-user/atma/benchmarks/logs/foveal_cpt_clamped/longdoc_longdoc_fixed_target_nope_lm_output_kl_13a3f3cf28.log
nope_lm_output_kl,longdoc,fixed_target,,codelion/finepdfs-1B,32k,,nll_nats_per_token,1.0800383388996124,4,/home/sagemaker-user/atma/benchmarks/logs/foveal_cpt_clamped/longdoc_longdoc_fixed_target_nope_lm_output_kl_13a3f3cf28.log
nope_lm_output_kl,longdoc,fixed_target,,codelion/finepdfs-1B,32k,,perplexity,2.9447924490034003,4,/home/sagemaker-user/atma/benchmarks/logs/foveal_cpt_clamped/longdoc_longdoc_fixed_target_nope_lm_output_kl_13a3f3cf28.log
nope_lm_output_kl,longdoc,fixed_target,,codelion/finepdfs-1B,4k,,bits_per_byte,0.8421073404789212,4,/home/sagemaker-user/atma/benchmarks/logs/foveal_cpt_clamped/longdoc_longdoc_fixed_target_nope_lm_output_kl_13a3f3cf28.log
nope_lm_output_kl,longdoc,fixed_target,,codelion/finepdfs-1B,4k,,nll_nats_per_token,0.9992516487836838,4,/home/sagemaker-user/atma/benchmarks/logs/foveal_cpt_clamped/longdoc_longdoc_fixed_target_nope_lm_output_kl_13a3f3cf28.log
nope_lm_output_kl,longdoc,fixed_target,,codelion/finepdfs-1B,4k,,perplexity,2.7162483599156566,4,/home/sagemaker-user/atma/benchmarks/logs/foveal_cpt_clamped/longdoc_longdoc_fixed_target_nope_lm_output_kl_13a3f3cf28.log
nope_lm_output_kl,longdoc,fixed_target,,codelion/finepdfs-1B,64k,,bits_per_byte,0.8956871463476019,4,/home/sagemaker-user/atma/benchmarks/logs/foveal_cpt_clamped/longdoc_longdoc_fixed_target_nope_lm_output_kl_13a3f3cf28.log
nope_lm_output_kl,longdoc,fixed_target,,codelion/finepdfs-1B,64k,,nll_nats_per_token,1.0628298968076706,4,/home/sagemaker-user/atma/benchmarks/logs/foveal_cpt_clamped/longdoc_longdoc_fixed_target_nope_lm_output_kl_13a3f3cf28.log
nope_lm_output_kl,longdoc,fixed_target,,codelion/finepdfs-1B,64k,,perplexity,2.894550689711526,4,/home/sagemaker-user/atma/benchmarks/logs/foveal_cpt_clamped/longdoc_longdoc_fixed_target_nope_lm_output_kl_13a3f3cf28.log
nope_lm_output_kl,longdoc,fixed_target,,codelion/finepdfs-1B,8k,,bits_per_byte,0.8282388981110665,4,/home/sagemaker-user/atma/benchmarks/logs/foveal_cpt_clamped/longdoc_longdoc_fixed_target_nope_lm_output_kl_13a3f3cf28.log
nope_lm_output_kl,longdoc,fixed_target,,codelion/finepdfs-1B,8k,,nll_nats_per_token,0.982795238494873,4,/home/sagemaker-user/atma/benchmarks/logs/foveal_cpt_clamped/longdoc_longdoc_fixed_target_nope_lm_output_kl_13a3f3cf28.log
nope_lm_output_kl,longdoc,fixed_target,,codelion/finepdfs-1B,8k,,perplexity,2.6719144514658244,4,/home/sagemaker-user/atma/benchmarks/logs/foveal_cpt_clamped/longdoc_longdoc_fixed_target_nope_lm_output_kl_13a3f3cf28.log
nope_lm_output_kl,longdoc,fixed_target,,emozilla/pg19,128k,,bits_per_byte,1.1242268875843615,4,/home/sagemaker-user/atma/benchmarks/logs/foveal_cpt_clamped/longdoc_longdoc_fixed_target_nope_lm_output_kl_13a3f3cf28.log
nope_lm_output_kl,longdoc,fixed_target,,emozilla/pg19,128k,,nll_nats_per_token,3.13299959897995,4,/home/sagemaker-user/atma/benchmarks/logs/foveal_cpt_clamped/longdoc_longdoc_fixed_target_nope_lm_output_kl_13a3f3cf28.log
nope_lm_output_kl,longdoc,fixed_target,,emozilla/pg19,128k,,perplexity,22.94269531650356,4,/home/sagemaker-user/atma/benchmarks/logs/foveal_cpt_clamped/longdoc_longdoc_fixed_target_nope_lm_output_kl_13a3f3cf28.log
nope_lm_output_kl,longdoc,fixed_target,,emozilla/pg19,16k,,bits_per_byte,1.1160031342252514,4,/home/sagemaker-user/atma/benchmarks/logs/foveal_cpt_clamped/longdoc_longdoc_fixed_target_nope_lm_output_kl_13a3f3cf28.log
nope_lm_output_kl,longdoc,fixed_target,,emozilla/pg19,16k,,nll_nats_per_token,3.1100816130638123,4,/home/sagemaker-user/atma/benchmarks/logs/foveal_cpt_clamped/longdoc_longdoc_fixed_target_nope_lm_output_kl_13a3f3cf28.log
nope_lm_output_kl,longdoc,fixed_target,,emozilla/pg19,16k,,perplexity,22.422874325545628,4,/home/sagemaker-user/atma/benchmarks/logs/foveal_cpt_clamped/longdoc_longdoc_fixed_target_nope_lm_output_kl_13a3f3cf28.log
nope_lm_output_kl,longdoc,fixed_target,,emozilla/pg19,256k,,bits_per_byte,1.1225533270405639,4,/home/sagemaker-user/atma/benchmarks/logs/foveal_cpt_clamped/longdoc_longdoc_fixed_target_nope_lm_output_kl_13a3f3cf28.log
nope_lm_output_kl,longdoc,fixed_target,,emozilla/pg19,256k,,nll_nats_per_token,3.12833571434021,4,/home/sagemaker-user/atma/benchmarks/logs/foveal_cpt_clamped/longdoc_longdoc_fixed_target_nope_lm_output_kl_13a3f3cf28.log
nope_lm_output_kl,longdoc,fixed_target,,emozilla/pg19,256k,,perplexity,22.835942367448197,4,/home/sagemaker-user/atma/benchmarks/logs/foveal_cpt_clamped/longdoc_longdoc_fixed_target_nope_lm_output_kl_13a3f3cf28.log
nope_lm_output_kl,longdoc,fixed_target,,emozilla/pg19,2k,,bits_per_byte,1.124389181057675,4,/home/sagemaker-user/atma/benchmarks/logs/foveal_cpt_clamped/longdoc_longdoc_fixed_target_nope_lm_output_kl_13a3f3cf28.log
nope_lm_output_kl,longdoc,fixed_target,,emozilla/pg19,2k,,nll_nats_per_token,3.1334518790245056,4,/home/sagemaker-user/atma/benchmarks/logs/foveal_cpt_clamped/longdoc_longdoc_fixed_target_nope_lm_output_kl_13a3f3cf28.log
nope_lm_output_kl,longdoc,fixed_target,,emozilla/pg19,2k,,perplexity,22.95307418666454,4,/home/sagemaker-user/atma/benchmarks/logs/foveal_cpt_clamped/longdoc_longdoc_fixed_target_nope_lm_output_kl_13a3f3cf28.log
nope_lm_output_kl,longdoc,fixed_target,,emozilla/pg19,32k,,bits_per_byte,1.1230507946072206,4,/home/sagemaker-user/atma/benchmarks/logs/foveal_cpt_clamped/longdoc_longdoc_fixed_target_nope_lm_output_kl_13a3f3cf28.log
nope_lm_output_kl,longdoc,fixed_target,,emozilla/pg19,32k,,nll_nats_per_token,3.1297220587730408,4,/home/sagemaker-user/atma/benchmarks/logs/foveal_cpt_clamped/longdoc_longdoc_fixed_target_nope_lm_output_kl_13a3f3cf28.log
nope_lm_output_kl,longdoc,fixed_target,,emozilla/pg19,32k,,perplexity,22.867622803942115,4,/home/sagemaker-user/atma/benchmarks/logs/foveal_cpt_clamped/longdoc_longdoc_fixed_target_nope_lm_output_kl_13a3f3cf28.log
nope_lm_output_kl,longdoc,fixed_target,,emozilla/pg19,4k,,bits_per_byte,1.1205393950768519,4,/home/sagemaker-user/atma/benchmarks/logs/foveal_cpt_clamped/longdoc_longdoc_fixed_target_nope_lm_output_kl_13a3f3cf28.log
nope_lm_output_kl,longdoc,fixed_target,,emozilla/pg19,4k,,nll_nats_per_token,3.1227232813835144,4,/home/sagemaker-user/atma/benchmarks/logs/foveal_cpt_clamped/longdoc_longdoc_fixed_target_nope_lm_output_kl_13a3f3cf28.log
nope_lm_output_kl,longdoc,fixed_target,,emozilla/pg19,4k,,perplexity,22.708136159280095,4,/home/sagemaker-user/atma/benchmarks/logs/foveal_cpt_clamped/longdoc_longdoc_fixed_target_nope_lm_output_kl_13a3f3cf28.log
nope_lm_output_kl,longdoc,fixed_target,,emozilla/pg19,64k,,bits_per_byte,1.124055247478492,4,/home/sagemaker-user/atma/benchmarks/logs/foveal_cpt_clamped/longdoc_longdoc_fixed_target_nope_lm_output_kl_13a3f3cf28.log
nope_lm_output_kl,longdoc,fixed_target,,emozilla/pg19,64k,,nll_nats_per_token,3.1325212717056274,4,/home/sagemaker-user/atma/benchmarks/logs/foveal_cpt_clamped/longdoc_longdoc_fixed_target_nope_lm_output_kl_13a3f3cf28.log
nope_lm_output_kl,longdoc,fixed_target,,emozilla/pg19,64k,,perplexity,22.931723823778498,4,/home/sagemaker-user/atma/benchmarks/logs/foveal_cpt_clamped/longdoc_longdoc_fixed_target_nope_lm_output_kl_13a3f3cf28.log
nope_lm_output_kl,longdoc,fixed_target,,emozilla/pg19,8k,,bits_per_byte,1.1197627476594891,4,/home/sagemaker-user/atma/benchmarks/logs/foveal_cpt_clamped/longdoc_longdoc_fixed_target_nope_lm_output_kl_13a3f3cf28.log
nope_lm_output_kl,longdoc,fixed_target,,emozilla/pg19,8k,,nll_nats_per_token,3.1205589175224304,4,/home/sagemaker-user/atma/benchmarks/logs/foveal_cpt_clamped/longdoc_longdoc_fixed_target_nope_lm_output_kl_13a3f3cf28.log
nope_lm_output_kl,longdoc,fixed_target,,emozilla/pg19,8k,,perplexity,22.659040639474323,4,/home/sagemaker-user/atma/benchmarks/logs/foveal_cpt_clamped/longdoc_longdoc_fixed_target_nope_lm_output_kl_13a3f3cf28.log
nope_lm_output_kl,longdoc,fixed_target,,hoskinson-center/proof-pile,128k,,bits_per_byte,2.267688439632355,4,/home/sagemaker-user/atma/benchmarks/logs/foveal_cpt_clamped/longdoc_longdoc_fixed_target_nope_lm_output_kl_13a3f3cf28.log
nope_lm_output_kl,longdoc,fixed_target,,hoskinson-center/proof-pile,128k,,nll_nats_per_token,4.239674985408783,4,/home/sagemaker-user/atma/benchmarks/logs/foveal_cpt_clamped/longdoc_longdoc_fixed_target_nope_lm_output_kl_13a3f3cf28.log
nope_lm_output_kl,longdoc,fixed_target,,hoskinson-center/proof-pile,128k,,perplexity,69.38529693969676,4,/home/sagemaker-user/atma/benchmarks/logs/foveal_cpt_clamped/longdoc_longdoc_fixed_target_nope_lm_output_kl_13a3f3cf28.log
nope_lm_output_kl,longdoc,fixed_target,,hoskinson-center/proof-pile,16k,,bits_per_byte,2.3122369963437355,4,/home/sagemaker-user/atma/benchmarks/logs/foveal_cpt_clamped/longdoc_longdoc_fixed_target_nope_lm_output_kl_13a3f3cf28.log
nope_lm_output_kl,longdoc,fixed_target,,hoskinson-center/proof-pile,16k,,nll_nats_per_token,4.322963058948517,4,/home/sagemaker-user/atma/benchmarks/logs/foveal_cpt_clamped/longdoc_longdoc_fixed_target_nope_lm_output_kl_13a3f3cf28.log
nope_lm_output_kl,longdoc,fixed_target,,hoskinson-center/proof-pile,16k,,perplexity,75.41174702364435,4,/home/sagemaker-user/atma/benchmarks/logs/foveal_cpt_clamped/longdoc_longdoc_fixed_target_nope_lm_output_kl_13a3f3cf28.log
nope_lm_output_kl,longdoc,fixed_target,,hoskinson-center/proof-pile,256k,,bits_per_byte,2.296858052158037,4,/home/sagemaker-user/atma/benchmarks/logs/foveal_cpt_clamped/longdoc_longdoc_fixed_target_nope_lm_output_kl_13a3f3cf28.log
nope_lm_output_kl,longdoc,fixed_target,,hoskinson-center/proof-pile,256k,,nll_nats_per_token,4.2942105531692505,4,/home/sagemaker-user/atma/benchmarks/logs/foveal_cpt_clamped/longdoc_longdoc_fixed_target_nope_lm_output_kl_13a3f3cf28.log
nope_lm_output_kl,longdoc,fixed_target,,hoskinson-center/proof-pile,256k,,perplexity,73.27434540600876,4,/home/sagemaker-user/atma/benchmarks/logs/foveal_cpt_clamped/longdoc_longdoc_fixed_target_nope_lm_output_kl_13a3f3cf28.log
nope_lm_output_kl,longdoc,fixed_target,,hoskinson-center/proof-pile,2k,,bits_per_byte,2.3280939950127943,4,/home/sagemaker-user/atma/benchmarks/logs/foveal_cpt_clamped/longdoc_longdoc_fixed_target_nope_lm_output_kl_13a3f3cf28.log
nope_lm_output_kl,longdoc,fixed_target,,hoskinson-center/proof-pile,2k,,nll_nats_per_token,4.35260933637619,4,/home/sagemaker-user/atma/benchmarks/logs/foveal_cpt_clamped/longdoc_longdoc_fixed_target_nope_lm_output_kl_13a3f3cf28.log
nope_lm_output_kl,longdoc,fixed_target,,hoskinson-center/proof-pile,2k,,perplexity,77.6808942878453,4,/home/sagemaker-user/atma/benchmarks/logs/foveal_cpt_clamped/longdoc_longdoc_fixed_target_nope_lm_output_kl_13a3f3cf28.log
nope_lm_output_kl,longdoc,fixed_target,,hoskinson-center/proof-pile,32k,,bits_per_byte,2.2846625778246827,4,/home/sagemaker-user/atma/benchmarks/logs/foveal_cpt_clamped/longdoc_longdoc_fixed_target_nope_lm_output_kl_13a3f3cf28.log
nope_lm_output_kl,longdoc,fixed_target,,hoskinson-center/proof-pile,32k,,nll_nats_per_token,4.271409869194031,4,/home/sagemaker-user/atma/benchmarks/logs/foveal_cpt_clamped/longdoc_longdoc_fixed_target_nope_lm_output_kl_13a3f3cf28.log
nope_lm_output_kl,longdoc,fixed_target,,hoskinson-center/proof-pile,32k,,perplexity,71.6225428862944,4,/home/sagemaker-user/atma/benchmarks/logs/foveal_cpt_clamped/longdoc_longdoc_fixed_target_nope_lm_output_kl_13a3f3cf28.log
nope_lm_output_kl,longdoc,fixed_target,,hoskinson-center/proof-pile,4k,,bits_per_byte,2.3340870352189276,4,/home/sagemaker-user/atma/benchmarks/logs/foveal_cpt_clamped/longdoc_longdoc_fixed_target_nope_lm_output_kl_13a3f3cf28.log
nope_lm_output_kl,longdoc,fixed_target,,hoskinson-center/proof-pile,4k,,nll_nats_per_token,4.363813936710358,4,/home/sagemaker-user/atma/benchmarks/logs/foveal_cpt_clamped/longdoc_longdoc_fixed_target_nope_lm_output_kl_13a3f3cf28.log
nope_lm_output_kl,longdoc,fixed_target,,hoskinson-center/proof-pile,4k,,perplexity,78.55617207375849,4,/home/sagemaker-user/atma/benchmarks/logs/foveal_cpt_clamped/longdoc_longdoc_fixed_target_nope_lm_output_kl_13a3f3cf28.log
nope_lm_output_kl,longdoc,fixed_target,,hoskinson-center/proof-pile,64k,,bits_per_byte,2.2917076885843923,4,/home/sagemaker-user/atma/benchmarks/logs/foveal_cpt_clamped/longdoc_longdoc_fixed_target_nope_lm_output_kl_13a3f3cf28.log
nope_lm_output_kl,longdoc,fixed_target,,hoskinson-center/proof-pile,64k,,nll_nats_per_token,4.284581422805786,4,/home/sagemaker-user/atma/benchmarks/logs/foveal_cpt_clamped/longdoc_longdoc_fixed_target_nope_lm_output_kl_13a3f3cf28.log
nope_lm_output_kl,longdoc,fixed_target,,hoskinson-center/proof-pile,64k,,perplexity,72.57216330880073,4,/home/sagemaker-user/atma/benchmarks/logs/foveal_cpt_clamped/longdoc_longdoc_fixed_target_nope_lm_output_kl_13a3f3cf28.log
nope_lm_output_kl,longdoc,fixed_target,,hoskinson-center/proof-pile,8k,,bits_per_byte,2.355147861774308,4,/home/sagemaker-user/atma/benchmarks/logs/foveal_cpt_clamped/longdoc_longdoc_fixed_target_nope_lm_output_kl_13a3f3cf28.log
nope_lm_output_kl,longdoc,fixed_target,,hoskinson-center/proof-pile,8k,,nll_nats_per_token,4.403189301490784,4,/home/sagemaker-user/atma/benchmarks/logs/foveal_cpt_clamped/longdoc_longdoc_fixed_target_nope_lm_output_kl_13a3f3cf28.log
nope_lm_output_kl,longdoc,fixed_target,,hoskinson-center/proof-pile,8k,,perplexity,81.71105472718168,4,/home/sagemaker-user/atma/benchmarks/logs/foveal_cpt_clamped/longdoc_longdoc_fixed_target_nope_lm_output_kl_13a3f3cf28.log
nope_lm_output_kl,retrieval,real,niah,codelion/finepdfs-1B,128k,0.1,exact_match,0.0,10,/home/sagemaker-user/atma/benchmarks/logs/foveal_cpt_clamped/retrieval_retrieval_real_nope_lm_output_kl_563dabe963.log
nope_lm_output_kl,retrieval,real,niah,codelion/finepdfs-1B,128k,0.1,nll_nats_per_token,4.967654838562011,10,/home/sagemaker-user/atma/benchmarks/logs/foveal_cpt_clamped/retrieval_retrieval_real_nope_lm_output_kl_563dabe963.log
nope_lm_output_kl,retrieval,real,niah,codelion/finepdfs-1B,128k,0.1,token_accuracy,0.0,10,/home/sagemaker-user/atma/benchmarks/logs/foveal_cpt_clamped/retrieval_retrieval_real_nope_lm_output_kl_563dabe963.log
nope_lm_output_kl,retrieval,real,niah,codelion/finepdfs-1B,128k,0.5,exact_match,0.0,10,/home/sagemaker-user/atma/benchmarks/logs/foveal_cpt_clamped/retrieval_retrieval_real_nope_lm_output_kl_563dabe963.log
nope_lm_output_kl,retrieval,real,niah,codelion/finepdfs-1B,128k,0.5,nll_nats_per_token,4.993973007202149,10,/home/sagemaker-user/atma/benchmarks/logs/foveal_cpt_clamped/retrieval_retrieval_real_nope_lm_output_kl_563dabe963.log
nope_lm_output_kl,retrieval,real,niah,codelion/finepdfs-1B,128k,0.5,token_accuracy,0.0,10,/home/sagemaker-user/atma/benchmarks/logs/foveal_cpt_clamped/retrieval_retrieval_real_nope_lm_output_kl_563dabe963.log
nope_lm_output_kl,retrieval,real,niah,codelion/finepdfs-1B,128k,0.9,exact_match,0.0,10,/home/sagemaker-user/atma/benchmarks/logs/foveal_cpt_clamped/retrieval_retrieval_real_nope_lm_output_kl_563dabe963.log
nope_lm_output_kl,retrieval,real,niah,codelion/finepdfs-1B,128k,0.9,nll_nats_per_token,4.911099739074707,10,/home/sagemaker-user/atma/benchmarks/logs/foveal_cpt_clamped/retrieval_retrieval_real_nope_lm_output_kl_563dabe963.log
nope_lm_output_kl,retrieval,real,niah,codelion/finepdfs-1B,128k,0.9,token_accuracy,0.0,10,/home/sagemaker-user/atma/benchmarks/logs/foveal_cpt_clamped/retrieval_retrieval_real_nope_lm_output_kl_563dabe963.log
nope_lm_output_kl,retrieval,real,niah,codelion/finepdfs-1B,16k,0.1,exact_match,0.0,10,/home/sagemaker-user/atma/benchmarks/logs/foveal_cpt_clamped/retrieval_retrieval_real_nope_lm_output_kl_563dabe963.log
nope_lm_output_kl,retrieval,real,niah,codelion/finepdfs-1B,16k,0.1,nll_nats_per_token,5.9299658203125,10,/home/sagemaker-user/atma/benchmarks/logs/foveal_cpt_clamped/retrieval_retrieval_real_nope_lm_output_kl_563dabe963.log
nope_lm_output_kl,retrieval,real,niah,codelion/finepdfs-1B,16k,0.1,token_accuracy,0.0,10,/home/sagemaker-user/atma/benchmarks/logs/foveal_cpt_clamped/retrieval_retrieval_real_nope_lm_output_kl_563dabe963.log
nope_lm_output_kl,retrieval,real,niah,codelion/finepdfs-1B,16k,0.5,exact_match,0.0,10,/home/sagemaker-user/atma/benchmarks/logs/foveal_cpt_clamped/retrieval_retrieval_real_nope_lm_output_kl_563dabe963.log
nope_lm_output_kl,retrieval,real,niah,codelion/finepdfs-1B,16k,0.5,nll_nats_per_token,5.800167427062989,10,/home/sagemaker-user/atma/benchmarks/logs/foveal_cpt_clamped/retrieval_retrieval_real_nope_lm_output_kl_563dabe963.log
nope_lm_output_kl,retrieval,real,niah,codelion/finepdfs-1B,16k,0.5,token_accuracy,0.0,10,/home/sagemaker-user/atma/benchmarks/logs/foveal_cpt_clamped/retrieval_retrieval_real_nope_lm_output_kl_563dabe963.log
nope_lm_output_kl,retrieval,real,niah,codelion/finepdfs-1B,16k,0.9,exact_match,0.0,10,/home/sagemaker-user/atma/benchmarks/logs/foveal_cpt_clamped/retrieval_retrieval_real_nope_lm_output_kl_563dabe963.log
nope_lm_output_kl,retrieval,real,niah,codelion/finepdfs-1B,16k,0.9,nll_nats_per_token,5.519380302429199,10,/home/sagemaker-user/atma/benchmarks/logs/foveal_cpt_clamped/retrieval_retrieval_real_nope_lm_output_kl_563dabe963.log
nope_lm_output_kl,retrieval,real,niah,codelion/finepdfs-1B,16k,0.9,token_accuracy,0.0,10,/home/sagemaker-user/atma/benchmarks/logs/foveal_cpt_clamped/retrieval_retrieval_real_nope_lm_output_kl_563dabe963.log
nope_lm_output_kl,retrieval,real,niah,codelion/finepdfs-1B,256k,0.1,exact_match,0.0,10,/home/sagemaker-user/atma/benchmarks/logs/foveal_cpt_clamped/retrieval_retrieval_real_nope_lm_output_kl_563dabe963.log
nope_lm_output_kl,retrieval,real,niah,codelion/finepdfs-1B,256k,0.1,nll_nats_per_token,5.955992889404297,10,/home/sagemaker-user/atma/benchmarks/logs/foveal_cpt_clamped/retrieval_retrieval_real_nope_lm_output_kl_563dabe963.log
nope_lm_output_kl,retrieval,real,niah,codelion/finepdfs-1B,256k,0.1,token_accuracy,0.0,10,/home/sagemaker-user/atma/benchmarks/logs/foveal_cpt_clamped/retrieval_retrieval_real_nope_lm_output_kl_563dabe963.log
nope_lm_output_kl,retrieval,real,niah,codelion/finepdfs-1B,256k,0.5,exact_match,0.0,10,/home/sagemaker-user/atma/benchmarks/logs/foveal_cpt_clamped/retrieval_retrieval_real_nope_lm_output_kl_563dabe963.log
nope_lm_output_kl,retrieval,real,niah,codelion/finepdfs-1B,256k,0.5,nll_nats_per_token,5.937999496459961,10,/home/sagemaker-user/atma/benchmarks/logs/foveal_cpt_clamped/retrieval_retrieval_real_nope_lm_output_kl_563dabe963.log
nope_lm_output_kl,retrieval,real,niah,codelion/finepdfs-1B,256k,0.5,token_accuracy,0.0,10,/home/sagemaker-user/atma/benchmarks/logs/foveal_cpt_clamped/retrieval_retrieval_real_nope_lm_output_kl_563dabe963.log
nope_lm_output_kl,retrieval,real,niah,codelion/finepdfs-1B,256k,0.9,exact_match,0.0,10,/home/sagemaker-user/atma/benchmarks/logs/foveal_cpt_clamped/retrieval_retrieval_real_nope_lm_output_kl_563dabe963.log
nope_lm_output_kl,retrieval,real,niah,codelion/finepdfs-1B,256k,0.9,nll_nats_per_token,5.862222671508789,10,/home/sagemaker-user/atma/benchmarks/logs/foveal_cpt_clamped/retrieval_retrieval_real_nope_lm_output_kl_563dabe963.log
nope_lm_output_kl,retrieval,real,niah,codelion/finepdfs-1B,256k,0.9,token_accuracy,0.0,10,/home/sagemaker-user/atma/benchmarks/logs/foveal_cpt_clamped/retrieval_retrieval_real_nope_lm_output_kl_563dabe963.log
nope_lm_output_kl,retrieval,real,niah,codelion/finepdfs-1B,2k,0.1,exact_match,80.0,10,/home/sagemaker-user/atma/benchmarks/logs/foveal_cpt_clamped/retrieval_retrieval_real_nope_lm_output_kl_563dabe963.log
nope_lm_output_kl,retrieval,real,niah,codelion/finepdfs-1B,2k,0.1,nll_nats_per_token,0.594279432296753,10,/home/sagemaker-user/atma/benchmarks/logs/foveal_cpt_clamped/retrieval_retrieval_real_nope_lm_output_kl_563dabe963.log
nope_lm_output_kl,retrieval,real,niah,codelion/finepdfs-1B,2k,0.1,token_accuracy,96.0,10,/home/sagemaker-user/atma/benchmarks/logs/foveal_cpt_clamped/retrieval_retrieval_real_nope_lm_output_kl_563dabe963.log
nope_lm_output_kl,retrieval,real,niah,codelion/finepdfs-1B,2k,0.5,exact_match,0.0,10,/home/sagemaker-user/atma/benchmarks/logs/foveal_cpt_clamped/retrieval_retrieval_real_nope_lm_output_kl_563dabe963.log
nope_lm_output_kl,retrieval,real,niah,codelion/finepdfs-1B,2k,0.5,nll_nats_per_token,1.54679612159729,10,/home/sagemaker-user/atma/benchmarks/logs/foveal_cpt_clamped/retrieval_retrieval_real_nope_lm_output_kl_563dabe963.log
nope_lm_output_kl,retrieval,real,niah,codelion/finepdfs-1B,2k,0.5,token_accuracy,80.0,10,/home/sagemaker-user/atma/benchmarks/logs/foveal_cpt_clamped/retrieval_retrieval_real_nope_lm_output_kl_563dabe963.log
nope_lm_output_kl,retrieval,real,niah,codelion/finepdfs-1B,2k,0.9,exact_match,100.0,10,/home/sagemaker-user/atma/benchmarks/logs/foveal_cpt_clamped/retrieval_retrieval_real_nope_lm_output_kl_563dabe963.log
nope_lm_output_kl,retrieval,real,niah,codelion/finepdfs-1B,2k,0.9,nll_nats_per_token,0.2733331727981567,10,/home/sagemaker-user/atma/benchmarks/logs/foveal_cpt_clamped/retrieval_retrieval_real_nope_lm_output_kl_563dabe963.log
nope_lm_output_kl,retrieval,real,niah,codelion/finepdfs-1B,2k,0.9,token_accuracy,100.0,10,/home/sagemaker-user/atma/benchmarks/logs/foveal_cpt_clamped/retrieval_retrieval_real_nope_lm_output_kl_563dabe963.log
nope_lm_output_kl,retrieval,real,niah,codelion/finepdfs-1B,32k,0.1,exact_match,0.0,10,/home/sagemaker-user/atma/benchmarks/logs/foveal_cpt_clamped/retrieval_retrieval_real_nope_lm_output_kl_563dabe963.log
nope_lm_output_kl,retrieval,real,niah,codelion/finepdfs-1B,32k,0.1,nll_nats_per_token,5.23340763092041,10,/home/sagemaker-user/atma/benchmarks/logs/foveal_cpt_clamped/retrieval_retrieval_real_nope_lm_output_kl_563dabe963.log
nope_lm_output_kl,retrieval,real,niah,codelion/finepdfs-1B,32k,0.1,token_accuracy,0.0,10,/home/sagemaker-user/atma/benchmarks/logs/foveal_cpt_clamped/retrieval_retrieval_real_nope_lm_output_kl_563dabe963.log
nope_lm_output_kl,retrieval,real,niah,codelion/finepdfs-1B,32k,0.5,exact_match,0.0,10,/home/sagemaker-user/atma/benchmarks/logs/foveal_cpt_clamped/retrieval_retrieval_real_nope_lm_output_kl_563dabe963.log
nope_lm_output_kl,retrieval,real,niah,codelion/finepdfs-1B,32k,0.5,nll_nats_per_token,5.278208770751953,10,/home/sagemaker-user/atma/benchmarks/logs/foveal_cpt_clamped/retrieval_retrieval_real_nope_lm_output_kl_563dabe963.log
nope_lm_output_kl,retrieval,real,niah,codelion/finepdfs-1B,32k,0.5,token_accuracy,0.0,10,/home/sagemaker-user/atma/benchmarks/logs/foveal_cpt_clamped/retrieval_retrieval_real_nope_lm_output_kl_563dabe963.log
nope_lm_output_kl,retrieval,real,niah,codelion/finepdfs-1B,32k,0.9,exact_match,0.0,10,/home/sagemaker-user/atma/benchmarks/logs/foveal_cpt_clamped/retrieval_retrieval_real_nope_lm_output_kl_563dabe963.log
nope_lm_output_kl,retrieval,real,niah,codelion/finepdfs-1B,32k,0.9,nll_nats_per_token,4.708551330566406,10,/home/sagemaker-user/atma/benchmarks/logs/foveal_cpt_clamped/retrieval_retrieval_real_nope_lm_output_kl_563dabe963.log
nope_lm_output_kl,retrieval,real,niah,codelion/finepdfs-1B,32k,0.9,token_accuracy,0.0,10,/home/sagemaker-user/atma/benchmarks/logs/foveal_cpt_clamped/retrieval_retrieval_real_nope_lm_output_kl_563dabe963.log
nope_lm_output_kl,retrieval,real,niah,codelion/finepdfs-1B,4k,0.1,exact_match,0.0,10,/home/sagemaker-user/atma/benchmarks/logs/foveal_cpt_clamped/retrieval_retrieval_real_nope_lm_output_kl_563dabe963.log
nope_lm_output_kl,retrieval,real,niah,codelion/finepdfs-1B,4k,0.1,nll_nats_per_token,5.5376193237304685,10,/home/sagemaker-user/atma/benchmarks/logs/foveal_cpt_clamped/retrieval_retrieval_real_nope_lm_output_kl_563dabe963.log
nope_lm_output_kl,retrieval,real,niah,codelion/finepdfs-1B,4k,0.1,token_accuracy,0.0,10,/home/sagemaker-user/atma/benchmarks/logs/foveal_cpt_clamped/retrieval_retrieval_real_nope_lm_output_kl_563dabe963.log
nope_lm_output_kl,retrieval,real,niah,codelion/finepdfs-1B,4k,0.5,exact_match,100.0,10,/home/sagemaker-user/atma/benchmarks/logs/foveal_cpt_clamped/retrieval_retrieval_real_nope_lm_output_kl_563dabe963.log
nope_lm_output_kl,retrieval,real,niah,codelion/finepdfs-1B,4k,0.5,nll_nats_per_token,0.5943676137924194,10,/home/sagemaker-user/atma/benchmarks/logs/foveal_cpt_clamped/retrieval_retrieval_real_nope_lm_output_kl_563dabe963.log
nope_lm_output_kl,retrieval,real,niah,codelion/finepdfs-1B,4k,0.5,token_accuracy,100.0,10,/home/sagemaker-user/atma/benchmarks/logs/foveal_cpt_clamped/retrieval_retrieval_real_nope_lm_output_kl_563dabe963.log
nope_lm_output_kl,retrieval,real,niah,codelion/finepdfs-1B,4k,0.9,exact_match,100.0,10,/home/sagemaker-user/atma/benchmarks/logs/foveal_cpt_clamped/retrieval_retrieval_real_nope_lm_output_kl_563dabe963.log
nope_lm_output_kl,retrieval,real,niah,codelion/finepdfs-1B,4k,0.9,nll_nats_per_token,0.42659756660461423,10,/home/sagemaker-user/atma/benchmarks/logs/foveal_cpt_clamped/retrieval_retrieval_real_nope_lm_output_kl_563dabe963.log
nope_lm_output_kl,retrieval,real,niah,codelion/finepdfs-1B,4k,0.9,token_accuracy,100.0,10,/home/sagemaker-user/atma/benchmarks/logs/foveal_cpt_clamped/retrieval_retrieval_real_nope_lm_output_kl_563dabe963.log
nope_lm_output_kl,retrieval,real,niah,codelion/finepdfs-1B,64k,0.1,exact_match,0.0,10,/home/sagemaker-user/atma/benchmarks/logs/foveal_cpt_clamped/retrieval_retrieval_real_nope_lm_output_kl_563dabe963.log
nope_lm_output_kl,retrieval,real,niah,codelion/finepdfs-1B,64k,0.1,nll_nats_per_token,6.76395393371582,10,/home/sagemaker-user/atma/benchmarks/logs/foveal_cpt_clamped/retrieval_retrieval_real_nope_lm_output_kl_563dabe963.log
nope_lm_output_kl,retrieval,real,niah,codelion/finepdfs-1B,64k,0.1,token_accuracy,0.0,10,/home/sagemaker-user/atma/benchmarks/logs/foveal_cpt_clamped/retrieval_retrieval_real_nope_lm_output_kl_563dabe963.log
nope_lm_output_kl,retrieval,real,niah,codelion/finepdfs-1B,64k,0.5,exact_match,0.0,10,/home/sagemaker-user/atma/benchmarks/logs/foveal_cpt_clamped/retrieval_retrieval_real_nope_lm_output_kl_563dabe963.log
nope_lm_output_kl,retrieval,real,niah,codelion/finepdfs-1B,64k,0.5,nll_nats_per_token,6.674719619750976,10,/home/sagemaker-user/atma/benchmarks/logs/foveal_cpt_clamped/retrieval_retrieval_real_nope_lm_output_kl_563dabe963.log
nope_lm_output_kl,retrieval,real,niah,codelion/finepdfs-1B,64k,0.5,token_accuracy,0.0,10,/home/sagemaker-user/atma/benchmarks/logs/foveal_cpt_clamped/retrieval_retrieval_real_nope_lm_output_kl_563dabe963.log
nope_lm_output_kl,retrieval,real,niah,codelion/finepdfs-1B,64k,0.9,exact_match,30.0,10,/home/sagemaker-user/atma/benchmarks/logs/foveal_cpt_clamped/retrieval_retrieval_real_nope_lm_output_kl_563dabe963.log
nope_lm_output_kl,retrieval,real,niah,codelion/finepdfs-1B,64k,0.9,nll_nats_per_token,0.8208549880981445,10,/home/sagemaker-user/atma/benchmarks/logs/foveal_cpt_clamped/retrieval_retrieval_real_nope_lm_output_kl_563dabe963.log
nope_lm_output_kl,retrieval,real,niah,codelion/finepdfs-1B,64k,0.9,token_accuracy,86.0,10,/home/sagemaker-user/atma/benchmarks/logs/foveal_cpt_clamped/retrieval_retrieval_real_nope_lm_output_kl_563dabe963.log
nope_lm_output_kl,retrieval,real,niah,codelion/finepdfs-1B,8k,0.1,exact_match,0.0,10,/home/sagemaker-user/atma/benchmarks/logs/foveal_cpt_clamped/retrieval_retrieval_real_nope_lm_output_kl_563dabe963.log
nope_lm_output_kl,retrieval,real,niah,codelion/finepdfs-1B,8k,0.1,nll_nats_per_token,4.994707107543945,10,/home/sagemaker-user/atma/benchmarks/logs/foveal_cpt_clamped/retrieval_retrieval_real_nope_lm_output_kl_563dabe963.log
nope_lm_output_kl,retrieval,real,niah,codelion/finepdfs-1B,8k,0.1,token_accuracy,0.0,10,/home/sagemaker-user/atma/benchmarks/logs/foveal_cpt_clamped/retrieval_retrieval_real_nope_lm_output_kl_563dabe963.log
nope_lm_output_kl,retrieval,real,niah,codelion/finepdfs-1B,8k,0.5,exact_match,0.0,10,/home/sagemaker-user/atma/benchmarks/logs/foveal_cpt_clamped/retrieval_retrieval_real_nope_lm_output_kl_563dabe963.log
nope_lm_output_kl,retrieval,real,niah,codelion/finepdfs-1B,8k,0.5,nll_nats_per_token,3.260714817047119,10,/home/sagemaker-user/atma/benchmarks/logs/foveal_cpt_clamped/retrieval_retrieval_real_nope_lm_output_kl_563dabe963.log
nope_lm_output_kl,retrieval,real,niah,codelion/finepdfs-1B,8k,0.5,token_accuracy,36.0,10,/home/sagemaker-user/atma/benchmarks/logs/foveal_cpt_clamped/retrieval_retrieval_real_nope_lm_output_kl_563dabe963.log
nope_lm_output_kl,retrieval,real,niah,codelion/finepdfs-1B,8k,0.9,exact_match,100.0,10,/home/sagemaker-user/atma/benchmarks/logs/foveal_cpt_clamped/retrieval_retrieval_real_nope_lm_output_kl_563dabe963.log
nope_lm_output_kl,retrieval,real,niah,codelion/finepdfs-1B,8k,0.9,nll_nats_per_token,0.1933782970905304,10,/home/sagemaker-user/atma/benchmarks/logs/foveal_cpt_clamped/retrieval_retrieval_real_nope_lm_output_kl_563dabe963.log
nope_lm_output_kl,retrieval,real,niah,codelion/finepdfs-1B,8k,0.9,token_accuracy,100.0,10,/home/sagemaker-user/atma/benchmarks/logs/foveal_cpt_clamped/retrieval_retrieval_real_nope_lm_output_kl_563dabe963.log
nope_lm_output_kl,retrieval,real,passkey,codelion/finepdfs-1B,128k,0.1,exact_match,0.0,10,/home/sagemaker-user/atma/benchmarks/logs/foveal_cpt_clamped/retrieval_retrieval_real_nope_lm_output_kl_563dabe963.log
nope_lm_output_kl,retrieval,real,passkey,codelion/finepdfs-1B,128k,0.1,nll_nats_per_token,5.373274726867676,10,/home/sagemaker-user/atma/benchmarks/logs/foveal_cpt_clamped/retrieval_retrieval_real_nope_lm_output_kl_563dabe963.log
nope_lm_output_kl,retrieval,real,passkey,codelion/finepdfs-1B,128k,0.1,token_accuracy,0.0,10,/home/sagemaker-user/atma/benchmarks/logs/foveal_cpt_clamped/retrieval_retrieval_real_nope_lm_output_kl_563dabe963.log
nope_lm_output_kl,retrieval,real,passkey,codelion/finepdfs-1B,128k,0.5,exact_match,0.0,10,/home/sagemaker-user/atma/benchmarks/logs/foveal_cpt_clamped/retrieval_retrieval_real_nope_lm_output_kl_563dabe963.log
nope_lm_output_kl,retrieval,real,passkey,codelion/finepdfs-1B,128k,0.5,nll_nats_per_token,5.377735061645508,10,/home/sagemaker-user/atma/benchmarks/logs/foveal_cpt_clamped/retrieval_retrieval_real_nope_lm_output_kl_563dabe963.log
nope_lm_output_kl,retrieval,real,passkey,codelion/finepdfs-1B,128k,0.5,token_accuracy,0.0,10,/home/sagemaker-user/atma/benchmarks/logs/foveal_cpt_clamped/retrieval_retrieval_real_nope_lm_output_kl_563dabe963.log
nope_lm_output_kl,retrieval,real,passkey,codelion/finepdfs-1B,128k,0.9,exact_match,0.0,10,/home/sagemaker-user/atma/benchmarks/logs/foveal_cpt_clamped/retrieval_retrieval_real_nope_lm_output_kl_563dabe963.log
nope_lm_output_kl,retrieval,real,passkey,codelion/finepdfs-1B,128k,0.9,nll_nats_per_token,5.030817642211914,10,/home/sagemaker-user/atma/benchmarks/logs/foveal_cpt_clamped/retrieval_retrieval_real_nope_lm_output_kl_563dabe963.log
nope_lm_output_kl,retrieval,real,passkey,codelion/finepdfs-1B,128k,0.9,token_accuracy,0.0,10,/home/sagemaker-user/atma/benchmarks/logs/foveal_cpt_clamped/retrieval_retrieval_real_nope_lm_output_kl_563dabe963.log
nope_lm_output_kl,retrieval,real,passkey,codelion/finepdfs-1B,16k,0.1,exact_match,0.0,10,/home/sagemaker-user/atma/benchmarks/logs/foveal_cpt_clamped/retrieval_retrieval_real_nope_lm_output_kl_563dabe963.log
nope_lm_output_kl,retrieval,real,passkey,codelion/finepdfs-1B,16k,0.1,nll_nats_per_token,5.590020065307617,10,/home/sagemaker-user/atma/benchmarks/logs/foveal_cpt_clamped/retrieval_retrieval_real_nope_lm_output_kl_563dabe963.log
nope_lm_output_kl,retrieval,real,passkey,codelion/finepdfs-1B,16k,0.1,token_accuracy,0.0,10,/home/sagemaker-user/atma/benchmarks/logs/foveal_cpt_clamped/retrieval_retrieval_real_nope_lm_output_kl_563dabe963.log
nope_lm_output_kl,retrieval,real,passkey,codelion/finepdfs-1B,16k,0.5,exact_match,0.0,10,/home/sagemaker-user/atma/benchmarks/logs/foveal_cpt_clamped/retrieval_retrieval_real_nope_lm_output_kl_563dabe963.log
nope_lm_output_kl,retrieval,real,passkey,codelion/finepdfs-1B,16k,0.5,nll_nats_per_token,5.704060401916504,10,/home/sagemaker-user/atma/benchmarks/logs/foveal_cpt_clamped/retrieval_retrieval_real_nope_lm_output_kl_563dabe963.log
nope_lm_output_kl,retrieval,real,passkey,codelion/finepdfs-1B,16k,0.5,token_accuracy,0.0,10,/home/sagemaker-user/atma/benchmarks/logs/foveal_cpt_clamped/retrieval_retrieval_real_nope_lm_output_kl_563dabe963.log
nope_lm_output_kl,retrieval,real,passkey,codelion/finepdfs-1B,16k,0.9,exact_match,0.0,10,/home/sagemaker-user/atma/benchmarks/logs/foveal_cpt_clamped/retrieval_retrieval_real_nope_lm_output_kl_563dabe963.log
nope_lm_output_kl,retrieval,real,passkey,codelion/finepdfs-1B,16k,0.9,nll_nats_per_token,5.3210302734375,10,/home/sagemaker-user/atma/benchmarks/logs/foveal_cpt_clamped/retrieval_retrieval_real_nope_lm_output_kl_563dabe963.log
nope_lm_output_kl,retrieval,real,passkey,codelion/finepdfs-1B,16k,0.9,token_accuracy,0.0,10,/home/sagemaker-user/atma/benchmarks/logs/foveal_cpt_clamped/retrieval_retrieval_real_nope_lm_output_kl_563dabe963.log
nope_lm_output_kl,retrieval,real,passkey,codelion/finepdfs-1B,256k,0.1,exact_match,0.0,10,/home/sagemaker-user/atma/benchmarks/logs/foveal_cpt_clamped/retrieval_retrieval_real_nope_lm_output_kl_563dabe963.log
nope_lm_output_kl,retrieval,real,passkey,codelion/finepdfs-1B,256k,0.1,nll_nats_per_token,6.24863597869873,10,/home/sagemaker-user/atma/benchmarks/logs/foveal_cpt_clamped/retrieval_retrieval_real_nope_lm_output_kl_563dabe963.log
nope_lm_output_kl,retrieval,real,passkey,codelion/finepdfs-1B,256k,0.1,token_accuracy,0.0,10,/home/sagemaker-user/atma/benchmarks/logs/foveal_cpt_clamped/retrieval_retrieval_real_nope_lm_output_kl_563dabe963.log
nope_lm_output_kl,retrieval,real,passkey,codelion/finepdfs-1B,256k,0.5,exact_match,0.0,10,/home/sagemaker-user/atma/benchmarks/logs/foveal_cpt_clamped/retrieval_retrieval_real_nope_lm_output_kl_563dabe963.log
nope_lm_output_kl,retrieval,real,passkey,codelion/finepdfs-1B,256k,0.5,nll_nats_per_token,6.229701232910156,10,/home/sagemaker-user/atma/benchmarks/logs/foveal_cpt_clamped/retrieval_retrieval_real_nope_lm_output_kl_563dabe963.log
nope_lm_output_kl,retrieval,real,passkey,codelion/finepdfs-1B,256k,0.5,token_accuracy,0.0,10,/home/sagemaker-user/atma/benchmarks/logs/foveal_cpt_clamped/retrieval_retrieval_real_nope_lm_output_kl_563dabe963.log
nope_lm_output_kl,retrieval,real,passkey,codelion/finepdfs-1B,256k,0.9,exact_match,0.0,10,/home/sagemaker-user/atma/benchmarks/logs/foveal_cpt_clamped/retrieval_retrieval_real_nope_lm_output_kl_563dabe963.log
nope_lm_output_kl,retrieval,real,passkey,codelion/finepdfs-1B,256k,0.9,nll_nats_per_token,6.255118370056152,10,/home/sagemaker-user/atma/benchmarks/logs/foveal_cpt_clamped/retrieval_retrieval_real_nope_lm_output_kl_563dabe963.log
nope_lm_output_kl,retrieval,real,passkey,codelion/finepdfs-1B,256k,0.9,token_accuracy,0.0,10,/home/sagemaker-user/atma/benchmarks/logs/foveal_cpt_clamped/retrieval_retrieval_real_nope_lm_output_kl_563dabe963.log
nope_lm_output_kl,retrieval,real,passkey,codelion/finepdfs-1B,2k,0.1,exact_match,90.0,10,/home/sagemaker-user/atma/benchmarks/logs/foveal_cpt_clamped/retrieval_retrieval_real_nope_lm_output_kl_563dabe963.log
nope_lm_output_kl,retrieval,real,passkey,codelion/finepdfs-1B,2k,0.1,nll_nats_per_token,0.5574249315261841,10,/home/sagemaker-user/atma/benchmarks/logs/foveal_cpt_clamped/retrieval_retrieval_real_nope_lm_output_kl_563dabe963.log
nope_lm_output_kl,retrieval,real,passkey,codelion/finepdfs-1B,2k,0.1,token_accuracy,98.0,10,/home/sagemaker-user/atma/benchmarks/logs/foveal_cpt_clamped/retrieval_retrieval_real_nope_lm_output_kl_563dabe963.log
nope_lm_output_kl,retrieval,real,passkey,codelion/finepdfs-1B,2k,0.5,exact_match,100.0,10,/home/sagemaker-user/atma/benchmarks/logs/foveal_cpt_clamped/retrieval_retrieval_real_nope_lm_output_kl_563dabe963.log
nope_lm_output_kl,retrieval,real,passkey,codelion/finepdfs-1B,2k,0.5,nll_nats_per_token,0.458047890663147,10,/home/sagemaker-user/atma/benchmarks/logs/foveal_cpt_clamped/retrieval_retrieval_real_nope_lm_output_kl_563dabe963.log
nope_lm_output_kl,retrieval,real,passkey,codelion/finepdfs-1B,2k,0.5,token_accuracy,100.0,10,/home/sagemaker-user/atma/benchmarks/logs/foveal_cpt_clamped/retrieval_retrieval_real_nope_lm_output_kl_563dabe963.log
nope_lm_output_kl,retrieval,real,passkey,codelion/finepdfs-1B,2k,0.9,exact_match,70.0,10,/home/sagemaker-user/atma/benchmarks/logs/foveal_cpt_clamped/retrieval_retrieval_real_nope_lm_output_kl_563dabe963.log
nope_lm_output_kl,retrieval,real,passkey,codelion/finepdfs-1B,2k,0.9,nll_nats_per_token,0.41858337879180907,10,/home/sagemaker-user/atma/benchmarks/logs/foveal_cpt_clamped/retrieval_retrieval_real_nope_lm_output_kl_563dabe963.log
nope_lm_output_kl,retrieval,real,passkey,codelion/finepdfs-1B,2k,0.9,token_accuracy,94.0,10,/home/sagemaker-user/atma/benchmarks/logs/foveal_cpt_clamped/retrieval_retrieval_real_nope_lm_output_kl_563dabe963.log
nope_lm_output_kl,retrieval,real,passkey,codelion/finepdfs-1B,32k,0.1,exact_match,0.0,10,/home/sagemaker-user/atma/benchmarks/logs/foveal_cpt_clamped/retrieval_retrieval_real_nope_lm_output_kl_563dabe963.log
nope_lm_output_kl,retrieval,real,passkey,codelion/finepdfs-1B,32k,0.1,nll_nats_per_token,6.142242698669434,10,/home/sagemaker-user/atma/benchmarks/logs/foveal_cpt_clamped/retrieval_retrieval_real_nope_lm_output_kl_563dabe963.log
nope_lm_output_kl,retrieval,real,passkey,codelion/finepdfs-1B,32k,0.1,token_accuracy,0.0,10,/home/sagemaker-user/atma/benchmarks/logs/foveal_cpt_clamped/retrieval_retrieval_real_nope_lm_output_kl_563dabe963.log
nope_lm_output_kl,retrieval,real,passkey,codelion/finepdfs-1B,32k,0.5,exact_match,0.0,10,/home/sagemaker-user/atma/benchmarks/logs/foveal_cpt_clamped/retrieval_retrieval_real_nope_lm_output_kl_563dabe963.log
nope_lm_output_kl,retrieval,real,passkey,codelion/finepdfs-1B,32k,0.5,nll_nats_per_token,6.0974355316162105,10,/home/sagemaker-user/atma/benchmarks/logs/foveal_cpt_clamped/retrieval_retrieval_real_nope_lm_output_kl_563dabe963.log
nope_lm_output_kl,retrieval,real,passkey,codelion/finepdfs-1B,32k,0.5,token_accuracy,0.0,10,/home/sagemaker-user/atma/benchmarks/logs/foveal_cpt_clamped/retrieval_retrieval_real_nope_lm_output_kl_563dabe963.log
nope_lm_output_kl,retrieval,real,passkey,codelion/finepdfs-1B,32k,0.9,exact_match,0.0,10,/home/sagemaker-user/atma/benchmarks/logs/foveal_cpt_clamped/retrieval_retrieval_real_nope_lm_output_kl_563dabe963.log
nope_lm_output_kl,retrieval,real,passkey,codelion/finepdfs-1B,32k,0.9,nll_nats_per_token,4.508864402770996,10,/home/sagemaker-user/atma/benchmarks/logs/foveal_cpt_clamped/retrieval_retrieval_real_nope_lm_output_kl_563dabe963.log
nope_lm_output_kl,retrieval,real,passkey,codelion/finepdfs-1B,32k,0.9,token_accuracy,6.0,10,/home/sagemaker-user/atma/benchmarks/logs/foveal_cpt_clamped/retrieval_retrieval_real_nope_lm_output_kl_563dabe963.log
nope_lm_output_kl,retrieval,real,passkey,codelion/finepdfs-1B,4k,0.1,exact_match,0.0,10,/home/sagemaker-user/atma/benchmarks/logs/foveal_cpt_clamped/retrieval_retrieval_real_nope_lm_output_kl_563dabe963.log
nope_lm_output_kl,retrieval,real,passkey,codelion/finepdfs-1B,4k,0.1,nll_nats_per_token,6.111952819824219,10,/home/sagemaker-user/atma/benchmarks/logs/foveal_cpt_clamped/retrieval_retrieval_real_nope_lm_output_kl_563dabe963.log
nope_lm_output_kl,retrieval,real,passkey,codelion/finepdfs-1B,4k,0.1,token_accuracy,0.0,10,/home/sagemaker-user/atma/benchmarks/logs/foveal_cpt_clamped/retrieval_retrieval_real_nope_lm_output_kl_563dabe963.log
nope_lm_output_kl,retrieval,real,passkey,codelion/finepdfs-1B,4k,0.5,exact_match,80.0,10,/home/sagemaker-user/atma/benchmarks/logs/foveal_cpt_clamped/retrieval_retrieval_real_nope_lm_output_kl_563dabe963.log
nope_lm_output_kl,retrieval,real,passkey,codelion/finepdfs-1B,4k,0.5,nll_nats_per_token,0.44162453889846803,10,/home/sagemaker-user/atma/benchmarks/logs/foveal_cpt_clamped/retrieval_retrieval_real_nope_lm_output_kl_563dabe963.log
nope_lm_output_kl,retrieval,real,passkey,codelion/finepdfs-1B,4k,0.5,token_accuracy,96.0,10,/home/sagemaker-user/atma/benchmarks/logs/foveal_cpt_clamped/retrieval_retrieval_real_nope_lm_output_kl_563dabe963.log
nope_lm_output_kl,retrieval,real,passkey,codelion/finepdfs-1B,4k,0.9,exact_match,90.0,10,/home/sagemaker-user/atma/benchmarks/logs/foveal_cpt_clamped/retrieval_retrieval_real_nope_lm_output_kl_563dabe963.log
nope_lm_output_kl,retrieval,real,passkey,codelion/finepdfs-1B,4k,0.9,nll_nats_per_token,0.7162528729438782,10,/home/sagemaker-user/atma/benchmarks/logs/foveal_cpt_clamped/retrieval_retrieval_real_nope_lm_output_kl_563dabe963.log
nope_lm_output_kl,retrieval,real,passkey,codelion/finepdfs-1B,4k,0.9,token_accuracy,98.0,10,/home/sagemaker-user/atma/benchmarks/logs/foveal_cpt_clamped/retrieval_retrieval_real_nope_lm_output_kl_563dabe963.log
nope_lm_output_kl,retrieval,real,passkey,codelion/finepdfs-1B,64k,0.1,exact_match,0.0,10,/home/sagemaker-user/atma/benchmarks/logs/foveal_cpt_clamped/retrieval_retrieval_real_nope_lm_output_kl_563dabe963.log
nope_lm_output_kl,retrieval,real,passkey,codelion/finepdfs-1B,64k,0.1,nll_nats_per_token,7.34760986328125,10,/home/sagemaker-user/atma/benchmarks/logs/foveal_cpt_clamped/retrieval_retrieval_real_nope_lm_output_kl_563dabe963.log
nope_lm_output_kl,retrieval,real,passkey,codelion/finepdfs-1B,64k,0.1,token_accuracy,0.0,10,/home/sagemaker-user/atma/benchmarks/logs/foveal_cpt_clamped/retrieval_retrieval_real_nope_lm_output_kl_563dabe963.log
nope_lm_output_kl,retrieval,real,passkey,codelion/finepdfs-1B,64k,0.5,exact_match,0.0,10,/home/sagemaker-user/atma/benchmarks/logs/foveal_cpt_clamped/retrieval_retrieval_real_nope_lm_output_kl_563dabe963.log
nope_lm_output_kl,retrieval,real,passkey,codelion/finepdfs-1B,64k,0.5,nll_nats_per_token,7.283387069702148,10,/home/sagemaker-user/atma/benchmarks/logs/foveal_cpt_clamped/retrieval_retrieval_real_nope_lm_output_kl_563dabe963.log
nope_lm_output_kl,retrieval,real,passkey,codelion/finepdfs-1B,64k,0.5,token_accuracy,0.0,10,/home/sagemaker-user/atma/benchmarks/logs/foveal_cpt_clamped/retrieval_retrieval_real_nope_lm_output_kl_563dabe963.log
nope_lm_output_kl,retrieval,real,passkey,codelion/finepdfs-1B,64k,0.9,exact_match,50.0,10,/home/sagemaker-user/atma/benchmarks/logs/foveal_cpt_clamped/retrieval_retrieval_real_nope_lm_output_kl_563dabe963.log
nope_lm_output_kl,retrieval,real,passkey,codelion/finepdfs-1B,64k,0.9,nll_nats_per_token,1.5362252807617187,10,/home/sagemaker-user/atma/benchmarks/logs/foveal_cpt_clamped/retrieval_retrieval_real_nope_lm_output_kl_563dabe963.log
nope_lm_output_kl,retrieval,real,passkey,codelion/finepdfs-1B,64k,0.9,token_accuracy,84.0,10,/home/sagemaker-user/atma/benchmarks/logs/foveal_cpt_clamped/retrieval_retrieval_real_nope_lm_output_kl_563dabe963.log
nope_lm_output_kl,retrieval,real,passkey,codelion/finepdfs-1B,8k,0.1,exact_match,0.0,10,/home/sagemaker-user/atma/benchmarks/logs/foveal_cpt_clamped/retrieval_retrieval_real_nope_lm_output_kl_563dabe963.log
nope_lm_output_kl,retrieval,real,passkey,codelion/finepdfs-1B,8k,0.1,nll_nats_per_token,5.6775296020507815,10,/home/sagemaker-user/atma/benchmarks/logs/foveal_cpt_clamped/retrieval_retrieval_real_nope_lm_output_kl_563dabe963.log
nope_lm_output_kl,retrieval,real,passkey,codelion/finepdfs-1B,8k,0.1,token_accuracy,0.0,10,/home/sagemaker-user/atma/benchmarks/logs/foveal_cpt_clamped/retrieval_retrieval_real_nope_lm_output_kl_563dabe963.log
nope_lm_output_kl,retrieval,real,passkey,codelion/finepdfs-1B,8k,0.5,exact_match,0.0,10,/home/sagemaker-user/atma/benchmarks/logs/foveal_cpt_clamped/retrieval_retrieval_real_nope_lm_output_kl_563dabe963.log
nope_lm_output_kl,retrieval,real,passkey,codelion/finepdfs-1B,8k,0.5,nll_nats_per_token,1.801778326034546,10,/home/sagemaker-user/atma/benchmarks/logs/foveal_cpt_clamped/retrieval_retrieval_real_nope_lm_output_kl_563dabe963.log
nope_lm_output_kl,retrieval,real,passkey,codelion/finepdfs-1B,8k,0.5,token_accuracy,66.0,10,/home/sagemaker-user/atma/benchmarks/logs/foveal_cpt_clamped/retrieval_retrieval_real_nope_lm_output_kl_563dabe963.log
nope_lm_output_kl,retrieval,real,passkey,codelion/finepdfs-1B,8k,0.9,exact_match,80.0,10,/home/sagemaker-user/atma/benchmarks/logs/foveal_cpt_clamped/retrieval_retrieval_real_nope_lm_output_kl_563dabe963.log
nope_lm_output_kl,retrieval,real,passkey,codelion/finepdfs-1B,8k,0.9,nll_nats_per_token,0.5832698106765747,10,/home/sagemaker-user/atma/benchmarks/logs/foveal_cpt_clamped/retrieval_retrieval_real_nope_lm_output_kl_563dabe963.log
nope_lm_output_kl,retrieval,real,passkey,codelion/finepdfs-1B,8k,0.9,token_accuracy,96.0,10,/home/sagemaker-user/atma/benchmarks/logs/foveal_cpt_clamped/retrieval_retrieval_real_nope_lm_output_kl_563dabe963.log
nope_lm_output_kl,retrieval,synthetic,niah,synthetic-filler,128k,0.1,exact_match,0.0,10,/home/sagemaker-user/atma/benchmarks/logs/foveal_cpt_clamped/retrieval_retrieval_synthetic_nope_lm_output_kl_326babc639.log
nope_lm_output_kl,retrieval,synthetic,niah,synthetic-filler,128k,0.1,nll_nats_per_token,1.6992654514312744,10,/home/sagemaker-user/atma/benchmarks/logs/foveal_cpt_clamped/retrieval_retrieval_synthetic_nope_lm_output_kl_326babc639.log
nope_lm_output_kl,retrieval,synthetic,niah,synthetic-filler,128k,0.1,token_accuracy,72.0,10,/home/sagemaker-user/atma/benchmarks/logs/foveal_cpt_clamped/retrieval_retrieval_synthetic_nope_lm_output_kl_326babc639.log
nope_lm_output_kl,retrieval,synthetic,niah,synthetic-filler,128k,0.5,exact_match,80.0,10,/home/sagemaker-user/atma/benchmarks/logs/foveal_cpt_clamped/retrieval_retrieval_synthetic_nope_lm_output_kl_326babc639.log
nope_lm_output_kl,retrieval,synthetic,niah,synthetic-filler,128k,0.5,nll_nats_per_token,1.0039314174652099,10,/home/sagemaker-user/atma/benchmarks/logs/foveal_cpt_clamped/retrieval_retrieval_synthetic_nope_lm_output_kl_326babc639.log
nope_lm_output_kl,retrieval,synthetic,niah,synthetic-filler,128k,0.5,token_accuracy,94.0,10,/home/sagemaker-user/atma/benchmarks/logs/foveal_cpt_clamped/retrieval_retrieval_synthetic_nope_lm_output_kl_326babc639.log
nope_lm_output_kl,retrieval,synthetic,niah,synthetic-filler,128k,0.9,exact_match,0.0,10,/home/sagemaker-user/atma/benchmarks/logs/foveal_cpt_clamped/retrieval_retrieval_synthetic_nope_lm_output_kl_326babc639.log
nope_lm_output_kl,retrieval,synthetic,niah,synthetic-filler,128k,0.9,nll_nats_per_token,1.6657115459442138,10,/home/sagemaker-user/atma/benchmarks/logs/foveal_cpt_clamped/retrieval_retrieval_synthetic_nope_lm_output_kl_326babc639.log
nope_lm_output_kl,retrieval,synthetic,niah,synthetic-filler,128k,0.9,token_accuracy,80.0,10,/home/sagemaker-user/atma/benchmarks/logs/foveal_cpt_clamped/retrieval_retrieval_synthetic_nope_lm_output_kl_326babc639.log
nope_lm_output_kl,retrieval,synthetic,niah,synthetic-filler,16k,0.1,exact_match,0.0,10,/home/sagemaker-user/atma/benchmarks/logs/foveal_cpt_clamped/retrieval_retrieval_synthetic_nope_lm_output_kl_326babc639.log
nope_lm_output_kl,retrieval,synthetic,niah,synthetic-filler,16k,0.1,nll_nats_per_token,1.776502676010132,10,/home/sagemaker-user/atma/benchmarks/logs/foveal_cpt_clamped/retrieval_retrieval_synthetic_nope_lm_output_kl_326babc639.log
nope_lm_output_kl,retrieval,synthetic,niah,synthetic-filler,16k,0.1,token_accuracy,80.0,10,/home/sagemaker-user/atma/benchmarks/logs/foveal_cpt_clamped/retrieval_retrieval_synthetic_nope_lm_output_kl_326babc639.log
nope_lm_output_kl,retrieval,synthetic,niah,synthetic-filler,16k,0.5,exact_match,0.0,10,/home/sagemaker-user/atma/benchmarks/logs/foveal_cpt_clamped/retrieval_retrieval_synthetic_nope_lm_output_kl_326babc639.log
nope_lm_output_kl,retrieval,synthetic,niah,synthetic-filler,16k,0.5,nll_nats_per_token,1.711414613723755,10,/home/sagemaker-user/atma/benchmarks/logs/foveal_cpt_clamped/retrieval_retrieval_synthetic_nope_lm_output_kl_326babc639.log
nope_lm_output_kl,retrieval,synthetic,niah,synthetic-filler,16k,0.5,token_accuracy,78.0,10,/home/sagemaker-user/atma/benchmarks/logs/foveal_cpt_clamped/retrieval_retrieval_synthetic_nope_lm_output_kl_326babc639.log
nope_lm_output_kl,retrieval,synthetic,niah,synthetic-filler,16k,0.9,exact_match,0.0,10,/home/sagemaker-user/atma/benchmarks/logs/foveal_cpt_clamped/retrieval_retrieval_synthetic_nope_lm_output_kl_326babc639.log
nope_lm_output_kl,retrieval,synthetic,niah,synthetic-filler,16k,0.9,nll_nats_per_token,1.7156192588806152,10,/home/sagemaker-user/atma/benchmarks/logs/foveal_cpt_clamped/retrieval_retrieval_synthetic_nope_lm_output_kl_326babc639.log
nope_lm_output_kl,retrieval,synthetic,niah,synthetic-filler,16k,0.9,token_accuracy,80.0,10,/home/sagemaker-user/atma/benchmarks/logs/foveal_cpt_clamped/retrieval_retrieval_synthetic_nope_lm_output_kl_326babc639.log
nope_lm_output_kl,retrieval,synthetic,niah,synthetic-filler,256k,0.1,exact_match,0.0,10,/home/sagemaker-user/atma/benchmarks/logs/foveal_cpt_clamped/retrieval_retrieval_synthetic_nope_lm_output_kl_326babc639.log
nope_lm_output_kl,retrieval,synthetic,niah,synthetic-filler,256k,0.1,nll_nats_per_token,1.618081398010254,10,/home/sagemaker-user/atma/benchmarks/logs/foveal_cpt_clamped/retrieval_retrieval_synthetic_nope_lm_output_kl_326babc639.log
nope_lm_output_kl,retrieval,synthetic,niah,synthetic-filler,256k,0.1,token_accuracy,80.0,10,/home/sagemaker-user/atma/benchmarks/logs/foveal_cpt_clamped/retrieval_retrieval_synthetic_nope_lm_output_kl_326babc639.log
nope_lm_output_kl,retrieval,synthetic,niah,synthetic-filler,256k,0.5,exact_match,0.0,10,/home/sagemaker-user/atma/benchmarks/logs/foveal_cpt_clamped/retrieval_retrieval_synthetic_nope_lm_output_kl_326babc639.log
nope_lm_output_kl,retrieval,synthetic,niah,synthetic-filler,256k,0.5,nll_nats_per_token,2.3297199249267577,10,/home/sagemaker-user/atma/benchmarks/logs/foveal_cpt_clamped/retrieval_retrieval_synthetic_nope_lm_output_kl_326babc639.log
nope_lm_output_kl,retrieval,synthetic,niah,synthetic-filler,256k,0.5,token_accuracy,46.0,10,/home/sagemaker-user/atma/benchmarks/logs/foveal_cpt_clamped/retrieval_retrieval_synthetic_nope_lm_output_kl_326babc639.log
nope_lm_output_kl,retrieval,synthetic,niah,synthetic-filler,256k,0.9,exact_match,0.0,10,/home/sagemaker-user/atma/benchmarks/logs/foveal_cpt_clamped/retrieval_retrieval_synthetic_nope_lm_output_kl_326babc639.log
nope_lm_output_kl,retrieval,synthetic,niah,synthetic-filler,256k,0.9,nll_nats_per_token,1.7873672866821289,10,/home/sagemaker-user/atma/benchmarks/logs/foveal_cpt_clamped/retrieval_retrieval_synthetic_nope_lm_output_kl_326babc639.log
nope_lm_output_kl,retrieval,synthetic,niah,synthetic-filler,256k,0.9,token_accuracy,66.0,10,/home/sagemaker-user/atma/benchmarks/logs/foveal_cpt_clamped/retrieval_retrieval_synthetic_nope_lm_output_kl_326babc639.log
nope_lm_output_kl,retrieval,synthetic,niah,synthetic-filler,2k,0.1,exact_match,100.0,10,/home/sagemaker-user/atma/benchmarks/logs/foveal_cpt_clamped/retrieval_retrieval_synthetic_nope_lm_output_kl_326babc639.log
nope_lm_output_kl,retrieval,synthetic,niah,synthetic-filler,2k,0.1,nll_nats_per_token,0.7164638328552246,10,/home/sagemaker-user/atma/benchmarks/logs/foveal_cpt_clamped/retrieval_retrieval_synthetic_nope_lm_output_kl_326babc639.log
nope_lm_output_kl,retrieval,synthetic,niah,synthetic-filler,2k,0.1,token_accuracy,100.0,10,/home/sagemaker-user/atma/benchmarks/logs/foveal_cpt_clamped/retrieval_retrieval_synthetic_nope_lm_output_kl_326babc639.log
nope_lm_output_kl,retrieval,synthetic,niah,synthetic-filler,2k,0.5,exact_match,100.0,10,/home/sagemaker-user/atma/benchmarks/logs/foveal_cpt_clamped/retrieval_retrieval_synthetic_nope_lm_output_kl_326babc639.log
nope_lm_output_kl,retrieval,synthetic,niah,synthetic-filler,2k,0.5,nll_nats_per_token,0.4532446885108948,10,/home/sagemaker-user/atma/benchmarks/logs/foveal_cpt_clamped/retrieval_retrieval_synthetic_nope_lm_output_kl_326babc639.log
nope_lm_output_kl,retrieval,synthetic,niah,synthetic-filler,2k,0.5,token_accuracy,100.0,10,/home/sagemaker-user/atma/benchmarks/logs/foveal_cpt_clamped/retrieval_retrieval_synthetic_nope_lm_output_kl_326babc639.log
nope_lm_output_kl,retrieval,synthetic,niah,synthetic-filler,2k,0.9,exact_match,100.0,10,/home/sagemaker-user/atma/benchmarks/logs/foveal_cpt_clamped/retrieval_retrieval_synthetic_nope_lm_output_kl_326babc639.log
nope_lm_output_kl,retrieval,synthetic,niah,synthetic-filler,2k,0.9,nll_nats_per_token,0.35513788342475894,10,/home/sagemaker-user/atma/benchmarks/logs/foveal_cpt_clamped/retrieval_retrieval_synthetic_nope_lm_output_kl_326babc639.log
nope_lm_output_kl,retrieval,synthetic,niah,synthetic-filler,2k,0.9,token_accuracy,100.0,10,/home/sagemaker-user/atma/benchmarks/logs/foveal_cpt_clamped/retrieval_retrieval_synthetic_nope_lm_output_kl_326babc639.log
nope_lm_output_kl,retrieval,synthetic,niah,synthetic-filler,32k,0.1,exact_match,0.0,10,/home/sagemaker-user/atma/benchmarks/logs/foveal_cpt_clamped/retrieval_retrieval_synthetic_nope_lm_output_kl_326babc639.log
nope_lm_output_kl,retrieval,synthetic,niah,synthetic-filler,32k,0.1,nll_nats_per_token,1.9214139556884766,10,/home/sagemaker-user/atma/benchmarks/logs/foveal_cpt_clamped/retrieval_retrieval_synthetic_nope_lm_output_kl_326babc639.log
nope_lm_output_kl,retrieval,synthetic,niah,synthetic-filler,32k,0.1,token_accuracy,56.0,10,/home/sagemaker-user/atma/benchmarks/logs/foveal_cpt_clamped/retrieval_retrieval_synthetic_nope_lm_output_kl_326babc639.log
nope_lm_output_kl,retrieval,synthetic,niah,synthetic-filler,32k,0.5,exact_match,0.0,10,/home/sagemaker-user/atma/benchmarks/logs/foveal_cpt_clamped/retrieval_retrieval_synthetic_nope_lm_output_kl_326babc639.log
nope_lm_output_kl,retrieval,synthetic,niah,synthetic-filler,32k,0.5,nll_nats_per_token,1.6744789314270019,10,/home/sagemaker-user/atma/benchmarks/logs/foveal_cpt_clamped/retrieval_retrieval_synthetic_nope_lm_output_kl_326babc639.log
nope_lm_output_kl,retrieval,synthetic,niah,synthetic-filler,32k,0.5,token_accuracy,80.0,10,/home/sagemaker-user/atma/benchmarks/logs/foveal_cpt_clamped/retrieval_retrieval_synthetic_nope_lm_output_kl_326babc639.log
nope_lm_output_kl,retrieval,synthetic,niah,synthetic-filler,32k,0.9,exact_match,0.0,10,/home/sagemaker-user/atma/benchmarks/logs/foveal_cpt_clamped/retrieval_retrieval_synthetic_nope_lm_output_kl_326babc639.log
nope_lm_output_kl,retrieval,synthetic,niah,synthetic-filler,32k,0.9,nll_nats_per_token,2.069828538894653,10,/home/sagemaker-user/atma/benchmarks/logs/foveal_cpt_clamped/retrieval_retrieval_synthetic_nope_lm_output_kl_326babc639.log
nope_lm_output_kl,retrieval,synthetic,niah,synthetic-filler,32k,0.9,token_accuracy,52.0,10,/home/sagemaker-user/atma/benchmarks/logs/foveal_cpt_clamped/retrieval_retrieval_synthetic_nope_lm_output_kl_326babc639.log
nope_lm_output_kl,retrieval,synthetic,niah,synthetic-filler,4k,0.1,exact_match,10.0,10,/home/sagemaker-user/atma/benchmarks/logs/foveal_cpt_clamped/retrieval_retrieval_synthetic_nope_lm_output_kl_326babc639.log
nope_lm_output_kl,retrieval,synthetic,niah,synthetic-filler,4k,0.1,nll_nats_per_token,1.6376486396789551,10,/home/sagemaker-user/atma/benchmarks/logs/foveal_cpt_clamped/retrieval_retrieval_synthetic_nope_lm_output_kl_326babc639.log
nope_lm_output_kl,retrieval,synthetic,niah,synthetic-filler,4k,0.1,token_accuracy,68.0,10,/home/sagemaker-user/atma/benchmarks/logs/foveal_cpt_clamped/retrieval_retrieval_synthetic_nope_lm_output_kl_326babc639.log
nope_lm_output_kl,retrieval,synthetic,niah,synthetic-filler,4k,0.5,exact_match,100.0,10,/home/sagemaker-user/atma/benchmarks/logs/foveal_cpt_clamped/retrieval_retrieval_synthetic_nope_lm_output_kl_326babc639.log
nope_lm_output_kl,retrieval,synthetic,niah,synthetic-filler,4k,0.5,nll_nats_per_token,0.35774791955947877,10,/home/sagemaker-user/atma/benchmarks/logs/foveal_cpt_clamped/retrieval_retrieval_synthetic_nope_lm_output_kl_326babc639.log
nope_lm_output_kl,retrieval,synthetic,niah,synthetic-filler,4k,0.5,token_accuracy,100.0,10,/home/sagemaker-user/atma/benchmarks/logs/foveal_cpt_clamped/retrieval_retrieval_synthetic_nope_lm_output_kl_326babc639.log
nope_lm_output_kl,retrieval,synthetic,niah,synthetic-filler,4k,0.9,exact_match,100.0,10,/home/sagemaker-user/atma/benchmarks/logs/foveal_cpt_clamped/retrieval_retrieval_synthetic_nope_lm_output_kl_326babc639.log
nope_lm_output_kl,retrieval,synthetic,niah,synthetic-filler,4k,0.9,nll_nats_per_token,0.3305290615558624,10,/home/sagemaker-user/atma/benchmarks/logs/foveal_cpt_clamped/retrieval_retrieval_synthetic_nope_lm_output_kl_326babc639.log
nope_lm_output_kl,retrieval,synthetic,niah,synthetic-filler,4k,0.9,token_accuracy,100.0,10,/home/sagemaker-user/atma/benchmarks/logs/foveal_cpt_clamped/retrieval_retrieval_synthetic_nope_lm_output_kl_326babc639.log
nope_lm_output_kl,retrieval,synthetic,niah,synthetic-filler,64k,0.1,exact_match,0.0,10,/home/sagemaker-user/atma/benchmarks/logs/foveal_cpt_clamped/retrieval_retrieval_synthetic_nope_lm_output_kl_326babc639.log
nope_lm_output_kl,retrieval,synthetic,niah,synthetic-filler,64k,0.1,nll_nats_per_token,1.688954381942749,10,/home/sagemaker-user/atma/benchmarks/logs/foveal_cpt_clamped/retrieval_retrieval_synthetic_nope_lm_output_kl_326babc639.log
nope_lm_output_kl,retrieval,synthetic,niah,synthetic-filler,64k,0.1,token_accuracy,80.0,10,/home/sagemaker-user/atma/benchmarks/logs/foveal_cpt_clamped/retrieval_retrieval_synthetic_nope_lm_output_kl_326babc639.log
nope_lm_output_kl,retrieval,synthetic,niah,synthetic-filler,64k,0.5,exact_match,0.0,10,/home/sagemaker-user/atma/benchmarks/logs/foveal_cpt_clamped/retrieval_retrieval_synthetic_nope_lm_output_kl_326babc639.log
nope_lm_output_kl,retrieval,synthetic,niah,synthetic-filler,64k,0.5,nll_nats_per_token,2.1676541709899904,10,/home/sagemaker-user/atma/benchmarks/logs/foveal_cpt_clamped/retrieval_retrieval_synthetic_nope_lm_output_kl_326babc639.log
nope_lm_output_kl,retrieval,synthetic,niah,synthetic-filler,64k,0.5,token_accuracy,50.0,10,/home/sagemaker-user/atma/benchmarks/logs/foveal_cpt_clamped/retrieval_retrieval_synthetic_nope_lm_output_kl_326babc639.log
nope_lm_output_kl,retrieval,synthetic,niah,synthetic-filler,64k,0.9,exact_match,0.0,10,/home/sagemaker-user/atma/benchmarks/logs/foveal_cpt_clamped/retrieval_retrieval_synthetic_nope_lm_output_kl_326babc639.log
nope_lm_output_kl,retrieval,synthetic,niah,synthetic-filler,64k,0.9,nll_nats_per_token,1.9410014820098878,10,/home/sagemaker-user/atma/benchmarks/logs/foveal_cpt_clamped/retrieval_retrieval_synthetic_nope_lm_output_kl_326babc639.log
nope_lm_output_kl,retrieval,synthetic,niah,synthetic-filler,64k,0.9,token_accuracy,70.0,10,/home/sagemaker-user/atma/benchmarks/logs/foveal_cpt_clamped/retrieval_retrieval_synthetic_nope_lm_output_kl_326babc639.log
nope_lm_output_kl,retrieval,synthetic,niah,synthetic-filler,8k,0.1,exact_match,0.0,10,/home/sagemaker-user/atma/benchmarks/logs/foveal_cpt_clamped/retrieval_retrieval_synthetic_nope_lm_output_kl_326babc639.log
nope_lm_output_kl,retrieval,synthetic,niah,synthetic-filler,8k,0.1,nll_nats_per_token,2.4898035812377928,10,/home/sagemaker-user/atma/benchmarks/logs/foveal_cpt_clamped/retrieval_retrieval_synthetic_nope_lm_output_kl_326babc639.log
nope_lm_output_kl,retrieval,synthetic,niah,synthetic-filler,8k,0.1,token_accuracy,22.0,10,/home/sagemaker-user/atma/benchmarks/logs/foveal_cpt_clamped/retrieval_retrieval_synthetic_nope_lm_output_kl_326babc639.log
nope_lm_output_kl,retrieval,synthetic,niah,synthetic-filler,8k,0.5,exact_match,0.0,10,/home/sagemaker-user/atma/benchmarks/logs/foveal_cpt_clamped/retrieval_retrieval_synthetic_nope_lm_output_kl_326babc639.log
nope_lm_output_kl,retrieval,synthetic,niah,synthetic-filler,8k,0.5,nll_nats_per_token,1.803222713470459,10,/home/sagemaker-user/atma/benchmarks/logs/foveal_cpt_clamped/retrieval_retrieval_synthetic_nope_lm_output_kl_326babc639.log
nope_lm_output_kl,retrieval,synthetic,niah,synthetic-filler,8k,0.5,token_accuracy,74.0,10,/home/sagemaker-user/atma/benchmarks/logs/foveal_cpt_clamped/retrieval_retrieval_synthetic_nope_lm_output_kl_326babc639.log
nope_lm_output_kl,retrieval,synthetic,niah,synthetic-filler,8k,0.9,exact_match,100.0,10,/home/sagemaker-user/atma/benchmarks/logs/foveal_cpt_clamped/retrieval_retrieval_synthetic_nope_lm_output_kl_326babc639.log
nope_lm_output_kl,retrieval,synthetic,niah,synthetic-filler,8k,0.9,nll_nats_per_token,0.570173282623291,10,/home/sagemaker-user/atma/benchmarks/logs/foveal_cpt_clamped/retrieval_retrieval_synthetic_nope_lm_output_kl_326babc639.log
nope_lm_output_kl,retrieval,synthetic,niah,synthetic-filler,8k,0.9,token_accuracy,100.0,10,/home/sagemaker-user/atma/benchmarks/logs/foveal_cpt_clamped/retrieval_retrieval_synthetic_nope_lm_output_kl_326babc639.log
nope_lm_output_kl,retrieval,synthetic,passkey,synthetic-filler,128k,0.1,exact_match,0.0,10,/home/sagemaker-user/atma/benchmarks/logs/foveal_cpt_clamped/retrieval_retrieval_synthetic_nope_lm_output_kl_326babc639.log
nope_lm_output_kl,retrieval,synthetic,passkey,synthetic-filler,128k,0.1,nll_nats_per_token,1.4374663925170899,10,/home/sagemaker-user/atma/benchmarks/logs/foveal_cpt_clamped/retrieval_retrieval_synthetic_nope_lm_output_kl_326babc639.log
nope_lm_output_kl,retrieval,synthetic,passkey,synthetic-filler,128k,0.1,token_accuracy,74.0,10,/home/sagemaker-user/atma/benchmarks/logs/foveal_cpt_clamped/retrieval_retrieval_synthetic_nope_lm_output_kl_326babc639.log
nope_lm_output_kl,retrieval,synthetic,passkey,synthetic-filler,128k,0.5,exact_match,40.0,10,/home/sagemaker-user/atma/benchmarks/logs/foveal_cpt_clamped/retrieval_retrieval_synthetic_nope_lm_output_kl_326babc639.log
nope_lm_output_kl,retrieval,synthetic,passkey,synthetic-filler,128k,0.5,nll_nats_per_token,1.118305287361145,10,/home/sagemaker-user/atma/benchmarks/logs/foveal_cpt_clamped/retrieval_retrieval_synthetic_nope_lm_output_kl_326babc639.log
nope_lm_output_kl,retrieval,synthetic,passkey,synthetic-filler,128k,0.5,token_accuracy,82.0,10,/home/sagemaker-user/atma/benchmarks/logs/foveal_cpt_clamped/retrieval_retrieval_synthetic_nope_lm_output_kl_326babc639.log
nope_lm_output_kl,retrieval,synthetic,passkey,synthetic-filler,128k,0.9,exact_match,50.0,10,/home/sagemaker-user/atma/benchmarks/logs/foveal_cpt_clamped/retrieval_retrieval_synthetic_nope_lm_output_kl_326babc639.log
nope_lm_output_kl,retrieval,synthetic,passkey,synthetic-filler,128k,0.9,nll_nats_per_token,1.1257201480865477,10,/home/sagemaker-user/atma/benchmarks/logs/foveal_cpt_clamped/retrieval_retrieval_synthetic_nope_lm_output_kl_326babc639.log
nope_lm_output_kl,retrieval,synthetic,passkey,synthetic-filler,128k,0.9,token_accuracy,84.0,10,/home/sagemaker-user/atma/benchmarks/logs/foveal_cpt_clamped/retrieval_retrieval_synthetic_nope_lm_output_kl_326babc639.log
nope_lm_output_kl,retrieval,synthetic,passkey,synthetic-filler,16k,0.1,exact_match,0.0,10,/home/sagemaker-user/atma/benchmarks/logs/foveal_cpt_clamped/retrieval_retrieval_synthetic_nope_lm_output_kl_326babc639.log
nope_lm_output_kl,retrieval,synthetic,passkey,synthetic-filler,16k,0.1,nll_nats_per_token,1.584616756439209,10,/home/sagemaker-user/atma/benchmarks/logs/foveal_cpt_clamped/retrieval_retrieval_synthetic_nope_lm_output_kl_326babc639.log
nope_lm_output_kl,retrieval,synthetic,passkey,synthetic-filler,16k,0.1,token_accuracy,78.0,10,/home/sagemaker-user/atma/benchmarks/logs/foveal_cpt_clamped/retrieval_retrieval_synthetic_nope_lm_output_kl_326babc639.log
nope_lm_output_kl,retrieval,synthetic,passkey,synthetic-filler,16k,0.5,exact_match,0.0,10,/home/sagemaker-user/atma/benchmarks/logs/foveal_cpt_clamped/retrieval_retrieval_synthetic_nope_lm_output_kl_326babc639.log
nope_lm_output_kl,retrieval,synthetic,passkey,synthetic-filler,16k,0.5,nll_nats_per_token,1.5457606983184815,10,/home/sagemaker-user/atma/benchmarks/logs/foveal_cpt_clamped/retrieval_retrieval_synthetic_nope_lm_output_kl_326babc639.log
nope_lm_output_kl,retrieval,synthetic,passkey,synthetic-filler,16k,0.5,token_accuracy,74.0,10,/home/sagemaker-user/atma/benchmarks/logs/foveal_cpt_clamped/retrieval_retrieval_synthetic_nope_lm_output_kl_326babc639.log
nope_lm_output_kl,retrieval,synthetic,passkey,synthetic-filler,16k,0.9,exact_match,0.0,10,/home/sagemaker-user/atma/benchmarks/logs/foveal_cpt_clamped/retrieval_retrieval_synthetic_nope_lm_output_kl_326babc639.log
nope_lm_output_kl,retrieval,synthetic,passkey,synthetic-filler,16k,0.9,nll_nats_per_token,1.524482135772705,10,/home/sagemaker-user/atma/benchmarks/logs/foveal_cpt_clamped/retrieval_retrieval_synthetic_nope_lm_output_kl_326babc639.log
nope_lm_output_kl,retrieval,synthetic,passkey,synthetic-filler,16k,0.9,token_accuracy,76.0,10,/home/sagemaker-user/atma/benchmarks/logs/foveal_cpt_clamped/retrieval_retrieval_synthetic_nope_lm_output_kl_326babc639.log
nope_lm_output_kl,retrieval,synthetic,passkey,synthetic-filler,256k,0.1,exact_match,10.0,10,/home/sagemaker-user/atma/benchmarks/logs/foveal_cpt_clamped/retrieval_retrieval_synthetic_nope_lm_output_kl_326babc639.log
nope_lm_output_kl,retrieval,synthetic,passkey,synthetic-filler,256k,0.1,nll_nats_per_token,1.4401162338256837,10,/home/sagemaker-user/atma/benchmarks/logs/foveal_cpt_clamped/retrieval_retrieval_synthetic_nope_lm_output_kl_326babc639.log
nope_lm_output_kl,retrieval,synthetic,passkey,synthetic-filler,256k,0.1,token_accuracy,74.0,10,/home/sagemaker-user/atma/benchmarks/logs/foveal_cpt_clamped/retrieval_retrieval_synthetic_nope_lm_output_kl_326babc639.log
nope_lm_output_kl,retrieval,synthetic,passkey,synthetic-filler,256k,0.5,exact_match,0.0,10,/home/sagemaker-user/atma/benchmarks/logs/foveal_cpt_clamped/retrieval_retrieval_synthetic_nope_lm_output_kl_326babc639.log
nope_lm_output_kl,retrieval,synthetic,passkey,synthetic-filler,256k,0.5,nll_nats_per_token,1.758858880996704,10,/home/sagemaker-user/atma/benchmarks/logs/foveal_cpt_clamped/retrieval_retrieval_synthetic_nope_lm_output_kl_326babc639.log
nope_lm_output_kl,retrieval,synthetic,passkey,synthetic-filler,256k,0.5,token_accuracy,68.0,10,/home/sagemaker-user/atma/benchmarks/logs/foveal_cpt_clamped/retrieval_retrieval_synthetic_nope_lm_output_kl_326babc639.log
nope_lm_output_kl,retrieval,synthetic,passkey,synthetic-filler,256k,0.9,exact_match,10.0,10,/home/sagemaker-user/atma/benchmarks/logs/foveal_cpt_clamped/retrieval_retrieval_synthetic_nope_lm_output_kl_326babc639.log
nope_lm_output_kl,retrieval,synthetic,passkey,synthetic-filler,256k,0.9,nll_nats_per_token,1.4329768180847169,10,/home/sagemaker-user/atma/benchmarks/logs/foveal_cpt_clamped/retrieval_retrieval_synthetic_nope_lm_output_kl_326babc639.log
nope_lm_output_kl,retrieval,synthetic,passkey,synthetic-filler,256k,0.9,token_accuracy,78.0,10,/home/sagemaker-user/atma/benchmarks/logs/foveal_cpt_clamped/retrieval_retrieval_synthetic_nope_lm_output_kl_326babc639.log
nope_lm_output_kl,retrieval,synthetic,passkey,synthetic-filler,2k,0.1,exact_match,90.0,10,/home/sagemaker-user/atma/benchmarks/logs/foveal_cpt_clamped/retrieval_retrieval_synthetic_nope_lm_output_kl_326babc639.log
nope_lm_output_kl,retrieval,synthetic,passkey,synthetic-filler,2k,0.1,nll_nats_per_token,0.5320796322822571,10,/home/sagemaker-user/atma/benchmarks/logs/foveal_cpt_clamped/retrieval_retrieval_synthetic_nope_lm_output_kl_326babc639.log
nope_lm_output_kl,retrieval,synthetic,passkey,synthetic-filler,2k,0.1,token_accuracy,98.0,10,/home/sagemaker-user/atma/benchmarks/logs/foveal_cpt_clamped/retrieval_retrieval_synthetic_nope_lm_output_kl_326babc639.log
nope_lm_output_kl,retrieval,synthetic,passkey,synthetic-filler,2k,0.5,exact_match,90.0,10,/home/sagemaker-user/atma/benchmarks/logs/foveal_cpt_clamped/retrieval_retrieval_synthetic_nope_lm_output_kl_326babc639.log
nope_lm_output_kl,retrieval,synthetic,passkey,synthetic-filler,2k,0.5,nll_nats_per_token,0.5076403737068176,10,/home/sagemaker-user/atma/benchmarks/logs/foveal_cpt_clamped/retrieval_retrieval_synthetic_nope_lm_output_kl_326babc639.log
nope_lm_output_kl,retrieval,synthetic,passkey,synthetic-filler,2k,0.5,token_accuracy,98.0,10,/home/sagemaker-user/atma/benchmarks/logs/foveal_cpt_clamped/retrieval_retrieval_synthetic_nope_lm_output_kl_326babc639.log
nope_lm_output_kl,retrieval,synthetic,passkey,synthetic-filler,2k,0.9,exact_match,90.0,10,/home/sagemaker-user/atma/benchmarks/logs/foveal_cpt_clamped/retrieval_retrieval_synthetic_nope_lm_output_kl_326babc639.log
nope_lm_output_kl,retrieval,synthetic,passkey,synthetic-filler,2k,0.9,nll_nats_per_token,0.30253979086875915,10,/home/sagemaker-user/atma/benchmarks/logs/foveal_cpt_clamped/retrieval_retrieval_synthetic_nope_lm_output_kl_326babc639.log
nope_lm_output_kl,retrieval,synthetic,passkey,synthetic-filler,2k,0.9,token_accuracy,98.0,10,/home/sagemaker-user/atma/benchmarks/logs/foveal_cpt_clamped/retrieval_retrieval_synthetic_nope_lm_output_kl_326babc639.log
nope_lm_output_kl,retrieval,synthetic,passkey,synthetic-filler,32k,0.1,exact_match,0.0,10,/home/sagemaker-user/atma/benchmarks/logs/foveal_cpt_clamped/retrieval_retrieval_synthetic_nope_lm_output_kl_326babc639.log
nope_lm_output_kl,retrieval,synthetic,passkey,synthetic-filler,32k,0.1,nll_nats_per_token,1.484751558303833,10,/home/sagemaker-user/atma/benchmarks/logs/foveal_cpt_clamped/retrieval_retrieval_synthetic_nope_lm_output_kl_326babc639.log
nope_lm_output_kl,retrieval,synthetic,passkey,synthetic-filler,32k,0.1,token_accuracy,76.0,10,/home/sagemaker-user/atma/benchmarks/logs/foveal_cpt_clamped/retrieval_retrieval_synthetic_nope_lm_output_kl_326babc639.log
nope_lm_output_kl,retrieval,synthetic,passkey,synthetic-filler,32k,0.5,exact_match,0.0,10,/home/sagemaker-user/atma/benchmarks/logs/foveal_cpt_clamped/retrieval_retrieval_synthetic_nope_lm_output_kl_326babc639.log
nope_lm_output_kl,retrieval,synthetic,passkey,synthetic-filler,32k,0.5,nll_nats_per_token,1.56904372215271,10,/home/sagemaker-user/atma/benchmarks/logs/foveal_cpt_clamped/retrieval_retrieval_synthetic_nope_lm_output_kl_326babc639.log
nope_lm_output_kl,retrieval,synthetic,passkey,synthetic-filler,32k,0.5,token_accuracy,72.0,10,/home/sagemaker-user/atma/benchmarks/logs/foveal_cpt_clamped/retrieval_retrieval_synthetic_nope_lm_output_kl_326babc639.log
nope_lm_output_kl,retrieval,synthetic,passkey,synthetic-filler,32k,0.9,exact_match,0.0,10,/home/sagemaker-user/atma/benchmarks/logs/foveal_cpt_clamped/retrieval_retrieval_synthetic_nope_lm_output_kl_326babc639.log
nope_lm_output_kl,retrieval,synthetic,passkey,synthetic-filler,32k,0.9,nll_nats_per_token,1.4443018817901612,10,/home/sagemaker-user/atma/benchmarks/logs/foveal_cpt_clamped/retrieval_retrieval_synthetic_nope_lm_output_kl_326babc639.log
nope_lm_output_kl,retrieval,synthetic,passkey,synthetic-filler,32k,0.9,token_accuracy,72.0,10,/home/sagemaker-user/atma/benchmarks/logs/foveal_cpt_clamped/retrieval_retrieval_synthetic_nope_lm_output_kl_326babc639.log
nope_lm_output_kl,retrieval,synthetic,passkey,synthetic-filler,4k,0.1,exact_match,70.0,10,/home/sagemaker-user/atma/benchmarks/logs/foveal_cpt_clamped/retrieval_retrieval_synthetic_nope_lm_output_kl_326babc639.log
nope_lm_output_kl,retrieval,synthetic,passkey,synthetic-filler,4k,0.1,nll_nats_per_token,1.1175788974761962,10,/home/sagemaker-user/atma/benchmarks/logs/foveal_cpt_clamped/retrieval_retrieval_synthetic_nope_lm_output_kl_326babc639.log
nope_lm_output_kl,retrieval,synthetic,passkey,synthetic-filler,4k,0.1,token_accuracy,84.0,10,/home/sagemaker-user/atma/benchmarks/logs/foveal_cpt_clamped/retrieval_retrieval_synthetic_nope_lm_output_kl_326babc639.log
nope_lm_output_kl,retrieval,synthetic,passkey,synthetic-filler,4k,0.5,exact_match,40.0,10,/home/sagemaker-user/atma/benchmarks/logs/foveal_cpt_clamped/retrieval_retrieval_synthetic_nope_lm_output_kl_326babc639.log
nope_lm_output_kl,retrieval,synthetic,passkey,synthetic-filler,4k,0.5,nll_nats_per_token,1.0845063161849975,10,/home/sagemaker-user/atma/benchmarks/logs/foveal_cpt_clamped/retrieval_retrieval_synthetic_nope_lm_output_kl_326babc639.log
nope_lm_output_kl,retrieval,synthetic,passkey,synthetic-filler,4k,0.5,token_accuracy,86.0,10,/home/sagemaker-user/atma/benchmarks/logs/foveal_cpt_clamped/retrieval_retrieval_synthetic_nope_lm_output_kl_326babc639.log
nope_lm_output_kl,retrieval,synthetic,passkey,synthetic-filler,4k,0.9,exact_match,80.0,10,/home/sagemaker-user/atma/benchmarks/logs/foveal_cpt_clamped/retrieval_retrieval_synthetic_nope_lm_output_kl_326babc639.log
nope_lm_output_kl,retrieval,synthetic,passkey,synthetic-filler,4k,0.9,nll_nats_per_token,0.3287865424156189,10,/home/sagemaker-user/atma/benchmarks/logs/foveal_cpt_clamped/retrieval_retrieval_synthetic_nope_lm_output_kl_326babc639.log
nope_lm_output_kl,retrieval,synthetic,passkey,synthetic-filler,4k,0.9,token_accuracy,96.0,10,/home/sagemaker-user/atma/benchmarks/logs/foveal_cpt_clamped/retrieval_retrieval_synthetic_nope_lm_output_kl_326babc639.log
nope_lm_output_kl,retrieval,synthetic,passkey,synthetic-filler,64k,0.1,exact_match,20.0,10,/home/sagemaker-user/atma/benchmarks/logs/foveal_cpt_clamped/retrieval_retrieval_synthetic_nope_lm_output_kl_326babc639.log
nope_lm_output_kl,retrieval,synthetic,passkey,synthetic-filler,64k,0.1,nll_nats_per_token,1.4313253259658814,10,/home/sagemaker-user/atma/benchmarks/logs/foveal_cpt_clamped/retrieval_retrieval_synthetic_nope_lm_output_kl_326babc639.log
nope_lm_output_kl,retrieval,synthetic,passkey,synthetic-filler,64k,0.1,token_accuracy,80.0,10,/home/sagemaker-user/atma/benchmarks/logs/foveal_cpt_clamped/retrieval_retrieval_synthetic_nope_lm_output_kl_326babc639.log
nope_lm_output_kl,retrieval,synthetic,passkey,synthetic-filler,64k,0.5,exact_match,0.0,10,/home/sagemaker-user/atma/benchmarks/logs/foveal_cpt_clamped/retrieval_retrieval_synthetic_nope_lm_output_kl_326babc639.log
nope_lm_output_kl,retrieval,synthetic,passkey,synthetic-filler,64k,0.5,nll_nats_per_token,1.6925854682922363,10,/home/sagemaker-user/atma/benchmarks/logs/foveal_cpt_clamped/retrieval_retrieval_synthetic_nope_lm_output_kl_326babc639.log
nope_lm_output_kl,retrieval,synthetic,passkey,synthetic-filler,64k,0.5,token_accuracy,74.0,10,/home/sagemaker-user/atma/benchmarks/logs/foveal_cpt_clamped/retrieval_retrieval_synthetic_nope_lm_output_kl_326babc639.log
nope_lm_output_kl,retrieval,synthetic,passkey,synthetic-filler,64k,0.9,exact_match,50.0,10,/home/sagemaker-user/atma/benchmarks/logs/foveal_cpt_clamped/retrieval_retrieval_synthetic_nope_lm_output_kl_326babc639.log
nope_lm_output_kl,retrieval,synthetic,passkey,synthetic-filler,64k,0.9,nll_nats_per_token,1.0278155755996705,10,/home/sagemaker-user/atma/benchmarks/logs/foveal_cpt_clamped/retrieval_retrieval_synthetic_nope_lm_output_kl_326babc639.log
nope_lm_output_kl,retrieval,synthetic,passkey,synthetic-filler,64k,0.9,token_accuracy,86.0,10,/home/sagemaker-user/atma/benchmarks/logs/foveal_cpt_clamped/retrieval_retrieval_synthetic_nope_lm_output_kl_326babc639.log
nope_lm_output_kl,retrieval,synthetic,passkey,synthetic-filler,8k,0.1,exact_match,0.0,10,/home/sagemaker-user/atma/benchmarks/logs/foveal_cpt_clamped/retrieval_retrieval_synthetic_nope_lm_output_kl_326babc639.log
nope_lm_output_kl,retrieval,synthetic,passkey,synthetic-filler,8k,0.1,nll_nats_per_token,1.5292516136169434,10,/home/sagemaker-user/atma/benchmarks/logs/foveal_cpt_clamped/retrieval_retrieval_synthetic_nope_lm_output_kl_326babc639.log
nope_lm_output_kl,retrieval,synthetic,passkey,synthetic-filler,8k,0.1,token_accuracy,78.0,10,/home/sagemaker-user/atma/benchmarks/logs/foveal_cpt_clamped/retrieval_retrieval_synthetic_nope_lm_output_kl_326babc639.log
nope_lm_output_kl,retrieval,synthetic,passkey,synthetic-filler,8k,0.5,exact_match,0.0,10,/home/sagemaker-user/atma/benchmarks/logs/foveal_cpt_clamped/retrieval_retrieval_synthetic_nope_lm_output_kl_326babc639.log
nope_lm_output_kl,retrieval,synthetic,passkey,synthetic-filler,8k,0.5,nll_nats_per_token,1.3474418544769287,10,/home/sagemaker-user/atma/benchmarks/logs/foveal_cpt_clamped/retrieval_retrieval_synthetic_nope_lm_output_kl_326babc639.log
nope_lm_output_kl,retrieval,synthetic,passkey,synthetic-filler,8k,0.5,token_accuracy,72.0,10,/home/sagemaker-user/atma/benchmarks/logs/foveal_cpt_clamped/retrieval_retrieval_synthetic_nope_lm_output_kl_326babc639.log
nope_lm_output_kl,retrieval,synthetic,passkey,synthetic-filler,8k,0.9,exact_match,70.0,10,/home/sagemaker-user/atma/benchmarks/logs/foveal_cpt_clamped/retrieval_retrieval_synthetic_nope_lm_output_kl_326babc639.log
nope_lm_output_kl,retrieval,synthetic,passkey,synthetic-filler,8k,0.9,nll_nats_per_token,0.9374681186676025,10,/home/sagemaker-user/atma/benchmarks/logs/foveal_cpt_clamped/retrieval_retrieval_synthetic_nope_lm_output_kl_326babc639.log
nope_lm_output_kl,retrieval,synthetic,passkey,synthetic-filler,8k,0.9,token_accuracy,94.0,10,/home/sagemaker-user/atma/benchmarks/logs/foveal_cpt_clamped/retrieval_retrieval_synthetic_nope_lm_output_kl_326babc639.log
polar_lm_output_kl,babilong,adapted_reasoning,,RMT-team/babilong,0k,,macro_accuracy,57.0,10,/home/sagemaker-user/atma/benchmarks/logs/foveal_cpt_clamped/babilong_babilong_direct_ft_polar_lm_output_kl_13cb70f4ef.log
polar_lm_output_kl,babilong,adapted_reasoning,,RMT-team/babilong,128k,,macro_accuracy,39.0,10,/home/sagemaker-user/atma/benchmarks/logs/foveal_cpt_clamped/babilong_babilong_direct_ft_polar_lm_output_kl_13cb70f4ef.log
polar_lm_output_kl,babilong,adapted_reasoning,,RMT-team/babilong,16k,,macro_accuracy,46.0,10,/home/sagemaker-user/atma/benchmarks/logs/foveal_cpt_clamped/babilong_babilong_direct_ft_polar_lm_output_kl_13cb70f4ef.log
polar_lm_output_kl,babilong,adapted_reasoning,,RMT-team/babilong,1k,,macro_accuracy,52.0,10,/home/sagemaker-user/atma/benchmarks/logs/foveal_cpt_clamped/babilong_babilong_direct_ft_polar_lm_output_kl_13cb70f4ef.log
polar_lm_output_kl,babilong,adapted_reasoning,,RMT-team/babilong,256k,,macro_accuracy,38.0,10,/home/sagemaker-user/atma/benchmarks/logs/foveal_cpt_clamped/babilong_babilong_direct_ft_polar_lm_output_kl_13cb70f4ef.log
polar_lm_output_kl,babilong,adapted_reasoning,,RMT-team/babilong,2k,,macro_accuracy,55.0,10,/home/sagemaker-user/atma/benchmarks/logs/foveal_cpt_clamped/babilong_babilong_direct_ft_polar_lm_output_kl_13cb70f4ef.log
polar_lm_output_kl,babilong,adapted_reasoning,,RMT-team/babilong,32k,,macro_accuracy,45.0,10,/home/sagemaker-user/atma/benchmarks/logs/foveal_cpt_clamped/babilong_babilong_direct_ft_polar_lm_output_kl_13cb70f4ef.log
polar_lm_output_kl,babilong,adapted_reasoning,,RMT-team/babilong,4k,,macro_accuracy,50.0,10,/home/sagemaker-user/atma/benchmarks/logs/foveal_cpt_clamped/babilong_babilong_direct_ft_polar_lm_output_kl_13cb70f4ef.log
polar_lm_output_kl,babilong,adapted_reasoning,,RMT-team/babilong,64k,,macro_accuracy,40.0,10,/home/sagemaker-user/atma/benchmarks/logs/foveal_cpt_clamped/babilong_babilong_direct_ft_polar_lm_output_kl_13cb70f4ef.log
polar_lm_output_kl,babilong,adapted_reasoning,,RMT-team/babilong,8k,,macro_accuracy,53.0,10,/home/sagemaker-user/atma/benchmarks/logs/foveal_cpt_clamped/babilong_babilong_direct_ft_polar_lm_output_kl_13cb70f4ef.log
polar_lm_output_kl,babilong,adapted_reasoning,qa1,RMT-team/babilong,0k,,accuracy,60.0,10,/home/sagemaker-user/atma/benchmarks/logs/foveal_cpt_clamped/babilong_babilong_direct_ft_polar_lm_output_kl_13cb70f4ef.log
polar_lm_output_kl,babilong,adapted_reasoning,qa1,RMT-team/babilong,128k,,accuracy,20.0,10,/home/sagemaker-user/atma/benchmarks/logs/foveal_cpt_clamped/babilong_babilong_direct_ft_polar_lm_output_kl_13cb70f4ef.log
polar_lm_output_kl,babilong,adapted_reasoning,qa1,RMT-team/babilong,16k,,accuracy,50.0,10,/home/sagemaker-user/atma/benchmarks/logs/foveal_cpt_clamped/babilong_babilong_direct_ft_polar_lm_output_kl_13cb70f4ef.log
polar_lm_output_kl,babilong,adapted_reasoning,qa1,RMT-team/babilong,1k,,accuracy,50.0,10,/home/sagemaker-user/atma/benchmarks/logs/foveal_cpt_clamped/babilong_babilong_direct_ft_polar_lm_output_kl_13cb70f4ef.log
polar_lm_output_kl,babilong,adapted_reasoning,qa1,RMT-team/babilong,256k,,accuracy,40.0,10,/home/sagemaker-user/atma/benchmarks/logs/foveal_cpt_clamped/babilong_babilong_direct_ft_polar_lm_output_kl_13cb70f4ef.log
polar_lm_output_kl,babilong,adapted_reasoning,qa1,RMT-team/babilong,2k,,accuracy,60.0,10,/home/sagemaker-user/atma/benchmarks/logs/foveal_cpt_clamped/babilong_babilong_direct_ft_polar_lm_output_kl_13cb70f4ef.log
polar_lm_output_kl,babilong,adapted_reasoning,qa1,RMT-team/babilong,32k,,accuracy,40.0,10,/home/sagemaker-user/atma/benchmarks/logs/foveal_cpt_clamped/babilong_babilong_direct_ft_polar_lm_output_kl_13cb70f4ef.log
polar_lm_output_kl,babilong,adapted_reasoning,qa1,RMT-team/babilong,4k,,accuracy,60.0,10,/home/sagemaker-user/atma/benchmarks/logs/foveal_cpt_clamped/babilong_babilong_direct_ft_polar_lm_output_kl_13cb70f4ef.log
polar_lm_output_kl,babilong,adapted_reasoning,qa1,RMT-team/babilong,64k,,accuracy,40.0,10,/home/sagemaker-user/atma/benchmarks/logs/foveal_cpt_clamped/babilong_babilong_direct_ft_polar_lm_output_kl_13cb70f4ef.log
polar_lm_output_kl,babilong,adapted_reasoning,qa1,RMT-team/babilong,8k,,accuracy,60.0,10,/home/sagemaker-user/atma/benchmarks/logs/foveal_cpt_clamped/babilong_babilong_direct_ft_polar_lm_output_kl_13cb70f4ef.log
polar_lm_output_kl,babilong,adapted_reasoning,qa10,RMT-team/babilong,0k,,accuracy,30.0,10,/home/sagemaker-user/atma/benchmarks/logs/foveal_cpt_clamped/babilong_babilong_direct_ft_polar_lm_output_kl_13cb70f4ef.log
polar_lm_output_kl,babilong,adapted_reasoning,qa10,RMT-team/babilong,128k,,accuracy,30.0,10,/home/sagemaker-user/atma/benchmarks/logs/foveal_cpt_clamped/babilong_babilong_direct_ft_polar_lm_output_kl_13cb70f4ef.log
polar_lm_output_kl,babilong,adapted_reasoning,qa10,RMT-team/babilong,16k,,accuracy,30.0,10,/home/sagemaker-user/atma/benchmarks/logs/foveal_cpt_clamped/babilong_babilong_direct_ft_polar_lm_output_kl_13cb70f4ef.log
polar_lm_output_kl,babilong,adapted_reasoning,qa10,RMT-team/babilong,1k,,accuracy,30.0,10,/home/sagemaker-user/atma/benchmarks/logs/foveal_cpt_clamped/babilong_babilong_direct_ft_polar_lm_output_kl_13cb70f4ef.log
polar_lm_output_kl,babilong,adapted_reasoning,qa10,RMT-team/babilong,256k,,accuracy,30.0,10,/home/sagemaker-user/atma/benchmarks/logs/foveal_cpt_clamped/babilong_babilong_direct_ft_polar_lm_output_kl_13cb70f4ef.log
polar_lm_output_kl,babilong,adapted_reasoning,qa10,RMT-team/babilong,2k,,accuracy,30.0,10,/home/sagemaker-user/atma/benchmarks/logs/foveal_cpt_clamped/babilong_babilong_direct_ft_polar_lm_output_kl_13cb70f4ef.log
polar_lm_output_kl,babilong,adapted_reasoning,qa10,RMT-team/babilong,32k,,accuracy,30.0,10,/home/sagemaker-user/atma/benchmarks/logs/foveal_cpt_clamped/babilong_babilong_direct_ft_polar_lm_output_kl_13cb70f4ef.log
polar_lm_output_kl,babilong,adapted_reasoning,qa10,RMT-team/babilong,4k,,accuracy,30.0,10,/home/sagemaker-user/atma/benchmarks/logs/foveal_cpt_clamped/babilong_babilong_direct_ft_polar_lm_output_kl_13cb70f4ef.log
polar_lm_output_kl,babilong,adapted_reasoning,qa10,RMT-team/babilong,64k,,accuracy,30.0,10,/home/sagemaker-user/atma/benchmarks/logs/foveal_cpt_clamped/babilong_babilong_direct_ft_polar_lm_output_kl_13cb70f4ef.log
polar_lm_output_kl,babilong,adapted_reasoning,qa10,RMT-team/babilong,8k,,accuracy,30.0,10,/home/sagemaker-user/atma/benchmarks/logs/foveal_cpt_clamped/babilong_babilong_direct_ft_polar_lm_output_kl_13cb70f4ef.log
polar_lm_output_kl,babilong,adapted_reasoning,qa2,RMT-team/babilong,0k,,accuracy,80.0,10,/home/sagemaker-user/atma/benchmarks/logs/foveal_cpt_clamped/babilong_babilong_direct_ft_polar_lm_output_kl_13cb70f4ef.log
polar_lm_output_kl,babilong,adapted_reasoning,qa2,RMT-team/babilong,128k,,accuracy,20.0,10,/home/sagemaker-user/atma/benchmarks/logs/foveal_cpt_clamped/babilong_babilong_direct_ft_polar_lm_output_kl_13cb70f4ef.log
polar_lm_output_kl,babilong,adapted_reasoning,qa2,RMT-team/babilong,16k,,accuracy,50.0,10,/home/sagemaker-user/atma/benchmarks/logs/foveal_cpt_clamped/babilong_babilong_direct_ft_polar_lm_output_kl_13cb70f4ef.log
polar_lm_output_kl,babilong,adapted_reasoning,qa2,RMT-team/babilong,1k,,accuracy,60.0,10,/home/sagemaker-user/atma/benchmarks/logs/foveal_cpt_clamped/babilong_babilong_direct_ft_polar_lm_output_kl_13cb70f4ef.log
polar_lm_output_kl,babilong,adapted_reasoning,qa2,RMT-team/babilong,256k,,accuracy,40.0,10,/home/sagemaker-user/atma/benchmarks/logs/foveal_cpt_clamped/babilong_babilong_direct_ft_polar_lm_output_kl_13cb70f4ef.log
polar_lm_output_kl,babilong,adapted_reasoning,qa2,RMT-team/babilong,2k,,accuracy,60.0,10,/home/sagemaker-user/atma/benchmarks/logs/foveal_cpt_clamped/babilong_babilong_direct_ft_polar_lm_output_kl_13cb70f4ef.log
polar_lm_output_kl,babilong,adapted_reasoning,qa2,RMT-team/babilong,32k,,accuracy,30.0,10,/home/sagemaker-user/atma/benchmarks/logs/foveal_cpt_clamped/babilong_babilong_direct_ft_polar_lm_output_kl_13cb70f4ef.log
polar_lm_output_kl,babilong,adapted_reasoning,qa2,RMT-team/babilong,4k,,accuracy,40.0,10,/home/sagemaker-user/atma/benchmarks/logs/foveal_cpt_clamped/babilong_babilong_direct_ft_polar_lm_output_kl_13cb70f4ef.log
polar_lm_output_kl,babilong,adapted_reasoning,qa2,RMT-team/babilong,64k,,accuracy,20.0,10,/home/sagemaker-user/atma/benchmarks/logs/foveal_cpt_clamped/babilong_babilong_direct_ft_polar_lm_output_kl_13cb70f4ef.log
polar_lm_output_kl,babilong,adapted_reasoning,qa2,RMT-team/babilong,8k,,accuracy,60.0,10,/home/sagemaker-user/atma/benchmarks/logs/foveal_cpt_clamped/babilong_babilong_direct_ft_polar_lm_output_kl_13cb70f4ef.log
polar_lm_output_kl,babilong,adapted_reasoning,qa3,RMT-team/babilong,0k,,accuracy,30.0,10,/home/sagemaker-user/atma/benchmarks/logs/foveal_cpt_clamped/babilong_babilong_direct_ft_polar_lm_output_kl_13cb70f4ef.log
polar_lm_output_kl,babilong,adapted_reasoning,qa3,RMT-team/babilong,128k,,accuracy,40.0,10,/home/sagemaker-user/atma/benchmarks/logs/foveal_cpt_clamped/babilong_babilong_direct_ft_polar_lm_output_kl_13cb70f4ef.log
polar_lm_output_kl,babilong,adapted_reasoning,qa3,RMT-team/babilong,16k,,accuracy,30.0,10,/home/sagemaker-user/atma/benchmarks/logs/foveal_cpt_clamped/babilong_babilong_direct_ft_polar_lm_output_kl_13cb70f4ef.log
polar_lm_output_kl,babilong,adapted_reasoning,qa3,RMT-team/babilong,1k,,accuracy,40.0,10,/home/sagemaker-user/atma/benchmarks/logs/foveal_cpt_clamped/babilong_babilong_direct_ft_polar_lm_output_kl_13cb70f4ef.log
polar_lm_output_kl,babilong,adapted_reasoning,qa3,RMT-team/babilong,256k,,accuracy,20.0,10,/home/sagemaker-user/atma/benchmarks/logs/foveal_cpt_clamped/babilong_babilong_direct_ft_polar_lm_output_kl_13cb70f4ef.log
polar_lm_output_kl,babilong,adapted_reasoning,qa3,RMT-team/babilong,2k,,accuracy,30.0,10,/home/sagemaker-user/atma/benchmarks/logs/foveal_cpt_clamped/babilong_babilong_direct_ft_polar_lm_output_kl_13cb70f4ef.log
polar_lm_output_kl,babilong,adapted_reasoning,qa3,RMT-team/babilong,32k,,accuracy,30.0,10,/home/sagemaker-user/atma/benchmarks/logs/foveal_cpt_clamped/babilong_babilong_direct_ft_polar_lm_output_kl_13cb70f4ef.log
polar_lm_output_kl,babilong,adapted_reasoning,qa3,RMT-team/babilong,4k,,accuracy,30.0,10,/home/sagemaker-user/atma/benchmarks/logs/foveal_cpt_clamped/babilong_babilong_direct_ft_polar_lm_output_kl_13cb70f4ef.log
polar_lm_output_kl,babilong,adapted_reasoning,qa3,RMT-team/babilong,64k,,accuracy,30.0,10,/home/sagemaker-user/atma/benchmarks/logs/foveal_cpt_clamped/babilong_babilong_direct_ft_polar_lm_output_kl_13cb70f4ef.log
polar_lm_output_kl,babilong,adapted_reasoning,qa3,RMT-team/babilong,8k,,accuracy,30.0,10,/home/sagemaker-user/atma/benchmarks/logs/foveal_cpt_clamped/babilong_babilong_direct_ft_polar_lm_output_kl_13cb70f4ef.log
polar_lm_output_kl,babilong,adapted_reasoning,qa4,RMT-team/babilong,0k,,accuracy,80.0,10,/home/sagemaker-user/atma/benchmarks/logs/foveal_cpt_clamped/babilong_babilong_direct_ft_polar_lm_output_kl_13cb70f4ef.log
polar_lm_output_kl,babilong,adapted_reasoning,qa4,RMT-team/babilong,128k,,accuracy,20.0,10,/home/sagemaker-user/atma/benchmarks/logs/foveal_cpt_clamped/babilong_babilong_direct_ft_polar_lm_output_kl_13cb70f4ef.log
polar_lm_output_kl,babilong,adapted_reasoning,qa4,RMT-team/babilong,16k,,accuracy,50.0,10,/home/sagemaker-user/atma/benchmarks/logs/foveal_cpt_clamped/babilong_babilong_direct_ft_polar_lm_output_kl_13cb70f4ef.log
polar_lm_output_kl,babilong,adapted_reasoning,qa4,RMT-team/babilong,1k,,accuracy,80.0,10,/home/sagemaker-user/atma/benchmarks/logs/foveal_cpt_clamped/babilong_babilong_direct_ft_polar_lm_output_kl_13cb70f4ef.log
polar_lm_output_kl,babilong,adapted_reasoning,qa4,RMT-team/babilong,256k,,accuracy,0.0,10,/home/sagemaker-user/atma/benchmarks/logs/foveal_cpt_clamped/babilong_babilong_direct_ft_polar_lm_output_kl_13cb70f4ef.log
polar_lm_output_kl,babilong,adapted_reasoning,qa4,RMT-team/babilong,2k,,accuracy,90.0,10,/home/sagemaker-user/atma/benchmarks/logs/foveal_cpt_clamped/babilong_babilong_direct_ft_polar_lm_output_kl_13cb70f4ef.log
polar_lm_output_kl,babilong,adapted_reasoning,qa4,RMT-team/babilong,32k,,accuracy,40.0,10,/home/sagemaker-user/atma/benchmarks/logs/foveal_cpt_clamped/babilong_babilong_direct_ft_polar_lm_output_kl_13cb70f4ef.log
polar_lm_output_kl,babilong,adapted_reasoning,qa4,RMT-team/babilong,4k,,accuracy,60.0,10,/home/sagemaker-user/atma/benchmarks/logs/foveal_cpt_clamped/babilong_babilong_direct_ft_polar_lm_output_kl_13cb70f4ef.log
polar_lm_output_kl,babilong,adapted_reasoning,qa4,RMT-team/babilong,64k,,accuracy,30.0,10,/home/sagemaker-user/atma/benchmarks/logs/foveal_cpt_clamped/babilong_babilong_direct_ft_polar_lm_output_kl_13cb70f4ef.log
polar_lm_output_kl,babilong,adapted_reasoning,qa4,RMT-team/babilong,8k,,accuracy,70.0,10,/home/sagemaker-user/atma/benchmarks/logs/foveal_cpt_clamped/babilong_babilong_direct_ft_polar_lm_output_kl_13cb70f4ef.log
polar_lm_output_kl,babilong,adapted_reasoning,qa5,RMT-team/babilong,0k,,accuracy,70.0,10,/home/sagemaker-user/atma/benchmarks/logs/foveal_cpt_clamped/babilong_babilong_direct_ft_polar_lm_output_kl_13cb70f4ef.log
polar_lm_output_kl,babilong,adapted_reasoning,qa5,RMT-team/babilong,128k,,accuracy,10.0,10,/home/sagemaker-user/atma/benchmarks/logs/foveal_cpt_clamped/babilong_babilong_direct_ft_polar_lm_output_kl_13cb70f4ef.log
polar_lm_output_kl,babilong,adapted_reasoning,qa5,RMT-team/babilong,16k,,accuracy,30.0,10,/home/sagemaker-user/atma/benchmarks/logs/foveal_cpt_clamped/babilong_babilong_direct_ft_polar_lm_output_kl_13cb70f4ef.log
polar_lm_output_kl,babilong,adapted_reasoning,qa5,RMT-team/babilong,1k,,accuracy,40.0,10,/home/sagemaker-user/atma/benchmarks/logs/foveal_cpt_clamped/babilong_babilong_direct_ft_polar_lm_output_kl_13cb70f4ef.log
polar_lm_output_kl,babilong,adapted_reasoning,qa5,RMT-team/babilong,256k,,accuracy,0.0,10,/home/sagemaker-user/atma/benchmarks/logs/foveal_cpt_clamped/babilong_babilong_direct_ft_polar_lm_output_kl_13cb70f4ef.log
polar_lm_output_kl,babilong,adapted_reasoning,qa5,RMT-team/babilong,2k,,accuracy,60.0,10,/home/sagemaker-user/atma/benchmarks/logs/foveal_cpt_clamped/babilong_babilong_direct_ft_polar_lm_output_kl_13cb70f4ef.log
polar_lm_output_kl,babilong,adapted_reasoning,qa5,RMT-team/babilong,32k,,accuracy,30.0,10,/home/sagemaker-user/atma/benchmarks/logs/foveal_cpt_clamped/babilong_babilong_direct_ft_polar_lm_output_kl_13cb70f4ef.log
polar_lm_output_kl,babilong,adapted_reasoning,qa5,RMT-team/babilong,4k,,accuracy,70.0,10,/home/sagemaker-user/atma/benchmarks/logs/foveal_cpt_clamped/babilong_babilong_direct_ft_polar_lm_output_kl_13cb70f4ef.log
polar_lm_output_kl,babilong,adapted_reasoning,qa5,RMT-team/babilong,64k,,accuracy,10.0,10,/home/sagemaker-user/atma/benchmarks/logs/foveal_cpt_clamped/babilong_babilong_direct_ft_polar_lm_output_kl_13cb70f4ef.log
polar_lm_output_kl,babilong,adapted_reasoning,qa5,RMT-team/babilong,8k,,accuracy,70.0,10,/home/sagemaker-user/atma/benchmarks/logs/foveal_cpt_clamped/babilong_babilong_direct_ft_polar_lm_output_kl_13cb70f4ef.log
polar_lm_output_kl,babilong,adapted_reasoning,qa6,RMT-team/babilong,0k,,accuracy,40.0,10,/home/sagemaker-user/atma/benchmarks/logs/foveal_cpt_clamped/babilong_babilong_direct_ft_polar_lm_output_kl_13cb70f4ef.log
polar_lm_output_kl,babilong,adapted_reasoning,qa6,RMT-team/babilong,128k,,accuracy,40.0,10,/home/sagemaker-user/atma/benchmarks/logs/foveal_cpt_clamped/babilong_babilong_direct_ft_polar_lm_output_kl_13cb70f4ef.log
polar_lm_output_kl,babilong,adapted_reasoning,qa6,RMT-team/babilong,16k,,accuracy,40.0,10,/home/sagemaker-user/atma/benchmarks/logs/foveal_cpt_clamped/babilong_babilong_direct_ft_polar_lm_output_kl_13cb70f4ef.log
polar_lm_output_kl,babilong,adapted_reasoning,qa6,RMT-team/babilong,1k,,accuracy,40.0,10,/home/sagemaker-user/atma/benchmarks/logs/foveal_cpt_clamped/babilong_babilong_direct_ft_polar_lm_output_kl_13cb70f4ef.log
polar_lm_output_kl,babilong,adapted_reasoning,qa6,RMT-team/babilong,256k,,accuracy,40.0,10,/home/sagemaker-user/atma/benchmarks/logs/foveal_cpt_clamped/babilong_babilong_direct_ft_polar_lm_output_kl_13cb70f4ef.log
polar_lm_output_kl,babilong,adapted_reasoning,qa6,RMT-team/babilong,2k,,accuracy,40.0,10,/home/sagemaker-user/atma/benchmarks/logs/foveal_cpt_clamped/babilong_babilong_direct_ft_polar_lm_output_kl_13cb70f4ef.log
polar_lm_output_kl,babilong,adapted_reasoning,qa6,RMT-team/babilong,32k,,accuracy,40.0,10,/home/sagemaker-user/atma/benchmarks/logs/foveal_cpt_clamped/babilong_babilong_direct_ft_polar_lm_output_kl_13cb70f4ef.log
polar_lm_output_kl,babilong,adapted_reasoning,qa6,RMT-team/babilong,4k,,accuracy,40.0,10,/home/sagemaker-user/atma/benchmarks/logs/foveal_cpt_clamped/babilong_babilong_direct_ft_polar_lm_output_kl_13cb70f4ef.log
polar_lm_output_kl,babilong,adapted_reasoning,qa6,RMT-team/babilong,64k,,accuracy,30.0,10,/home/sagemaker-user/atma/benchmarks/logs/foveal_cpt_clamped/babilong_babilong_direct_ft_polar_lm_output_kl_13cb70f4ef.log
polar_lm_output_kl,babilong,adapted_reasoning,qa6,RMT-team/babilong,8k,,accuracy,40.0,10,/home/sagemaker-user/atma/benchmarks/logs/foveal_cpt_clamped/babilong_babilong_direct_ft_polar_lm_output_kl_13cb70f4ef.log
polar_lm_output_kl,babilong,adapted_reasoning,qa7,RMT-team/babilong,0k,,accuracy,90.0,10,/home/sagemaker-user/atma/benchmarks/logs/foveal_cpt_clamped/babilong_babilong_direct_ft_polar_lm_output_kl_13cb70f4ef.log
polar_lm_output_kl,babilong,adapted_reasoning,qa7,RMT-team/babilong,128k,,accuracy,90.0,10,/home/sagemaker-user/atma/benchmarks/logs/foveal_cpt_clamped/babilong_babilong_direct_ft_polar_lm_output_kl_13cb70f4ef.log
polar_lm_output_kl,babilong,adapted_reasoning,qa7,RMT-team/babilong,16k,,accuracy,90.0,10,/home/sagemaker-user/atma/benchmarks/logs/foveal_cpt_clamped/babilong_babilong_direct_ft_polar_lm_output_kl_13cb70f4ef.log
polar_lm_output_kl,babilong,adapted_reasoning,qa7,RMT-team/babilong,1k,,accuracy,90.0,10,/home/sagemaker-user/atma/benchmarks/logs/foveal_cpt_clamped/babilong_babilong_direct_ft_polar_lm_output_kl_13cb70f4ef.log
polar_lm_output_kl,babilong,adapted_reasoning,qa7,RMT-team/babilong,256k,,accuracy,90.0,10,/home/sagemaker-user/atma/benchmarks/logs/foveal_cpt_clamped/babilong_babilong_direct_ft_polar_lm_output_kl_13cb70f4ef.log
polar_lm_output_kl,babilong,adapted_reasoning,qa7,RMT-team/babilong,2k,,accuracy,90.0,10,/home/sagemaker-user/atma/benchmarks/logs/foveal_cpt_clamped/babilong_babilong_direct_ft_polar_lm_output_kl_13cb70f4ef.log
polar_lm_output_kl,babilong,adapted_reasoning,qa7,RMT-team/babilong,32k,,accuracy,90.0,10,/home/sagemaker-user/atma/benchmarks/logs/foveal_cpt_clamped/babilong_babilong_direct_ft_polar_lm_output_kl_13cb70f4ef.log
polar_lm_output_kl,babilong,adapted_reasoning,qa7,RMT-team/babilong,4k,,accuracy,90.0,10,/home/sagemaker-user/atma/benchmarks/logs/foveal_cpt_clamped/babilong_babilong_direct_ft_polar_lm_output_kl_13cb70f4ef.log
polar_lm_output_kl,babilong,adapted_reasoning,qa7,RMT-team/babilong,64k,,accuracy,90.0,10,/home/sagemaker-user/atma/benchmarks/logs/foveal_cpt_clamped/babilong_babilong_direct_ft_polar_lm_output_kl_13cb70f4ef.log
polar_lm_output_kl,babilong,adapted_reasoning,qa7,RMT-team/babilong,8k,,accuracy,90.0,10,/home/sagemaker-user/atma/benchmarks/logs/foveal_cpt_clamped/babilong_babilong_direct_ft_polar_lm_output_kl_13cb70f4ef.log
polar_lm_output_kl,babilong,adapted_reasoning,qa8,RMT-team/babilong,0k,,accuracy,10.0,10,/home/sagemaker-user/atma/benchmarks/logs/foveal_cpt_clamped/babilong_babilong_direct_ft_polar_lm_output_kl_13cb70f4ef.log
polar_lm_output_kl,babilong,adapted_reasoning,qa8,RMT-team/babilong,128k,,accuracy,40.0,10,/home/sagemaker-user/atma/benchmarks/logs/foveal_cpt_clamped/babilong_babilong_direct_ft_polar_lm_output_kl_13cb70f4ef.log
polar_lm_output_kl,babilong,adapted_reasoning,qa8,RMT-team/babilong,16k,,accuracy,10.0,10,/home/sagemaker-user/atma/benchmarks/logs/foveal_cpt_clamped/babilong_babilong_direct_ft_polar_lm_output_kl_13cb70f4ef.log
polar_lm_output_kl,babilong,adapted_reasoning,qa8,RMT-team/babilong,1k,,accuracy,10.0,10,/home/sagemaker-user/atma/benchmarks/logs/foveal_cpt_clamped/babilong_babilong_direct_ft_polar_lm_output_kl_13cb70f4ef.log
polar_lm_output_kl,babilong,adapted_reasoning,qa8,RMT-team/babilong,256k,,accuracy,40.0,10,/home/sagemaker-user/atma/benchmarks/logs/foveal_cpt_clamped/babilong_babilong_direct_ft_polar_lm_output_kl_13cb70f4ef.log
polar_lm_output_kl,babilong,adapted_reasoning,qa8,RMT-team/babilong,2k,,accuracy,10.0,10,/home/sagemaker-user/atma/benchmarks/logs/foveal_cpt_clamped/babilong_babilong_direct_ft_polar_lm_output_kl_13cb70f4ef.log
polar_lm_output_kl,babilong,adapted_reasoning,qa8,RMT-team/babilong,32k,,accuracy,40.0,10,/home/sagemaker-user/atma/benchmarks/logs/foveal_cpt_clamped/babilong_babilong_direct_ft_polar_lm_output_kl_13cb70f4ef.log
polar_lm_output_kl,babilong,adapted_reasoning,qa8,RMT-team/babilong,4k,,accuracy,0.0,10,/home/sagemaker-user/atma/benchmarks/logs/foveal_cpt_clamped/babilong_babilong_direct_ft_polar_lm_output_kl_13cb70f4ef.log
polar_lm_output_kl,babilong,adapted_reasoning,qa8,RMT-team/babilong,64k,,accuracy,40.0,10,/home/sagemaker-user/atma/benchmarks/logs/foveal_cpt_clamped/babilong_babilong_direct_ft_polar_lm_output_kl_13cb70f4ef.log
polar_lm_output_kl,babilong,adapted_reasoning,qa8,RMT-team/babilong,8k,,accuracy,0.0,10,/home/sagemaker-user/atma/benchmarks/logs/foveal_cpt_clamped/babilong_babilong_direct_ft_polar_lm_output_kl_13cb70f4ef.log
polar_lm_output_kl,babilong,adapted_reasoning,qa9,RMT-team/babilong,0k,,accuracy,80.0,10,/home/sagemaker-user/atma/benchmarks/logs/foveal_cpt_clamped/babilong_babilong_direct_ft_polar_lm_output_kl_13cb70f4ef.log
polar_lm_output_kl,babilong,adapted_reasoning,qa9,RMT-team/babilong,128k,,accuracy,80.0,10,/home/sagemaker-user/atma/benchmarks/logs/foveal_cpt_clamped/babilong_babilong_direct_ft_polar_lm_output_kl_13cb70f4ef.log
polar_lm_output_kl,babilong,adapted_reasoning,qa9,RMT-team/babilong,16k,,accuracy,80.0,10,/home/sagemaker-user/atma/benchmarks/logs/foveal_cpt_clamped/babilong_babilong_direct_ft_polar_lm_output_kl_13cb70f4ef.log
polar_lm_output_kl,babilong,adapted_reasoning,qa9,RMT-team/babilong,1k,,accuracy,80.0,10,/home/sagemaker-user/atma/benchmarks/logs/foveal_cpt_clamped/babilong_babilong_direct_ft_polar_lm_output_kl_13cb70f4ef.log
polar_lm_output_kl,babilong,adapted_reasoning,qa9,RMT-team/babilong,256k,,accuracy,80.0,10,/home/sagemaker-user/atma/benchmarks/logs/foveal_cpt_clamped/babilong_babilong_direct_ft_polar_lm_output_kl_13cb70f4ef.log
polar_lm_output_kl,babilong,adapted_reasoning,qa9,RMT-team/babilong,2k,,accuracy,80.0,10,/home/sagemaker-user/atma/benchmarks/logs/foveal_cpt_clamped/babilong_babilong_direct_ft_polar_lm_output_kl_13cb70f4ef.log
polar_lm_output_kl,babilong,adapted_reasoning,qa9,RMT-team/babilong,32k,,accuracy,80.0,10,/home/sagemaker-user/atma/benchmarks/logs/foveal_cpt_clamped/babilong_babilong_direct_ft_polar_lm_output_kl_13cb70f4ef.log
polar_lm_output_kl,babilong,adapted_reasoning,qa9,RMT-team/babilong,4k,,accuracy,80.0,10,/home/sagemaker-user/atma/benchmarks/logs/foveal_cpt_clamped/babilong_babilong_direct_ft_polar_lm_output_kl_13cb70f4ef.log
polar_lm_output_kl,babilong,adapted_reasoning,qa9,RMT-team/babilong,64k,,accuracy,80.0,10,/home/sagemaker-user/atma/benchmarks/logs/foveal_cpt_clamped/babilong_babilong_direct_ft_polar_lm_output_kl_13cb70f4ef.log
polar_lm_output_kl,babilong,adapted_reasoning,qa9,RMT-team/babilong,8k,,accuracy,80.0,10,/home/sagemaker-user/atma/benchmarks/logs/foveal_cpt_clamped/babilong_babilong_direct_ft_polar_lm_output_kl_13cb70f4ef.log
polar_lm_output_kl,base,zero_shot,arc_challenge,,,,accuracy,0.2608695652173913,299,/home/sagemaker-user/atma/benchmarks/logs/foveal_cpt_clamped/base_base_zero_shot_polar_lm_output_kl_27ebbc0ec4.log
polar_lm_output_kl,base,zero_shot,arc_challenge,,,,accuracy_norm,0.25752508361204013,299,/home/sagemaker-user/atma/benchmarks/logs/foveal_cpt_clamped/base_base_zero_shot_polar_lm_output_kl_27ebbc0ec4.log
polar_lm_output_kl,base,zero_shot,arc_easy,,,,accuracy,0.5666666666666667,570,/home/sagemaker-user/atma/benchmarks/logs/foveal_cpt_clamped/base_base_zero_shot_polar_lm_output_kl_27ebbc0ec4.log
polar_lm_output_kl,base,zero_shot,arc_easy,,,,accuracy_norm,0.4964912280701754,570,/home/sagemaker-user/atma/benchmarks/logs/foveal_cpt_clamped/base_base_zero_shot_polar_lm_output_kl_27ebbc0ec4.log
polar_lm_output_kl,base,zero_shot,boolq,,,,accuracy,0.5825688073394495,3270,/home/sagemaker-user/atma/benchmarks/logs/foveal_cpt_clamped/base_base_zero_shot_polar_lm_output_kl_27ebbc0ec4.log
polar_lm_output_kl,base,zero_shot,boolq,,,,accuracy_norm,0.5825688073394495,3270,/home/sagemaker-user/atma/benchmarks/logs/foveal_cpt_clamped/base_base_zero_shot_polar_lm_output_kl_27ebbc0ec4.log
polar_lm_output_kl,base,zero_shot,hellaswag,,,,accuracy,0.3194582752439753,10042,/home/sagemaker-user/atma/benchmarks/logs/foveal_cpt_clamped/base_base_zero_shot_polar_lm_output_kl_27ebbc0ec4.log
polar_lm_output_kl,base,zero_shot,hellaswag,,,,accuracy_norm,0.364070902210715,10042,/home/sagemaker-user/atma/benchmarks/logs/foveal_cpt_clamped/base_base_zero_shot_polar_lm_output_kl_27ebbc0ec4.log
polar_lm_output_kl,base,zero_shot,lambada,,,,accuracy,0.2796429264506113,5153,/home/sagemaker-user/atma/benchmarks/logs/foveal_cpt_clamped/base_base_zero_shot_polar_lm_output_kl_27ebbc0ec4.log
polar_lm_output_kl,base,zero_shot,lambada,,,,target_nll,3.2227501023381744,5153,/home/sagemaker-user/atma/benchmarks/logs/foveal_cpt_clamped/base_base_zero_shot_polar_lm_output_kl_27ebbc0ec4.log
polar_lm_output_kl,base,zero_shot,lambada,,,,target_perplexity,25.097044804612327,5153,/home/sagemaker-user/atma/benchmarks/logs/foveal_cpt_clamped/base_base_zero_shot_polar_lm_output_kl_27ebbc0ec4.log
polar_lm_output_kl,base,zero_shot,openbookqa,,,,accuracy,0.208,500,/home/sagemaker-user/atma/benchmarks/logs/foveal_cpt_clamped/base_base_zero_shot_polar_lm_output_kl_27ebbc0ec4.log
polar_lm_output_kl,base,zero_shot,openbookqa,,,,accuracy_norm,0.316,500,/home/sagemaker-user/atma/benchmarks/logs/foveal_cpt_clamped/base_base_zero_shot_polar_lm_output_kl_27ebbc0ec4.log
polar_lm_output_kl,base,zero_shot,piqa,,,,accuracy,0.6643090315560392,1838,/home/sagemaker-user/atma/benchmarks/logs/foveal_cpt_clamped/base_base_zero_shot_polar_lm_output_kl_27ebbc0ec4.log
polar_lm_output_kl,base,zero_shot,piqa,,,,accuracy_norm,0.6702937976060935,1838,/home/sagemaker-user/atma/benchmarks/logs/foveal_cpt_clamped/base_base_zero_shot_polar_lm_output_kl_27ebbc0ec4.log
polar_lm_output_kl,base,zero_shot,winogrande,,,,accuracy,0.5224940805051302,1267,/home/sagemaker-user/atma/benchmarks/logs/foveal_cpt_clamped/base_base_zero_shot_polar_lm_output_kl_27ebbc0ec4.log
polar_lm_output_kl,base,zero_shot,winogrande,,,,accuracy_norm,0.5193370165745856,1267,/home/sagemaker-user/atma/benchmarks/logs/foveal_cpt_clamped/base_base_zero_shot_polar_lm_output_kl_27ebbc0ec4.log
polar_lm_output_kl,longdoc,fixed_target,,codelion/finepdfs-1B,128k,,bits_per_byte,0.9519545797472577,4,/home/sagemaker-user/atma/benchmarks/logs/foveal_cpt_clamped/longdoc_longdoc_fixed_target_polar_lm_output_kl_cf561e1363.log
polar_lm_output_kl,longdoc,fixed_target,,codelion/finepdfs-1B,128k,,nll_nats_per_token,1.1295973062515259,4,/home/sagemaker-user/atma/benchmarks/logs/foveal_cpt_clamped/longdoc_longdoc_fixed_target_polar_lm_output_kl_cf561e1363.log
polar_lm_output_kl,longdoc,fixed_target,,codelion/finepdfs-1B,128k,,perplexity,3.094410149570319,4,/home/sagemaker-user/atma/benchmarks/logs/foveal_cpt_clamped/longdoc_longdoc_fixed_target_polar_lm_output_kl_cf561e1363.log
polar_lm_output_kl,longdoc,fixed_target,,codelion/finepdfs-1B,16k,,bits_per_byte,0.9470455446343542,4,/home/sagemaker-user/atma/benchmarks/logs/foveal_cpt_clamped/longdoc_longdoc_fixed_target_polar_lm_output_kl_cf561e1363.log
polar_lm_output_kl,longdoc,fixed_target,,codelion/finepdfs-1B,16k,,nll_nats_per_token,1.1237722039222717,4,/home/sagemaker-user/atma/benchmarks/logs/foveal_cpt_clamped/longdoc_longdoc_fixed_target_polar_lm_output_kl_cf561e1363.log
polar_lm_output_kl,longdoc,fixed_target,,codelion/finepdfs-1B,16k,,perplexity,3.0764372914900715,4,/home/sagemaker-user/atma/benchmarks/logs/foveal_cpt_clamped/longdoc_longdoc_fixed_target_polar_lm_output_kl_cf561e1363.log
polar_lm_output_kl,longdoc,fixed_target,,codelion/finepdfs-1B,256k,,bits_per_byte,0.9813950773345432,4,/home/sagemaker-user/atma/benchmarks/logs/foveal_cpt_clamped/longdoc_longdoc_fixed_target_polar_lm_output_kl_cf561e1363.log
polar_lm_output_kl,longdoc,fixed_target,,codelion/finepdfs-1B,256k,,nll_nats_per_token,1.164531648159027,4,/home/sagemaker-user/atma/benchmarks/logs/foveal_cpt_clamped/longdoc_longdoc_fixed_target_polar_lm_output_kl_cf561e1363.log
polar_lm_output_kl,longdoc,fixed_target,,codelion/finepdfs-1B,256k,,perplexity,3.20442173487868,4,/home/sagemaker-user/atma/benchmarks/logs/foveal_cpt_clamped/longdoc_longdoc_fixed_target_polar_lm_output_kl_cf561e1363.log
polar_lm_output_kl,longdoc,fixed_target,,codelion/finepdfs-1B,2k,,bits_per_byte,0.8887610688806642,4,/home/sagemaker-user/atma/benchmarks/logs/foveal_cpt_clamped/longdoc_longdoc_fixed_target_polar_lm_output_kl_cf561e1363.log
polar_lm_output_kl,longdoc,fixed_target,,codelion/finepdfs-1B,2k,,nll_nats_per_token,1.0546113550662994,4,/home/sagemaker-user/atma/benchmarks/logs/foveal_cpt_clamped/longdoc_longdoc_fixed_target_polar_lm_output_kl_cf561e1363.log
polar_lm_output_kl,longdoc,fixed_target,,codelion/finepdfs-1B,2k,,perplexity,2.8708591921785502,4,/home/sagemaker-user/atma/benchmarks/logs/foveal_cpt_clamped/longdoc_longdoc_fixed_target_polar_lm_output_kl_cf561e1363.log
polar_lm_output_kl,longdoc,fixed_target,,codelion/finepdfs-1B,32k,,bits_per_byte,0.9534805000847193,4,/home/sagemaker-user/atma/benchmarks/logs/foveal_cpt_clamped/longdoc_longdoc_fixed_target_polar_lm_output_kl_cf561e1363.log
polar_lm_output_kl,longdoc,fixed_target,,codelion/finepdfs-1B,32k,,nll_nats_per_token,1.1314079761505127,4,/home/sagemaker-user/atma/benchmarks/logs/foveal_cpt_clamped/longdoc_longdoc_fixed_target_polar_lm_output_kl_cf561e1363.log
polar_lm_output_kl,longdoc,fixed_target,,codelion/finepdfs-1B,32k,,perplexity,3.100018180497489,4,/home/sagemaker-user/atma/benchmarks/logs/foveal_cpt_clamped/longdoc_longdoc_fixed_target_polar_lm_output_kl_cf561e1363.log
polar_lm_output_kl,longdoc,fixed_target,,codelion/finepdfs-1B,4k,,bits_per_byte,0.8679549331041362,4,/home/sagemaker-user/atma/benchmarks/logs/foveal_cpt_clamped/longdoc_longdoc_fixed_target_polar_lm_output_kl_cf561e1363.log
polar_lm_output_kl,longdoc,fixed_target,,codelion/finepdfs-1B,4k,,nll_nats_per_token,1.0299226194620132,4,/home/sagemaker-user/atma/benchmarks/logs/foveal_cpt_clamped/longdoc_longdoc_fixed_target_polar_lm_output_kl_cf561e1363.log
polar_lm_output_kl,longdoc,fixed_target,,codelion/finepdfs-1B,4k,,perplexity,2.800849095103675,4,/home/sagemaker-user/atma/benchmarks/logs/foveal_cpt_clamped/longdoc_longdoc_fixed_target_polar_lm_output_kl_cf561e1363.log
polar_lm_output_kl,longdoc,fixed_target,,codelion/finepdfs-1B,64k,,bits_per_byte,0.9712156696952289,4,/home/sagemaker-user/atma/benchmarks/logs/foveal_cpt_clamped/longdoc_longdoc_fixed_target_polar_lm_output_kl_cf561e1363.log
polar_lm_output_kl,longdoc,fixed_target,,codelion/finepdfs-1B,64k,,nll_nats_per_token,1.152452677488327,4,/home/sagemaker-user/atma/benchmarks/logs/foveal_cpt_clamped/longdoc_longdoc_fixed_target_polar_lm_output_kl_cf561e1363.log
polar_lm_output_kl,longdoc,fixed_target,,codelion/finepdfs-1B,64k,,perplexity,3.165948445369176,4,/home/sagemaker-user/atma/benchmarks/logs/foveal_cpt_clamped/longdoc_longdoc_fixed_target_polar_lm_output_kl_cf561e1363.log
polar_lm_output_kl,longdoc,fixed_target,,codelion/finepdfs-1B,8k,,bits_per_byte,0.9106694256712455,4,/home/sagemaker-user/atma/benchmarks/logs/foveal_cpt_clamped/longdoc_longdoc_fixed_target_polar_lm_output_kl_cf561e1363.log
polar_lm_output_kl,longdoc,fixed_target,,codelion/finepdfs-1B,8k,,nll_nats_per_token,1.080607995390892,4,/home/sagemaker-user/atma/benchmarks/logs/foveal_cpt_clamped/longdoc_longdoc_fixed_target_polar_lm_output_kl_cf561e1363.log
polar_lm_output_kl,longdoc,fixed_target,,codelion/finepdfs-1B,8k,,perplexity,2.9464704470333043,4,/home/sagemaker-user/atma/benchmarks/logs/foveal_cpt_clamped/longdoc_longdoc_fixed_target_polar_lm_output_kl_cf561e1363.log
polar_lm_output_kl,longdoc,fixed_target,,emozilla/pg19,128k,,bits_per_byte,1.1288695759956888,4,/home/sagemaker-user/atma/benchmarks/logs/foveal_cpt_clamped/longdoc_longdoc_fixed_target_polar_lm_output_kl_cf561e1363.log
polar_lm_output_kl,longdoc,fixed_target,,emozilla/pg19,128k,,nll_nats_per_token,3.1459378600120544,4,/home/sagemaker-user/atma/benchmarks/logs/foveal_cpt_clamped/longdoc_longdoc_fixed_target_polar_lm_output_kl_cf561e1363.log
polar_lm_output_kl,longdoc,fixed_target,,emozilla/pg19,128k,,perplexity,23.241462493394145,4,/home/sagemaker-user/atma/benchmarks/logs/foveal_cpt_clamped/longdoc_longdoc_fixed_target_polar_lm_output_kl_cf561e1363.log
polar_lm_output_kl,longdoc,fixed_target,,emozilla/pg19,16k,,bits_per_byte,1.128478578765109,4,/home/sagemaker-user/atma/benchmarks/logs/foveal_cpt_clamped/longdoc_longdoc_fixed_target_polar_lm_output_kl_cf561e1363.log
polar_lm_output_kl,longdoc,fixed_target,,emozilla/pg19,16k,,nll_nats_per_token,3.1448482275009155,4,/home/sagemaker-user/atma/benchmarks/logs/foveal_cpt_clamped/longdoc_longdoc_fixed_target_polar_lm_output_kl_cf561e1363.log
polar_lm_output_kl,longdoc,fixed_target,,emozilla/pg19,16k,,perplexity,23.216151632527666,4,/home/sagemaker-user/atma/benchmarks/logs/foveal_cpt_clamped/longdoc_longdoc_fixed_target_polar_lm_output_kl_cf561e1363.log
polar_lm_output_kl,longdoc,fixed_target,,emozilla/pg19,256k,,bits_per_byte,1.1270296154489419,4,/home/sagemaker-user/atma/benchmarks/logs/foveal_cpt_clamped/longdoc_longdoc_fixed_target_polar_lm_output_kl_cf561e1363.log
polar_lm_output_kl,longdoc,fixed_target,,emozilla/pg19,256k,,nll_nats_per_token,3.140810251235962,4,/home/sagemaker-user/atma/benchmarks/logs/foveal_cpt_clamped/longdoc_longdoc_fixed_target_polar_lm_output_kl_cf561e1363.log
polar_lm_output_kl,longdoc,fixed_target,,emozilla/pg19,256k,,perplexity,23.122594381374586,4,/home/sagemaker-user/atma/benchmarks/logs/foveal_cpt_clamped/longdoc_longdoc_fixed_target_polar_lm_output_kl_cf561e1363.log
polar_lm_output_kl,longdoc,fixed_target,,emozilla/pg19,2k,,bits_per_byte,1.1380857406834404,4,/home/sagemaker-user/atma/benchmarks/logs/foveal_cpt_clamped/longdoc_longdoc_fixed_target_polar_lm_output_kl_cf561e1363.log
polar_lm_output_kl,longdoc,fixed_target,,emozilla/pg19,2k,,nll_nats_per_token,3.1716215014457703,4,/home/sagemaker-user/atma/benchmarks/logs/foveal_cpt_clamped/longdoc_longdoc_fixed_target_polar_lm_output_kl_cf561e1363.log
polar_lm_output_kl,longdoc,fixed_target,,emozilla/pg19,2k,,perplexity,23.846119541772033,4,/home/sagemaker-user/atma/benchmarks/logs/foveal_cpt_clamped/longdoc_longdoc_fixed_target_polar_lm_output_kl_cf561e1363.log
polar_lm_output_kl,longdoc,fixed_target,,emozilla/pg19,32k,,bits_per_byte,1.1264340830990562,4,/home/sagemaker-user/atma/benchmarks/logs/foveal_cpt_clamped/longdoc_longdoc_fixed_target_polar_lm_output_kl_cf561e1363.log
polar_lm_output_kl,longdoc,fixed_target,,emozilla/pg19,32k,,nll_nats_per_token,3.139150619506836,4,/home/sagemaker-user/atma/benchmarks/logs/foveal_cpt_clamped/longdoc_longdoc_fixed_target_polar_lm_output_kl_cf561e1363.log
polar_lm_output_kl,longdoc,fixed_target,,emozilla/pg19,32k,,perplexity,23.084251216646898,4,/home/sagemaker-user/atma/benchmarks/logs/foveal_cpt_clamped/longdoc_longdoc_fixed_target_polar_lm_output_kl_cf561e1363.log
polar_lm_output_kl,longdoc,fixed_target,,emozilla/pg19,4k,,bits_per_byte,1.1353088711226602,4,/home/sagemaker-user/atma/benchmarks/logs/foveal_cpt_clamped/longdoc_longdoc_fixed_target_polar_lm_output_kl_cf561e1363.log
polar_lm_output_kl,longdoc,fixed_target,,emozilla/pg19,4k,,nll_nats_per_token,3.1638829112052917,4,/home/sagemaker-user/atma/benchmarks/logs/foveal_cpt_clamped/longdoc_longdoc_fixed_target_polar_lm_output_kl_cf561e1363.log
polar_lm_output_kl,longdoc,fixed_target,,emozilla/pg19,4k,,perplexity,23.662296377251458,4,/home/sagemaker-user/atma/benchmarks/logs/foveal_cpt_clamped/longdoc_longdoc_fixed_target_polar_lm_output_kl_cf561e1363.log
polar_lm_output_kl,longdoc,fixed_target,,emozilla/pg19,64k,,bits_per_byte,1.1316077971239074,4,/home/sagemaker-user/atma/benchmarks/logs/foveal_cpt_clamped/longdoc_longdoc_fixed_target_polar_lm_output_kl_cf561e1363.log
polar_lm_output_kl,longdoc,fixed_target,,emozilla/pg19,64k,,nll_nats_per_token,3.153568744659424,4,/home/sagemaker-user/atma/benchmarks/logs/foveal_cpt_clamped/longdoc_longdoc_fixed_target_polar_lm_output_kl_cf561e1363.log
polar_lm_output_kl,longdoc,fixed_target,,emozilla/pg19,64k,,perplexity,23.419493817062563,4,/home/sagemaker-user/atma/benchmarks/logs/foveal_cpt_clamped/longdoc_longdoc_fixed_target_polar_lm_output_kl_cf561e1363.log
polar_lm_output_kl,longdoc,fixed_target,,emozilla/pg19,8k,,bits_per_byte,1.1272139815190474,4,/home/sagemaker-user/atma/benchmarks/logs/foveal_cpt_clamped/longdoc_longdoc_fixed_target_polar_lm_output_kl_cf561e1363.log
polar_lm_output_kl,longdoc,fixed_target,,emozilla/pg19,8k,,nll_nats_per_token,3.141324043273926,4,/home/sagemaker-user/atma/benchmarks/logs/foveal_cpt_clamped/longdoc_longdoc_fixed_target_polar_lm_output_kl_cf561e1363.log
polar_lm_output_kl,longdoc,fixed_target,,emozilla/pg19,8k,,perplexity,23.134477638764906,4,/home/sagemaker-user/atma/benchmarks/logs/foveal_cpt_clamped/longdoc_longdoc_fixed_target_polar_lm_output_kl_cf561e1363.log
polar_lm_output_kl,longdoc,fixed_target,,hoskinson-center/proof-pile,128k,,bits_per_byte,2.233394000154648,4,/home/sagemaker-user/atma/benchmarks/logs/foveal_cpt_clamped/longdoc_longdoc_fixed_target_polar_lm_output_kl_cf561e1363.log
polar_lm_output_kl,longdoc,fixed_target,,hoskinson-center/proof-pile,128k,,nll_nats_per_token,4.175558030605316,4,/home/sagemaker-user/atma/benchmarks/logs/foveal_cpt_clamped/longdoc_longdoc_fixed_target_polar_lm_output_kl_cf561e1363.log
polar_lm_output_kl,longdoc,fixed_target,,hoskinson-center/proof-pile,128k,,perplexity,65.07614401063968,4,/home/sagemaker-user/atma/benchmarks/logs/foveal_cpt_clamped/longdoc_longdoc_fixed_target_polar_lm_output_kl_cf561e1363.log
polar_lm_output_kl,longdoc,fixed_target,,hoskinson-center/proof-pile,16k,,bits_per_byte,2.295193995351538,4,/home/sagemaker-user/atma/benchmarks/logs/foveal_cpt_clamped/longdoc_longdoc_fixed_target_polar_lm_output_kl_cf561e1363.log
polar_lm_output_kl,longdoc,fixed_target,,hoskinson-center/proof-pile,16k,,nll_nats_per_token,4.291099429130554,4,/home/sagemaker-user/atma/benchmarks/logs/foveal_cpt_clamped/longdoc_longdoc_fixed_target_polar_lm_output_kl_cf561e1363.log
polar_lm_output_kl,longdoc,fixed_target,,hoskinson-center/proof-pile,16k,,perplexity,73.04673407572619,4,/home/sagemaker-user/atma/benchmarks/logs/foveal_cpt_clamped/longdoc_longdoc_fixed_target_polar_lm_output_kl_cf561e1363.log
polar_lm_output_kl,longdoc,fixed_target,,hoskinson-center/proof-pile,256k,,bits_per_byte,2.2164199894860235,4,/home/sagemaker-user/atma/benchmarks/logs/foveal_cpt_clamped/longdoc_longdoc_fixed_target_polar_lm_output_kl_cf561e1363.log
polar_lm_output_kl,longdoc,fixed_target,,hoskinson-center/proof-pile,256k,,nll_nats_per_token,4.1438233852386475,4,/home/sagemaker-user/atma/benchmarks/logs/foveal_cpt_clamped/longdoc_longdoc_fixed_target_polar_lm_output_kl_cf561e1363.log
polar_lm_output_kl,longdoc,fixed_target,,hoskinson-center/proof-pile,256k,,perplexity,63.04340044970483,4,/home/sagemaker-user/atma/benchmarks/logs/foveal_cpt_clamped/longdoc_longdoc_fixed_target_polar_lm_output_kl_cf561e1363.log
polar_lm_output_kl,longdoc,fixed_target,,hoskinson-center/proof-pile,2k,,bits_per_byte,2.251351728671792,4,/home/sagemaker-user/atma/benchmarks/logs/foveal_cpt_clamped/longdoc_longdoc_fixed_target_polar_lm_output_kl_cf561e1363.log
polar_lm_output_kl,longdoc,fixed_target,,hoskinson-center/proof-pile,2k,,nll_nats_per_token,4.209131836891174,4,/home/sagemaker-user/atma/benchmarks/logs/foveal_cpt_clamped/longdoc_longdoc_fixed_target_polar_lm_output_kl_cf561e1363.log
polar_lm_output_kl,longdoc,fixed_target,,hoskinson-center/proof-pile,2k,,perplexity,67.29808872332515,4,/home/sagemaker-user/atma/benchmarks/logs/foveal_cpt_clamped/longdoc_longdoc_fixed_target_polar_lm_output_kl_cf561e1363.log
polar_lm_output_kl,longdoc,fixed_target,,hoskinson-center/proof-pile,32k,,bits_per_byte,2.2902386792823415,4,/home/sagemaker-user/atma/benchmarks/logs/foveal_cpt_clamped/longdoc_longdoc_fixed_target_polar_lm_output_kl_cf561e1363.log
polar_lm_output_kl,longdoc,fixed_target,,hoskinson-center/proof-pile,32k,,nll_nats_per_token,4.281834959983826,4,/home/sagemaker-user/atma/benchmarks/logs/foveal_cpt_clamped/longdoc_longdoc_fixed_target_polar_lm_output_kl_cf561e1363.log
polar_lm_output_kl,longdoc,fixed_target,,hoskinson-center/proof-pile,32k,,perplexity,72.3731200179792,4,/home/sagemaker-user/atma/benchmarks/logs/foveal_cpt_clamped/longdoc_longdoc_fixed_target_polar_lm_output_kl_cf561e1363.log
polar_lm_output_kl,longdoc,fixed_target,,hoskinson-center/proof-pile,4k,,bits_per_byte,2.2530736493587376,4,/home/sagemaker-user/atma/benchmarks/logs/foveal_cpt_clamped/longdoc_longdoc_fixed_target_polar_lm_output_kl_cf561e1363.log
polar_lm_output_kl,longdoc,fixed_target,,hoskinson-center/proof-pile,4k,,nll_nats_per_token,4.212351143360138,4,/home/sagemaker-user/atma/benchmarks/logs/foveal_cpt_clamped/longdoc_longdoc_fixed_target_polar_lm_output_kl_cf561e1363.log
polar_lm_output_kl,longdoc,fixed_target,,hoskinson-center/proof-pile,4k,,perplexity,67.51509100671197,4,/home/sagemaker-user/atma/benchmarks/logs/foveal_cpt_clamped/longdoc_longdoc_fixed_target_polar_lm_output_kl_cf561e1363.log
polar_lm_output_kl,longdoc,fixed_target,,hoskinson-center/proof-pile,64k,,bits_per_byte,2.2494955892869504,4,/home/sagemaker-user/atma/benchmarks/logs/foveal_cpt_clamped/longdoc_longdoc_fixed_target_polar_lm_output_kl_cf561e1363.log
polar_lm_output_kl,longdoc,fixed_target,,hoskinson-center/proof-pile,64k,,nll_nats_per_token,4.205661594867706,4,/home/sagemaker-user/atma/benchmarks/logs/foveal_cpt_clamped/longdoc_longdoc_fixed_target_polar_lm_output_kl_cf561e1363.log
polar_lm_output_kl,longdoc,fixed_target,,hoskinson-center/proof-pile,64k,,perplexity,67.0649528207047,4,/home/sagemaker-user/atma/benchmarks/logs/foveal_cpt_clamped/longdoc_longdoc_fixed_target_polar_lm_output_kl_cf561e1363.log
polar_lm_output_kl,longdoc,fixed_target,,hoskinson-center/proof-pile,8k,,bits_per_byte,2.307474591756954,4,/home/sagemaker-user/atma/benchmarks/logs/foveal_cpt_clamped/longdoc_longdoc_fixed_target_polar_lm_output_kl_cf561e1363.log
polar_lm_output_kl,longdoc,fixed_target,,hoskinson-center/proof-pile,8k,,nll_nats_per_token,4.314059257507324,4,/home/sagemaker-user/atma/benchmarks/logs/foveal_cpt_clamped/longdoc_longdoc_fixed_target_polar_lm_output_kl_cf561e1363.log
polar_lm_output_kl,longdoc,fixed_target,,hoskinson-center/proof-pile,8k,,perplexity,74.74327618385468,4,/home/sagemaker-user/atma/benchmarks/logs/foveal_cpt_clamped/longdoc_longdoc_fixed_target_polar_lm_output_kl_cf561e1363.log
polar_lm_output_kl,retrieval,real,niah,codelion/finepdfs-1B,128k,0.1,exact_match,0.0,10,/home/sagemaker-user/atma/benchmarks/logs/foveal_cpt_clamped/retrieval_retrieval_real_polar_lm_output_kl_2fed83d22b.log
polar_lm_output_kl,retrieval,real,niah,codelion/finepdfs-1B,128k,0.1,nll_nats_per_token,4.608626785278321,10,/home/sagemaker-user/atma/benchmarks/logs/foveal_cpt_clamped/retrieval_retrieval_real_polar_lm_output_kl_2fed83d22b.log
polar_lm_output_kl,retrieval,real,niah,codelion/finepdfs-1B,128k,0.1,token_accuracy,0.0,10,/home/sagemaker-user/atma/benchmarks/logs/foveal_cpt_clamped/retrieval_retrieval_real_polar_lm_output_kl_2fed83d22b.log
polar_lm_output_kl,retrieval,real,niah,codelion/finepdfs-1B,128k,0.5,exact_match,0.0,10,/home/sagemaker-user/atma/benchmarks/logs/foveal_cpt_clamped/retrieval_retrieval_real_polar_lm_output_kl_2fed83d22b.log
polar_lm_output_kl,retrieval,real,niah,codelion/finepdfs-1B,128k,0.5,nll_nats_per_token,4.634163665771484,10,/home/sagemaker-user/atma/benchmarks/logs/foveal_cpt_clamped/retrieval_retrieval_real_polar_lm_output_kl_2fed83d22b.log
polar_lm_output_kl,retrieval,real,niah,codelion/finepdfs-1B,128k,0.5,token_accuracy,0.0,10,/home/sagemaker-user/atma/benchmarks/logs/foveal_cpt_clamped/retrieval_retrieval_real_polar_lm_output_kl_2fed83d22b.log
polar_lm_output_kl,retrieval,real,niah,codelion/finepdfs-1B,128k,0.9,exact_match,0.0,10,/home/sagemaker-user/atma/benchmarks/logs/foveal_cpt_clamped/retrieval_retrieval_real_polar_lm_output_kl_2fed83d22b.log
polar_lm_output_kl,retrieval,real,niah,codelion/finepdfs-1B,128k,0.9,nll_nats_per_token,4.713228378295899,10,/home/sagemaker-user/atma/benchmarks/logs/foveal_cpt_clamped/retrieval_retrieval_real_polar_lm_output_kl_2fed83d22b.log
polar_lm_output_kl,retrieval,real,niah,codelion/finepdfs-1B,128k,0.9,token_accuracy,0.0,10,/home/sagemaker-user/atma/benchmarks/logs/foveal_cpt_clamped/retrieval_retrieval_real_polar_lm_output_kl_2fed83d22b.log
polar_lm_output_kl,retrieval,real,niah,codelion/finepdfs-1B,16k,0.1,exact_match,0.0,10,/home/sagemaker-user/atma/benchmarks/logs/foveal_cpt_clamped/retrieval_retrieval_real_polar_lm_output_kl_2fed83d22b.log
polar_lm_output_kl,retrieval,real,niah,codelion/finepdfs-1B,16k,0.1,nll_nats_per_token,4.964182052612305,10,/home/sagemaker-user/atma/benchmarks/logs/foveal_cpt_clamped/retrieval_retrieval_real_polar_lm_output_kl_2fed83d22b.log
polar_lm_output_kl,retrieval,real,niah,codelion/finepdfs-1B,16k,0.1,token_accuracy,2.0,10,/home/sagemaker-user/atma/benchmarks/logs/foveal_cpt_clamped/retrieval_retrieval_real_polar_lm_output_kl_2fed83d22b.log
polar_lm_output_kl,retrieval,real,niah,codelion/finepdfs-1B,16k,0.5,exact_match,0.0,10,/home/sagemaker-user/atma/benchmarks/logs/foveal_cpt_clamped/retrieval_retrieval_real_polar_lm_output_kl_2fed83d22b.log
polar_lm_output_kl,retrieval,real,niah,codelion/finepdfs-1B,16k,0.5,nll_nats_per_token,5.317486343383789,10,/home/sagemaker-user/atma/benchmarks/logs/foveal_cpt_clamped/retrieval_retrieval_real_polar_lm_output_kl_2fed83d22b.log
polar_lm_output_kl,retrieval,real,niah,codelion/finepdfs-1B,16k,0.5,token_accuracy,0.0,10,/home/sagemaker-user/atma/benchmarks/logs/foveal_cpt_clamped/retrieval_retrieval_real_polar_lm_output_kl_2fed83d22b.log
polar_lm_output_kl,retrieval,real,niah,codelion/finepdfs-1B,16k,0.9,exact_match,0.0,10,/home/sagemaker-user/atma/benchmarks/logs/foveal_cpt_clamped/retrieval_retrieval_real_polar_lm_output_kl_2fed83d22b.log
polar_lm_output_kl,retrieval,real,niah,codelion/finepdfs-1B,16k,0.9,nll_nats_per_token,4.3376372528076175,10,/home/sagemaker-user/atma/benchmarks/logs/foveal_cpt_clamped/retrieval_retrieval_real_polar_lm_output_kl_2fed83d22b.log
polar_lm_output_kl,retrieval,real,niah,codelion/finepdfs-1B,16k,0.9,token_accuracy,2.0,10,/home/sagemaker-user/atma/benchmarks/logs/foveal_cpt_clamped/retrieval_retrieval_real_polar_lm_output_kl_2fed83d22b.log
polar_lm_output_kl,retrieval,real,niah,codelion/finepdfs-1B,256k,0.1,exact_match,0.0,10,/home/sagemaker-user/atma/benchmarks/logs/foveal_cpt_clamped/retrieval_retrieval_real_polar_lm_output_kl_2fed83d22b.log
polar_lm_output_kl,retrieval,real,niah,codelion/finepdfs-1B,256k,0.1,nll_nats_per_token,5.134621238708496,10,/home/sagemaker-user/atma/benchmarks/logs/foveal_cpt_clamped/retrieval_retrieval_real_polar_lm_output_kl_2fed83d22b.log
polar_lm_output_kl,retrieval,real,niah,codelion/finepdfs-1B,256k,0.1,token_accuracy,0.0,10,/home/sagemaker-user/atma/benchmarks/logs/foveal_cpt_clamped/retrieval_retrieval_real_polar_lm_output_kl_2fed83d22b.log
polar_lm_output_kl,retrieval,real,niah,codelion/finepdfs-1B,256k,0.5,exact_match,0.0,10,/home/sagemaker-user/atma/benchmarks/logs/foveal_cpt_clamped/retrieval_retrieval_real_polar_lm_output_kl_2fed83d22b.log
polar_lm_output_kl,retrieval,real,niah,codelion/finepdfs-1B,256k,0.5,nll_nats_per_token,5.154922943115235,10,/home/sagemaker-user/atma/benchmarks/logs/foveal_cpt_clamped/retrieval_retrieval_real_polar_lm_output_kl_2fed83d22b.log
polar_lm_output_kl,retrieval,real,niah,codelion/finepdfs-1B,256k,0.5,token_accuracy,0.0,10,/home/sagemaker-user/atma/benchmarks/logs/foveal_cpt_clamped/retrieval_retrieval_real_polar_lm_output_kl_2fed83d22b.log
polar_lm_output_kl,retrieval,real,niah,codelion/finepdfs-1B,256k,0.9,exact_match,0.0,10,/home/sagemaker-user/atma/benchmarks/logs/foveal_cpt_clamped/retrieval_retrieval_real_polar_lm_output_kl_2fed83d22b.log
polar_lm_output_kl,retrieval,real,niah,codelion/finepdfs-1B,256k,0.9,nll_nats_per_token,5.155257453918457,10,/home/sagemaker-user/atma/benchmarks/logs/foveal_cpt_clamped/retrieval_retrieval_real_polar_lm_output_kl_2fed83d22b.log
polar_lm_output_kl,retrieval,real,niah,codelion/finepdfs-1B,256k,0.9,token_accuracy,0.0,10,/home/sagemaker-user/atma/benchmarks/logs/foveal_cpt_clamped/retrieval_retrieval_real_polar_lm_output_kl_2fed83d22b.log
polar_lm_output_kl,retrieval,real,niah,codelion/finepdfs-1B,2k,0.1,exact_match,100.0,10,/home/sagemaker-user/atma/benchmarks/logs/foveal_cpt_clamped/retrieval_retrieval_real_polar_lm_output_kl_2fed83d22b.log
polar_lm_output_kl,retrieval,real,niah,codelion/finepdfs-1B,2k,0.1,nll_nats_per_token,0.15156524121761322,10,/home/sagemaker-user/atma/benchmarks/logs/foveal_cpt_clamped/retrieval_retrieval_real_polar_lm_output_kl_2fed83d22b.log
polar_lm_output_kl,retrieval,real,niah,codelion/finepdfs-1B,2k,0.1,token_accuracy,100.0,10,/home/sagemaker-user/atma/benchmarks/logs/foveal_cpt_clamped/retrieval_retrieval_real_polar_lm_output_kl_2fed83d22b.log
polar_lm_output_kl,retrieval,real,niah,codelion/finepdfs-1B,2k,0.5,exact_match,100.0,10,/home/sagemaker-user/atma/benchmarks/logs/foveal_cpt_clamped/retrieval_retrieval_real_polar_lm_output_kl_2fed83d22b.log
polar_lm_output_kl,retrieval,real,niah,codelion/finepdfs-1B,2k,0.5,nll_nats_per_token,0.2846340882778168,10,/home/sagemaker-user/atma/benchmarks/logs/foveal_cpt_clamped/retrieval_retrieval_real_polar_lm_output_kl_2fed83d22b.log
polar_lm_output_kl,retrieval,real,niah,codelion/finepdfs-1B,2k,0.5,token_accuracy,100.0,10,/home/sagemaker-user/atma/benchmarks/logs/foveal_cpt_clamped/retrieval_retrieval_real_polar_lm_output_kl_2fed83d22b.log
polar_lm_output_kl,retrieval,real,niah,codelion/finepdfs-1B,2k,0.9,exact_match,90.0,10,/home/sagemaker-user/atma/benchmarks/logs/foveal_cpt_clamped/retrieval_retrieval_real_polar_lm_output_kl_2fed83d22b.log
polar_lm_output_kl,retrieval,real,niah,codelion/finepdfs-1B,2k,0.9,nll_nats_per_token,0.32854007959365844,10,/home/sagemaker-user/atma/benchmarks/logs/foveal_cpt_clamped/retrieval_retrieval_real_polar_lm_output_kl_2fed83d22b.log
polar_lm_output_kl,retrieval,real,niah,codelion/finepdfs-1B,2k,0.9,token_accuracy,98.0,10,/home/sagemaker-user/atma/benchmarks/logs/foveal_cpt_clamped/retrieval_retrieval_real_polar_lm_output_kl_2fed83d22b.log
polar_lm_output_kl,retrieval,real,niah,codelion/finepdfs-1B,32k,0.1,exact_match,0.0,10,/home/sagemaker-user/atma/benchmarks/logs/foveal_cpt_clamped/retrieval_retrieval_real_polar_lm_output_kl_2fed83d22b.log
polar_lm_output_kl,retrieval,real,niah,codelion/finepdfs-1B,32k,0.1,nll_nats_per_token,5.30161937713623,10,/home/sagemaker-user/atma/benchmarks/logs/foveal_cpt_clamped/retrieval_retrieval_real_polar_lm_output_kl_2fed83d22b.log
polar_lm_output_kl,retrieval,real,niah,codelion/finepdfs-1B,32k,0.1,token_accuracy,0.0,10,/home/sagemaker-user/atma/benchmarks/logs/foveal_cpt_clamped/retrieval_retrieval_real_polar_lm_output_kl_2fed83d22b.log
polar_lm_output_kl,retrieval,real,niah,codelion/finepdfs-1B,32k,0.5,exact_match,0.0,10,/home/sagemaker-user/atma/benchmarks/logs/foveal_cpt_clamped/retrieval_retrieval_real_polar_lm_output_kl_2fed83d22b.log
polar_lm_output_kl,retrieval,real,niah,codelion/finepdfs-1B,32k,0.5,nll_nats_per_token,5.3262162780761715,10,/home/sagemaker-user/atma/benchmarks/logs/foveal_cpt_clamped/retrieval_retrieval_real_polar_lm_output_kl_2fed83d22b.log
polar_lm_output_kl,retrieval,real,niah,codelion/finepdfs-1B,32k,0.5,token_accuracy,0.0,10,/home/sagemaker-user/atma/benchmarks/logs/foveal_cpt_clamped/retrieval_retrieval_real_polar_lm_output_kl_2fed83d22b.log
polar_lm_output_kl,retrieval,real,niah,codelion/finepdfs-1B,32k,0.9,exact_match,0.0,10,/home/sagemaker-user/atma/benchmarks/logs/foveal_cpt_clamped/retrieval_retrieval_real_polar_lm_output_kl_2fed83d22b.log
polar_lm_output_kl,retrieval,real,niah,codelion/finepdfs-1B,32k,0.9,nll_nats_per_token,2.8255498695373533,10,/home/sagemaker-user/atma/benchmarks/logs/foveal_cpt_clamped/retrieval_retrieval_real_polar_lm_output_kl_2fed83d22b.log
polar_lm_output_kl,retrieval,real,niah,codelion/finepdfs-1B,32k,0.9,token_accuracy,20.0,10,/home/sagemaker-user/atma/benchmarks/logs/foveal_cpt_clamped/retrieval_retrieval_real_polar_lm_output_kl_2fed83d22b.log
polar_lm_output_kl,retrieval,real,niah,codelion/finepdfs-1B,4k,0.1,exact_match,50.0,10,/home/sagemaker-user/atma/benchmarks/logs/foveal_cpt_clamped/retrieval_retrieval_real_polar_lm_output_kl_2fed83d22b.log
polar_lm_output_kl,retrieval,real,niah,codelion/finepdfs-1B,4k,0.1,nll_nats_per_token,1.47484703540802,10,/home/sagemaker-user/atma/benchmarks/logs/foveal_cpt_clamped/retrieval_retrieval_real_polar_lm_output_kl_2fed83d22b.log
polar_lm_output_kl,retrieval,real,niah,codelion/finepdfs-1B,4k,0.1,token_accuracy,76.0,10,/home/sagemaker-user/atma/benchmarks/logs/foveal_cpt_clamped/retrieval_retrieval_real_polar_lm_output_kl_2fed83d22b.log
polar_lm_output_kl,retrieval,real,niah,codelion/finepdfs-1B,4k,0.5,exact_match,60.0,10,/home/sagemaker-user/atma/benchmarks/logs/foveal_cpt_clamped/retrieval_retrieval_real_polar_lm_output_kl_2fed83d22b.log
polar_lm_output_kl,retrieval,real,niah,codelion/finepdfs-1B,4k,0.5,nll_nats_per_token,0.6863580226898194,10,/home/sagemaker-user/atma/benchmarks/logs/foveal_cpt_clamped/retrieval_retrieval_real_polar_lm_output_kl_2fed83d22b.log
polar_lm_output_kl,retrieval,real,niah,codelion/finepdfs-1B,4k,0.5,token_accuracy,92.0,10,/home/sagemaker-user/atma/benchmarks/logs/foveal_cpt_clamped/retrieval_retrieval_real_polar_lm_output_kl_2fed83d22b.log
polar_lm_output_kl,retrieval,real,niah,codelion/finepdfs-1B,4k,0.9,exact_match,100.0,10,/home/sagemaker-user/atma/benchmarks/logs/foveal_cpt_clamped/retrieval_retrieval_real_polar_lm_output_kl_2fed83d22b.log
polar_lm_output_kl,retrieval,real,niah,codelion/finepdfs-1B,4k,0.9,nll_nats_per_token,0.19331012725830077,10,/home/sagemaker-user/atma/benchmarks/logs/foveal_cpt_clamped/retrieval_retrieval_real_polar_lm_output_kl_2fed83d22b.log
polar_lm_output_kl,retrieval,real,niah,codelion/finepdfs-1B,4k,0.9,token_accuracy,100.0,10,/home/sagemaker-user/atma/benchmarks/logs/foveal_cpt_clamped/retrieval_retrieval_real_polar_lm_output_kl_2fed83d22b.log
polar_lm_output_kl,retrieval,real,niah,codelion/finepdfs-1B,64k,0.1,exact_match,0.0,10,/home/sagemaker-user/atma/benchmarks/logs/foveal_cpt_clamped/retrieval_retrieval_real_polar_lm_output_kl_2fed83d22b.log
polar_lm_output_kl,retrieval,real,niah,codelion/finepdfs-1B,64k,0.1,nll_nats_per_token,5.972244796752929,10,/home/sagemaker-user/atma/benchmarks/logs/foveal_cpt_clamped/retrieval_retrieval_real_polar_lm_output_kl_2fed83d22b.log
polar_lm_output_kl,retrieval,real,niah,codelion/finepdfs-1B,64k,0.1,token_accuracy,0.0,10,/home/sagemaker-user/atma/benchmarks/logs/foveal_cpt_clamped/retrieval_retrieval_real_polar_lm_output_kl_2fed83d22b.log
polar_lm_output_kl,retrieval,real,niah,codelion/finepdfs-1B,64k,0.5,exact_match,0.0,10,/home/sagemaker-user/atma/benchmarks/logs/foveal_cpt_clamped/retrieval_retrieval_real_polar_lm_output_kl_2fed83d22b.log
polar_lm_output_kl,retrieval,real,niah,codelion/finepdfs-1B,64k,0.5,nll_nats_per_token,5.92707088470459,10,/home/sagemaker-user/atma/benchmarks/logs/foveal_cpt_clamped/retrieval_retrieval_real_polar_lm_output_kl_2fed83d22b.log
polar_lm_output_kl,retrieval,real,niah,codelion/finepdfs-1B,64k,0.5,token_accuracy,0.0,10,/home/sagemaker-user/atma/benchmarks/logs/foveal_cpt_clamped/retrieval_retrieval_real_polar_lm_output_kl_2fed83d22b.log
polar_lm_output_kl,retrieval,real,niah,codelion/finepdfs-1B,64k,0.9,exact_match,0.0,10,/home/sagemaker-user/atma/benchmarks/logs/foveal_cpt_clamped/retrieval_retrieval_real_polar_lm_output_kl_2fed83d22b.log
polar_lm_output_kl,retrieval,real,niah,codelion/finepdfs-1B,64k,0.9,nll_nats_per_token,5.90542366027832,10,/home/sagemaker-user/atma/benchmarks/logs/foveal_cpt_clamped/retrieval_retrieval_real_polar_lm_output_kl_2fed83d22b.log
polar_lm_output_kl,retrieval,real,niah,codelion/finepdfs-1B,64k,0.9,token_accuracy,0.0,10,/home/sagemaker-user/atma/benchmarks/logs/foveal_cpt_clamped/retrieval_retrieval_real_polar_lm_output_kl_2fed83d22b.log
polar_lm_output_kl,retrieval,real,niah,codelion/finepdfs-1B,8k,0.1,exact_match,0.0,10,/home/sagemaker-user/atma/benchmarks/logs/foveal_cpt_clamped/retrieval_retrieval_real_polar_lm_output_kl_2fed83d22b.log
polar_lm_output_kl,retrieval,real,niah,codelion/finepdfs-1B,8k,0.1,nll_nats_per_token,4.528799858093262,10,/home/sagemaker-user/atma/benchmarks/logs/foveal_cpt_clamped/retrieval_retrieval_real_polar_lm_output_kl_2fed83d22b.log
polar_lm_output_kl,retrieval,real,niah,codelion/finepdfs-1B,8k,0.1,token_accuracy,0.0,10,/home/sagemaker-user/atma/benchmarks/logs/foveal_cpt_clamped/retrieval_retrieval_real_polar_lm_output_kl_2fed83d22b.log
polar_lm_output_kl,retrieval,real,niah,codelion/finepdfs-1B,8k,0.5,exact_match,0.0,10,/home/sagemaker-user/atma/benchmarks/logs/foveal_cpt_clamped/retrieval_retrieval_real_polar_lm_output_kl_2fed83d22b.log
polar_lm_output_kl,retrieval,real,niah,codelion/finepdfs-1B,8k,0.5,nll_nats_per_token,3.649867630004883,10,/home/sagemaker-user/atma/benchmarks/logs/foveal_cpt_clamped/retrieval_retrieval_real_polar_lm_output_kl_2fed83d22b.log
polar_lm_output_kl,retrieval,real,niah,codelion/finepdfs-1B,8k,0.5,token_accuracy,10.0,10,/home/sagemaker-user/atma/benchmarks/logs/foveal_cpt_clamped/retrieval_retrieval_real_polar_lm_output_kl_2fed83d22b.log
polar_lm_output_kl,retrieval,real,niah,codelion/finepdfs-1B,8k,0.9,exact_match,0.0,10,/home/sagemaker-user/atma/benchmarks/logs/foveal_cpt_clamped/retrieval_retrieval_real_polar_lm_output_kl_2fed83d22b.log
polar_lm_output_kl,retrieval,real,niah,codelion/finepdfs-1B,8k,0.9,nll_nats_per_token,3.515635871887207,10,/home/sagemaker-user/atma/benchmarks/logs/foveal_cpt_clamped/retrieval_retrieval_real_polar_lm_output_kl_2fed83d22b.log
polar_lm_output_kl,retrieval,real,niah,codelion/finepdfs-1B,8k,0.9,token_accuracy,22.0,10,/home/sagemaker-user/atma/benchmarks/logs/foveal_cpt_clamped/retrieval_retrieval_real_polar_lm_output_kl_2fed83d22b.log
polar_lm_output_kl,retrieval,real,passkey,codelion/finepdfs-1B,128k,0.1,exact_match,0.0,10,/home/sagemaker-user/atma/benchmarks/logs/foveal_cpt_clamped/retrieval_retrieval_real_polar_lm_output_kl_2fed83d22b.log
polar_lm_output_kl,retrieval,real,passkey,codelion/finepdfs-1B,128k,0.1,nll_nats_per_token,4.97845417022705,10,/home/sagemaker-user/atma/benchmarks/logs/foveal_cpt_clamped/retrieval_retrieval_real_polar_lm_output_kl_2fed83d22b.log
polar_lm_output_kl,retrieval,real,passkey,codelion/finepdfs-1B,128k,0.1,token_accuracy,2.0,10,/home/sagemaker-user/atma/benchmarks/logs/foveal_cpt_clamped/retrieval_retrieval_real_polar_lm_output_kl_2fed83d22b.log
polar_lm_output_kl,retrieval,real,passkey,codelion/finepdfs-1B,128k,0.5,exact_match,0.0,10,/home/sagemaker-user/atma/benchmarks/logs/foveal_cpt_clamped/retrieval_retrieval_real_polar_lm_output_kl_2fed83d22b.log
polar_lm_output_kl,retrieval,real,passkey,codelion/finepdfs-1B,128k,0.5,nll_nats_per_token,5.2097772598266605,10,/home/sagemaker-user/atma/benchmarks/logs/foveal_cpt_clamped/retrieval_retrieval_real_polar_lm_output_kl_2fed83d22b.log
polar_lm_output_kl,retrieval,real,passkey,codelion/finepdfs-1B,128k,0.5,token_accuracy,0.0,10,/home/sagemaker-user/atma/benchmarks/logs/foveal_cpt_clamped/retrieval_retrieval_real_polar_lm_output_kl_2fed83d22b.log
polar_lm_output_kl,retrieval,real,passkey,codelion/finepdfs-1B,128k,0.9,exact_match,0.0,10,/home/sagemaker-user/atma/benchmarks/logs/foveal_cpt_clamped/retrieval_retrieval_real_polar_lm_output_kl_2fed83d22b.log
polar_lm_output_kl,retrieval,real,passkey,codelion/finepdfs-1B,128k,0.9,nll_nats_per_token,5.1903486251831055,10,/home/sagemaker-user/atma/benchmarks/logs/foveal_cpt_clamped/retrieval_retrieval_real_polar_lm_output_kl_2fed83d22b.log
polar_lm_output_kl,retrieval,real,passkey,codelion/finepdfs-1B,128k,0.9,token_accuracy,0.0,10,/home/sagemaker-user/atma/benchmarks/logs/foveal_cpt_clamped/retrieval_retrieval_real_polar_lm_output_kl_2fed83d22b.log
polar_lm_output_kl,retrieval,real,passkey,codelion/finepdfs-1B,16k,0.1,exact_match,0.0,10,/home/sagemaker-user/atma/benchmarks/logs/foveal_cpt_clamped/retrieval_retrieval_real_polar_lm_output_kl_2fed83d22b.log
polar_lm_output_kl,retrieval,real,passkey,codelion/finepdfs-1B,16k,0.1,nll_nats_per_token,4.502943344116211,10,/home/sagemaker-user/atma/benchmarks/logs/foveal_cpt_clamped/retrieval_retrieval_real_polar_lm_output_kl_2fed83d22b.log
polar_lm_output_kl,retrieval,real,passkey,codelion/finepdfs-1B,16k,0.1,token_accuracy,8.0,10,/home/sagemaker-user/atma/benchmarks/logs/foveal_cpt_clamped/retrieval_retrieval_real_polar_lm_output_kl_2fed83d22b.log
polar_lm_output_kl,retrieval,real,passkey,codelion/finepdfs-1B,16k,0.5,exact_match,0.0,10,/home/sagemaker-user/atma/benchmarks/logs/foveal_cpt_clamped/retrieval_retrieval_real_polar_lm_output_kl_2fed83d22b.log
polar_lm_output_kl,retrieval,real,passkey,codelion/finepdfs-1B,16k,0.5,nll_nats_per_token,5.498589057922363,10,/home/sagemaker-user/atma/benchmarks/logs/foveal_cpt_clamped/retrieval_retrieval_real_polar_lm_output_kl_2fed83d22b.log
polar_lm_output_kl,retrieval,real,passkey,codelion/finepdfs-1B,16k,0.5,token_accuracy,0.0,10,/home/sagemaker-user/atma/benchmarks/logs/foveal_cpt_clamped/retrieval_retrieval_real_polar_lm_output_kl_2fed83d22b.log
polar_lm_output_kl,retrieval,real,passkey,codelion/finepdfs-1B,16k,0.9,exact_match,0.0,10,/home/sagemaker-user/atma/benchmarks/logs/foveal_cpt_clamped/retrieval_retrieval_real_polar_lm_output_kl_2fed83d22b.log
polar_lm_output_kl,retrieval,real,passkey,codelion/finepdfs-1B,16k,0.9,nll_nats_per_token,5.190901565551758,10,/home/sagemaker-user/atma/benchmarks/logs/foveal_cpt_clamped/retrieval_retrieval_real_polar_lm_output_kl_2fed83d22b.log
polar_lm_output_kl,retrieval,real,passkey,codelion/finepdfs-1B,16k,0.9,token_accuracy,0.0,10,/home/sagemaker-user/atma/benchmarks/logs/foveal_cpt_clamped/retrieval_retrieval_real_polar_lm_output_kl_2fed83d22b.log
polar_lm_output_kl,retrieval,real,passkey,codelion/finepdfs-1B,256k,0.1,exact_match,0.0,10,/home/sagemaker-user/atma/benchmarks/logs/foveal_cpt_clamped/retrieval_retrieval_real_polar_lm_output_kl_2fed83d22b.log
polar_lm_output_kl,retrieval,real,passkey,codelion/finepdfs-1B,256k,0.1,nll_nats_per_token,5.452716140747071,10,/home/sagemaker-user/atma/benchmarks/logs/foveal_cpt_clamped/retrieval_retrieval_real_polar_lm_output_kl_2fed83d22b.log
polar_lm_output_kl,retrieval,real,passkey,codelion/finepdfs-1B,256k,0.1,token_accuracy,0.0,10,/home/sagemaker-user/atma/benchmarks/logs/foveal_cpt_clamped/retrieval_retrieval_real_polar_lm_output_kl_2fed83d22b.log
polar_lm_output_kl,retrieval,real,passkey,codelion/finepdfs-1B,256k,0.5,exact_match,0.0,10,/home/sagemaker-user/atma/benchmarks/logs/foveal_cpt_clamped/retrieval_retrieval_real_polar_lm_output_kl_2fed83d22b.log
polar_lm_output_kl,retrieval,real,passkey,codelion/finepdfs-1B,256k,0.5,nll_nats_per_token,5.470415954589844,10,/home/sagemaker-user/atma/benchmarks/logs/foveal_cpt_clamped/retrieval_retrieval_real_polar_lm_output_kl_2fed83d22b.log
polar_lm_output_kl,retrieval,real,passkey,codelion/finepdfs-1B,256k,0.5,token_accuracy,0.0,10,/home/sagemaker-user/atma/benchmarks/logs/foveal_cpt_clamped/retrieval_retrieval_real_polar_lm_output_kl_2fed83d22b.log
polar_lm_output_kl,retrieval,real,passkey,codelion/finepdfs-1B,256k,0.9,exact_match,0.0,10,/home/sagemaker-user/atma/benchmarks/logs/foveal_cpt_clamped/retrieval_retrieval_real_polar_lm_output_kl_2fed83d22b.log
polar_lm_output_kl,retrieval,real,passkey,codelion/finepdfs-1B,256k,0.9,nll_nats_per_token,5.483324584960937,10,/home/sagemaker-user/atma/benchmarks/logs/foveal_cpt_clamped/retrieval_retrieval_real_polar_lm_output_kl_2fed83d22b.log
polar_lm_output_kl,retrieval,real,passkey,codelion/finepdfs-1B,256k,0.9,token_accuracy,0.0,10,/home/sagemaker-user/atma/benchmarks/logs/foveal_cpt_clamped/retrieval_retrieval_real_polar_lm_output_kl_2fed83d22b.log
polar_lm_output_kl,retrieval,real,passkey,codelion/finepdfs-1B,2k,0.1,exact_match,100.0,10,/home/sagemaker-user/atma/benchmarks/logs/foveal_cpt_clamped/retrieval_retrieval_real_polar_lm_output_kl_2fed83d22b.log
polar_lm_output_kl,retrieval,real,passkey,codelion/finepdfs-1B,2k,0.1,nll_nats_per_token,0.126629821062088,10,/home/sagemaker-user/atma/benchmarks/logs/foveal_cpt_clamped/retrieval_retrieval_real_polar_lm_output_kl_2fed83d22b.log
polar_lm_output_kl,retrieval,real,passkey,codelion/finepdfs-1B,2k,0.1,token_accuracy,100.0,10,/home/sagemaker-user/atma/benchmarks/logs/foveal_cpt_clamped/retrieval_retrieval_real_polar_lm_output_kl_2fed83d22b.log
polar_lm_output_kl,retrieval,real,passkey,codelion/finepdfs-1B,2k,0.5,exact_match,100.0,10,/home/sagemaker-user/atma/benchmarks/logs/foveal_cpt_clamped/retrieval_retrieval_real_polar_lm_output_kl_2fed83d22b.log
polar_lm_output_kl,retrieval,real,passkey,codelion/finepdfs-1B,2k,0.5,nll_nats_per_token,0.22127364873886107,10,/home/sagemaker-user/atma/benchmarks/logs/foveal_cpt_clamped/retrieval_retrieval_real_polar_lm_output_kl_2fed83d22b.log
polar_lm_output_kl,retrieval,real,passkey,codelion/finepdfs-1B,2k,0.5,token_accuracy,100.0,10,/home/sagemaker-user/atma/benchmarks/logs/foveal_cpt_clamped/retrieval_retrieval_real_polar_lm_output_kl_2fed83d22b.log
polar_lm_output_kl,retrieval,real,passkey,codelion/finepdfs-1B,2k,0.9,exact_match,80.0,10,/home/sagemaker-user/atma/benchmarks/logs/foveal_cpt_clamped/retrieval_retrieval_real_polar_lm_output_kl_2fed83d22b.log
polar_lm_output_kl,retrieval,real,passkey,codelion/finepdfs-1B,2k,0.9,nll_nats_per_token,0.22642879903316498,10,/home/sagemaker-user/atma/benchmarks/logs/foveal_cpt_clamped/retrieval_retrieval_real_polar_lm_output_kl_2fed83d22b.log
polar_lm_output_kl,retrieval,real,passkey,codelion/finepdfs-1B,2k,0.9,token_accuracy,96.0,10,/home/sagemaker-user/atma/benchmarks/logs/foveal_cpt_clamped/retrieval_retrieval_real_polar_lm_output_kl_2fed83d22b.log
polar_lm_output_kl,retrieval,real,passkey,codelion/finepdfs-1B,32k,0.1,exact_match,0.0,10,/home/sagemaker-user/atma/benchmarks/logs/foveal_cpt_clamped/retrieval_retrieval_real_polar_lm_output_kl_2fed83d22b.log
polar_lm_output_kl,retrieval,real,passkey,codelion/finepdfs-1B,32k,0.1,nll_nats_per_token,5.440666275024414,10,/home/sagemaker-user/atma/benchmarks/logs/foveal_cpt_clamped/retrieval_retrieval_real_polar_lm_output_kl_2fed83d22b.log
polar_lm_output_kl,retrieval,real,passkey,codelion/finepdfs-1B,32k,0.1,token_accuracy,0.0,10,/home/sagemaker-user/atma/benchmarks/logs/foveal_cpt_clamped/retrieval_retrieval_real_polar_lm_output_kl_2fed83d22b.log
polar_lm_output_kl,retrieval,real,passkey,codelion/finepdfs-1B,32k,0.5,exact_match,0.0,10,/home/sagemaker-user/atma/benchmarks/logs/foveal_cpt_clamped/retrieval_retrieval_real_polar_lm_output_kl_2fed83d22b.log
polar_lm_output_kl,retrieval,real,passkey,codelion/finepdfs-1B,32k,0.5,nll_nats_per_token,5.664879570007324,10,/home/sagemaker-user/atma/benchmarks/logs/foveal_cpt_clamped/retrieval_retrieval_real_polar_lm_output_kl_2fed83d22b.log
polar_lm_output_kl,retrieval,real,passkey,codelion/finepdfs-1B,32k,0.5,token_accuracy,0.0,10,/home/sagemaker-user/atma/benchmarks/logs/foveal_cpt_clamped/retrieval_retrieval_real_polar_lm_output_kl_2fed83d22b.log
polar_lm_output_kl,retrieval,real,passkey,codelion/finepdfs-1B,32k,0.9,exact_match,0.0,10,/home/sagemaker-user/atma/benchmarks/logs/foveal_cpt_clamped/retrieval_retrieval_real_polar_lm_output_kl_2fed83d22b.log
polar_lm_output_kl,retrieval,real,passkey,codelion/finepdfs-1B,32k,0.9,nll_nats_per_token,3.6157132530212404,10,/home/sagemaker-user/atma/benchmarks/logs/foveal_cpt_clamped/retrieval_retrieval_real_polar_lm_output_kl_2fed83d22b.log
polar_lm_output_kl,retrieval,real,passkey,codelion/finepdfs-1B,32k,0.9,token_accuracy,26.0,10,/home/sagemaker-user/atma/benchmarks/logs/foveal_cpt_clamped/retrieval_retrieval_real_polar_lm_output_kl_2fed83d22b.log
polar_lm_output_kl,retrieval,real,passkey,codelion/finepdfs-1B,4k,0.1,exact_match,0.0,10,/home/sagemaker-user/atma/benchmarks/logs/foveal_cpt_clamped/retrieval_retrieval_real_polar_lm_output_kl_2fed83d22b.log
polar_lm_output_kl,retrieval,real,passkey,codelion/finepdfs-1B,4k,0.1,nll_nats_per_token,2.356805081367493,10,/home/sagemaker-user/atma/benchmarks/logs/foveal_cpt_clamped/retrieval_retrieval_real_polar_lm_output_kl_2fed83d22b.log
polar_lm_output_kl,retrieval,real,passkey,codelion/finepdfs-1B,4k,0.1,token_accuracy,36.0,10,/home/sagemaker-user/atma/benchmarks/logs/foveal_cpt_clamped/retrieval_retrieval_real_polar_lm_output_kl_2fed83d22b.log
polar_lm_output_kl,retrieval,real,passkey,codelion/finepdfs-1B,4k,0.5,exact_match,60.0,10,/home/sagemaker-user/atma/benchmarks/logs/foveal_cpt_clamped/retrieval_retrieval_real_polar_lm_output_kl_2fed83d22b.log
polar_lm_output_kl,retrieval,real,passkey,codelion/finepdfs-1B,4k,0.5,nll_nats_per_token,0.5697012281417847,10,/home/sagemaker-user/atma/benchmarks/logs/foveal_cpt_clamped/retrieval_retrieval_real_polar_lm_output_kl_2fed83d22b.log
polar_lm_output_kl,retrieval,real,passkey,codelion/finepdfs-1B,4k,0.5,token_accuracy,92.0,10,/home/sagemaker-user/atma/benchmarks/logs/foveal_cpt_clamped/retrieval_retrieval_real_polar_lm_output_kl_2fed83d22b.log
polar_lm_output_kl,retrieval,real,passkey,codelion/finepdfs-1B,4k,0.9,exact_match,80.0,10,/home/sagemaker-user/atma/benchmarks/logs/foveal_cpt_clamped/retrieval_retrieval_real_polar_lm_output_kl_2fed83d22b.log
polar_lm_output_kl,retrieval,real,passkey,codelion/finepdfs-1B,4k,0.9,nll_nats_per_token,0.27189788579940793,10,/home/sagemaker-user/atma/benchmarks/logs/foveal_cpt_clamped/retrieval_retrieval_real_polar_lm_output_kl_2fed83d22b.log
polar_lm_output_kl,retrieval,real,passkey,codelion/finepdfs-1B,4k,0.9,token_accuracy,96.0,10,/home/sagemaker-user/atma/benchmarks/logs/foveal_cpt_clamped/retrieval_retrieval_real_polar_lm_output_kl_2fed83d22b.log
polar_lm_output_kl,retrieval,real,passkey,codelion/finepdfs-1B,64k,0.1,exact_match,0.0,10,/home/sagemaker-user/atma/benchmarks/logs/foveal_cpt_clamped/retrieval_retrieval_real_polar_lm_output_kl_2fed83d22b.log
polar_lm_output_kl,retrieval,real,passkey,codelion/finepdfs-1B,64k,0.1,nll_nats_per_token,6.139218711853028,10,/home/sagemaker-user/atma/benchmarks/logs/foveal_cpt_clamped/retrieval_retrieval_real_polar_lm_output_kl_2fed83d22b.log
polar_lm_output_kl,retrieval,real,passkey,codelion/finepdfs-1B,64k,0.1,token_accuracy,0.0,10,/home/sagemaker-user/atma/benchmarks/logs/foveal_cpt_clamped/retrieval_retrieval_real_polar_lm_output_kl_2fed83d22b.log
polar_lm_output_kl,retrieval,real,passkey,codelion/finepdfs-1B,64k,0.5,exact_match,0.0,10,/home/sagemaker-user/atma/benchmarks/logs/foveal_cpt_clamped/retrieval_retrieval_real_polar_lm_output_kl_2fed83d22b.log
polar_lm_output_kl,retrieval,real,passkey,codelion/finepdfs-1B,64k,0.5,nll_nats_per_token,6.167992820739746,10,/home/sagemaker-user/atma/benchmarks/logs/foveal_cpt_clamped/retrieval_retrieval_real_polar_lm_output_kl_2fed83d22b.log
polar_lm_output_kl,retrieval,real,passkey,codelion/finepdfs-1B,64k,0.5,token_accuracy,0.0,10,/home/sagemaker-user/atma/benchmarks/logs/foveal_cpt_clamped/retrieval_retrieval_real_polar_lm_output_kl_2fed83d22b.log
polar_lm_output_kl,retrieval,real,passkey,codelion/finepdfs-1B,64k,0.9,exact_match,0.0,10,/home/sagemaker-user/atma/benchmarks/logs/foveal_cpt_clamped/retrieval_retrieval_real_polar_lm_output_kl_2fed83d22b.log
polar_lm_output_kl,retrieval,real,passkey,codelion/finepdfs-1B,64k,0.9,nll_nats_per_token,5.16222110748291,10,/home/sagemaker-user/atma/benchmarks/logs/foveal_cpt_clamped/retrieval_retrieval_real_polar_lm_output_kl_2fed83d22b.log
polar_lm_output_kl,retrieval,real,passkey,codelion/finepdfs-1B,64k,0.9,token_accuracy,16.0,10,/home/sagemaker-user/atma/benchmarks/logs/foveal_cpt_clamped/retrieval_retrieval_real_polar_lm_output_kl_2fed83d22b.log
polar_lm_output_kl,retrieval,real,passkey,codelion/finepdfs-1B,8k,0.1,exact_match,0.0,10,/home/sagemaker-user/atma/benchmarks/logs/foveal_cpt_clamped/retrieval_retrieval_real_polar_lm_output_kl_2fed83d22b.log
polar_lm_output_kl,retrieval,real,passkey,codelion/finepdfs-1B,8k,0.1,nll_nats_per_token,5.545036926269531,10,/home/sagemaker-user/atma/benchmarks/logs/foveal_cpt_clamped/retrieval_retrieval_real_polar_lm_output_kl_2fed83d22b.log
polar_lm_output_kl,retrieval,real,passkey,codelion/finepdfs-1B,8k,0.1,token_accuracy,0.0,10,/home/sagemaker-user/atma/benchmarks/logs/foveal_cpt_clamped/retrieval_retrieval_real_polar_lm_output_kl_2fed83d22b.log
polar_lm_output_kl,retrieval,real,passkey,codelion/finepdfs-1B,8k,0.5,exact_match,0.0,10,/home/sagemaker-user/atma/benchmarks/logs/foveal_cpt_clamped/retrieval_retrieval_real_polar_lm_output_kl_2fed83d22b.log
polar_lm_output_kl,retrieval,real,passkey,codelion/finepdfs-1B,8k,0.5,nll_nats_per_token,2.238158149719238,10,/home/sagemaker-user/atma/benchmarks/logs/foveal_cpt_clamped/retrieval_retrieval_real_polar_lm_output_kl_2fed83d22b.log
polar_lm_output_kl,retrieval,real,passkey,codelion/finepdfs-1B,8k,0.5,token_accuracy,68.0,10,/home/sagemaker-user/atma/benchmarks/logs/foveal_cpt_clamped/retrieval_retrieval_real_polar_lm_output_kl_2fed83d22b.log
polar_lm_output_kl,retrieval,real,passkey,codelion/finepdfs-1B,8k,0.9,exact_match,0.0,10,/home/sagemaker-user/atma/benchmarks/logs/foveal_cpt_clamped/retrieval_retrieval_real_polar_lm_output_kl_2fed83d22b.log
polar_lm_output_kl,retrieval,real,passkey,codelion/finepdfs-1B,8k,0.9,nll_nats_per_token,4.115793724060058,10,/home/sagemaker-user/atma/benchmarks/logs/foveal_cpt_clamped/retrieval_retrieval_real_polar_lm_output_kl_2fed83d22b.log
polar_lm_output_kl,retrieval,real,passkey,codelion/finepdfs-1B,8k,0.9,token_accuracy,20.0,10,/home/sagemaker-user/atma/benchmarks/logs/foveal_cpt_clamped/retrieval_retrieval_real_polar_lm_output_kl_2fed83d22b.log
polar_lm_output_kl,retrieval,synthetic,niah,synthetic-filler,128k,0.1,exact_match,40.0,10,/home/sagemaker-user/atma/benchmarks/logs/foveal_cpt_clamped/retrieval_retrieval_synthetic_polar_lm_output_kl_93a6a65feb.log
polar_lm_output_kl,retrieval,synthetic,niah,synthetic-filler,128k,0.1,nll_nats_per_token,0.9133830499649048,10,/home/sagemaker-user/atma/benchmarks/logs/foveal_cpt_clamped/retrieval_retrieval_synthetic_polar_lm_output_kl_93a6a65feb.log
polar_lm_output_kl,retrieval,synthetic,niah,synthetic-filler,128k,0.1,token_accuracy,88.0,10,/home/sagemaker-user/atma/benchmarks/logs/foveal_cpt_clamped/retrieval_retrieval_synthetic_polar_lm_output_kl_93a6a65feb.log
polar_lm_output_kl,retrieval,synthetic,niah,synthetic-filler,128k,0.5,exact_match,80.0,10,/home/sagemaker-user/atma/benchmarks/logs/foveal_cpt_clamped/retrieval_retrieval_synthetic_polar_lm_output_kl_93a6a65feb.log
polar_lm_output_kl,retrieval,synthetic,niah,synthetic-filler,128k,0.5,nll_nats_per_token,1.0207924079895019,10,/home/sagemaker-user/atma/benchmarks/logs/foveal_cpt_clamped/retrieval_retrieval_synthetic_polar_lm_output_kl_93a6a65feb.log
polar_lm_output_kl,retrieval,synthetic,niah,synthetic-filler,128k,0.5,token_accuracy,94.0,10,/home/sagemaker-user/atma/benchmarks/logs/foveal_cpt_clamped/retrieval_retrieval_synthetic_polar_lm_output_kl_93a6a65feb.log
polar_lm_output_kl,retrieval,synthetic,niah,synthetic-filler,128k,0.9,exact_match,40.0,10,/home/sagemaker-user/atma/benchmarks/logs/foveal_cpt_clamped/retrieval_retrieval_synthetic_polar_lm_output_kl_93a6a65feb.log
polar_lm_output_kl,retrieval,synthetic,niah,synthetic-filler,128k,0.9,nll_nats_per_token,0.8835152244567871,10,/home/sagemaker-user/atma/benchmarks/logs/foveal_cpt_clamped/retrieval_retrieval_synthetic_polar_lm_output_kl_93a6a65feb.log
polar_lm_output_kl,retrieval,synthetic,niah,synthetic-filler,128k,0.9,token_accuracy,86.0,10,/home/sagemaker-user/atma/benchmarks/logs/foveal_cpt_clamped/retrieval_retrieval_synthetic_polar_lm_output_kl_93a6a65feb.log
polar_lm_output_kl,retrieval,synthetic,niah,synthetic-filler,16k,0.1,exact_match,90.0,10,/home/sagemaker-user/atma/benchmarks/logs/foveal_cpt_clamped/retrieval_retrieval_synthetic_polar_lm_output_kl_93a6a65feb.log
polar_lm_output_kl,retrieval,synthetic,niah,synthetic-filler,16k,0.1,nll_nats_per_token,0.7206356573104858,10,/home/sagemaker-user/atma/benchmarks/logs/foveal_cpt_clamped/retrieval_retrieval_synthetic_polar_lm_output_kl_93a6a65feb.log
polar_lm_output_kl,retrieval,synthetic,niah,synthetic-filler,16k,0.1,token_accuracy,98.0,10,/home/sagemaker-user/atma/benchmarks/logs/foveal_cpt_clamped/retrieval_retrieval_synthetic_polar_lm_output_kl_93a6a65feb.log
polar_lm_output_kl,retrieval,synthetic,niah,synthetic-filler,16k,0.5,exact_match,90.0,10,/home/sagemaker-user/atma/benchmarks/logs/foveal_cpt_clamped/retrieval_retrieval_synthetic_polar_lm_output_kl_93a6a65feb.log
polar_lm_output_kl,retrieval,synthetic,niah,synthetic-filler,16k,0.5,nll_nats_per_token,0.7768432521820068,10,/home/sagemaker-user/atma/benchmarks/logs/foveal_cpt_clamped/retrieval_retrieval_synthetic_polar_lm_output_kl_93a6a65feb.log
polar_lm_output_kl,retrieval,synthetic,niah,synthetic-filler,16k,0.5,token_accuracy,98.0,10,/home/sagemaker-user/atma/benchmarks/logs/foveal_cpt_clamped/retrieval_retrieval_synthetic_polar_lm_output_kl_93a6a65feb.log
polar_lm_output_kl,retrieval,synthetic,niah,synthetic-filler,16k,0.9,exact_match,70.0,10,/home/sagemaker-user/atma/benchmarks/logs/foveal_cpt_clamped/retrieval_retrieval_synthetic_polar_lm_output_kl_93a6a65feb.log
polar_lm_output_kl,retrieval,synthetic,niah,synthetic-filler,16k,0.9,nll_nats_per_token,0.8791936540603638,10,/home/sagemaker-user/atma/benchmarks/logs/foveal_cpt_clamped/retrieval_retrieval_synthetic_polar_lm_output_kl_93a6a65feb.log
polar_lm_output_kl,retrieval,synthetic,niah,synthetic-filler,16k,0.9,token_accuracy,92.0,10,/home/sagemaker-user/atma/benchmarks/logs/foveal_cpt_clamped/retrieval_retrieval_synthetic_polar_lm_output_kl_93a6a65feb.log
polar_lm_output_kl,retrieval,synthetic,niah,synthetic-filler,256k,0.1,exact_match,10.0,10,/home/sagemaker-user/atma/benchmarks/logs/foveal_cpt_clamped/retrieval_retrieval_synthetic_polar_lm_output_kl_93a6a65feb.log
polar_lm_output_kl,retrieval,synthetic,niah,synthetic-filler,256k,0.1,nll_nats_per_token,1.2735975742340089,10,/home/sagemaker-user/atma/benchmarks/logs/foveal_cpt_clamped/retrieval_retrieval_synthetic_polar_lm_output_kl_93a6a65feb.log
polar_lm_output_kl,retrieval,synthetic,niah,synthetic-filler,256k,0.1,token_accuracy,78.0,10,/home/sagemaker-user/atma/benchmarks/logs/foveal_cpt_clamped/retrieval_retrieval_synthetic_polar_lm_output_kl_93a6a65feb.log
polar_lm_output_kl,retrieval,synthetic,niah,synthetic-filler,256k,0.5,exact_match,30.0,10,/home/sagemaker-user/atma/benchmarks/logs/foveal_cpt_clamped/retrieval_retrieval_synthetic_polar_lm_output_kl_93a6a65feb.log
polar_lm_output_kl,retrieval,synthetic,niah,synthetic-filler,256k,0.5,nll_nats_per_token,1.3329523658752442,10,/home/sagemaker-user/atma/benchmarks/logs/foveal_cpt_clamped/retrieval_retrieval_synthetic_polar_lm_output_kl_93a6a65feb.log
polar_lm_output_kl,retrieval,synthetic,niah,synthetic-filler,256k,0.5,token_accuracy,80.0,10,/home/sagemaker-user/atma/benchmarks/logs/foveal_cpt_clamped/retrieval_retrieval_synthetic_polar_lm_output_kl_93a6a65feb.log
polar_lm_output_kl,retrieval,synthetic,niah,synthetic-filler,256k,0.9,exact_match,30.0,10,/home/sagemaker-user/atma/benchmarks/logs/foveal_cpt_clamped/retrieval_retrieval_synthetic_polar_lm_output_kl_93a6a65feb.log
polar_lm_output_kl,retrieval,synthetic,niah,synthetic-filler,256k,0.9,nll_nats_per_token,1.1169659519195556,10,/home/sagemaker-user/atma/benchmarks/logs/foveal_cpt_clamped/retrieval_retrieval_synthetic_polar_lm_output_kl_93a6a65feb.log
polar_lm_output_kl,retrieval,synthetic,niah,synthetic-filler,256k,0.9,token_accuracy,86.0,10,/home/sagemaker-user/atma/benchmarks/logs/foveal_cpt_clamped/retrieval_retrieval_synthetic_polar_lm_output_kl_93a6a65feb.log
polar_lm_output_kl,retrieval,synthetic,niah,synthetic-filler,2k,0.1,exact_match,40.0,10,/home/sagemaker-user/atma/benchmarks/logs/foveal_cpt_clamped/retrieval_retrieval_synthetic_polar_lm_output_kl_93a6a65feb.log
polar_lm_output_kl,retrieval,synthetic,niah,synthetic-filler,2k,0.1,nll_nats_per_token,0.9138607788085937,10,/home/sagemaker-user/atma/benchmarks/logs/foveal_cpt_clamped/retrieval_retrieval_synthetic_polar_lm_output_kl_93a6a65feb.log
polar_lm_output_kl,retrieval,synthetic,niah,synthetic-filler,2k,0.1,token_accuracy,88.0,10,/home/sagemaker-user/atma/benchmarks/logs/foveal_cpt_clamped/retrieval_retrieval_synthetic_polar_lm_output_kl_93a6a65feb.log
polar_lm_output_kl,retrieval,synthetic,niah,synthetic-filler,2k,0.5,exact_match,90.0,10,/home/sagemaker-user/atma/benchmarks/logs/foveal_cpt_clamped/retrieval_retrieval_synthetic_polar_lm_output_kl_93a6a65feb.log
polar_lm_output_kl,retrieval,synthetic,niah,synthetic-filler,2k,0.5,nll_nats_per_token,0.4995430088043213,10,/home/sagemaker-user/atma/benchmarks/logs/foveal_cpt_clamped/retrieval_retrieval_synthetic_polar_lm_output_kl_93a6a65feb.log
polar_lm_output_kl,retrieval,synthetic,niah,synthetic-filler,2k,0.5,token_accuracy,98.0,10,/home/sagemaker-user/atma/benchmarks/logs/foveal_cpt_clamped/retrieval_retrieval_synthetic_polar_lm_output_kl_93a6a65feb.log
polar_lm_output_kl,retrieval,synthetic,niah,synthetic-filler,2k,0.9,exact_match,100.0,10,/home/sagemaker-user/atma/benchmarks/logs/foveal_cpt_clamped/retrieval_retrieval_synthetic_polar_lm_output_kl_93a6a65feb.log
polar_lm_output_kl,retrieval,synthetic,niah,synthetic-filler,2k,0.9,nll_nats_per_token,0.3843708634376526,10,/home/sagemaker-user/atma/benchmarks/logs/foveal_cpt_clamped/retrieval_retrieval_synthetic_polar_lm_output_kl_93a6a65feb.log
polar_lm_output_kl,retrieval,synthetic,niah,synthetic-filler,2k,0.9,token_accuracy,100.0,10,/home/sagemaker-user/atma/benchmarks/logs/foveal_cpt_clamped/retrieval_retrieval_synthetic_polar_lm_output_kl_93a6a65feb.log
polar_lm_output_kl,retrieval,synthetic,niah,synthetic-filler,32k,0.1,exact_match,20.0,10,/home/sagemaker-user/atma/benchmarks/logs/foveal_cpt_clamped/retrieval_retrieval_synthetic_polar_lm_output_kl_93a6a65feb.log
polar_lm_output_kl,retrieval,synthetic,niah,synthetic-filler,32k,0.1,nll_nats_per_token,1.113027148246765,10,/home/sagemaker-user/atma/benchmarks/logs/foveal_cpt_clamped/retrieval_retrieval_synthetic_polar_lm_output_kl_93a6a65feb.log
polar_lm_output_kl,retrieval,synthetic,niah,synthetic-filler,32k,0.1,token_accuracy,82.0,10,/home/sagemaker-user/atma/benchmarks/logs/foveal_cpt_clamped/retrieval_retrieval_synthetic_polar_lm_output_kl_93a6a65feb.log
polar_lm_output_kl,retrieval,synthetic,niah,synthetic-filler,32k,0.5,exact_match,10.0,10,/home/sagemaker-user/atma/benchmarks/logs/foveal_cpt_clamped/retrieval_retrieval_synthetic_polar_lm_output_kl_93a6a65feb.log
polar_lm_output_kl,retrieval,synthetic,niah,synthetic-filler,32k,0.5,nll_nats_per_token,1.379856333732605,10,/home/sagemaker-user/atma/benchmarks/logs/foveal_cpt_clamped/retrieval_retrieval_synthetic_polar_lm_output_kl_93a6a65feb.log
polar_lm_output_kl,retrieval,synthetic,niah,synthetic-filler,32k,0.5,token_accuracy,76.0,10,/home/sagemaker-user/atma/benchmarks/logs/foveal_cpt_clamped/retrieval_retrieval_synthetic_polar_lm_output_kl_93a6a65feb.log
polar_lm_output_kl,retrieval,synthetic,niah,synthetic-filler,32k,0.9,exact_match,40.0,10,/home/sagemaker-user/atma/benchmarks/logs/foveal_cpt_clamped/retrieval_retrieval_synthetic_polar_lm_output_kl_93a6a65feb.log
polar_lm_output_kl,retrieval,synthetic,niah,synthetic-filler,32k,0.9,nll_nats_per_token,1.1232376766204835,10,/home/sagemaker-user/atma/benchmarks/logs/foveal_cpt_clamped/retrieval_retrieval_synthetic_polar_lm_output_kl_93a6a65feb.log
polar_lm_output_kl,retrieval,synthetic,niah,synthetic-filler,32k,0.9,token_accuracy,86.0,10,/home/sagemaker-user/atma/benchmarks/logs/foveal_cpt_clamped/retrieval_retrieval_synthetic_polar_lm_output_kl_93a6a65feb.log
polar_lm_output_kl,retrieval,synthetic,niah,synthetic-filler,4k,0.1,exact_match,100.0,10,/home/sagemaker-user/atma/benchmarks/logs/foveal_cpt_clamped/retrieval_retrieval_synthetic_polar_lm_output_kl_93a6a65feb.log
polar_lm_output_kl,retrieval,synthetic,niah,synthetic-filler,4k,0.1,nll_nats_per_token,0.8528471279144287,10,/home/sagemaker-user/atma/benchmarks/logs/foveal_cpt_clamped/retrieval_retrieval_synthetic_polar_lm_output_kl_93a6a65feb.log
polar_lm_output_kl,retrieval,synthetic,niah,synthetic-filler,4k,0.1,token_accuracy,100.0,10,/home/sagemaker-user/atma/benchmarks/logs/foveal_cpt_clamped/retrieval_retrieval_synthetic_polar_lm_output_kl_93a6a65feb.log
polar_lm_output_kl,retrieval,synthetic,niah,synthetic-filler,4k,0.5,exact_match,70.0,10,/home/sagemaker-user/atma/benchmarks/logs/foveal_cpt_clamped/retrieval_retrieval_synthetic_polar_lm_output_kl_93a6a65feb.log
polar_lm_output_kl,retrieval,synthetic,niah,synthetic-filler,4k,0.5,nll_nats_per_token,0.8844676876068115,10,/home/sagemaker-user/atma/benchmarks/logs/foveal_cpt_clamped/retrieval_retrieval_synthetic_polar_lm_output_kl_93a6a65feb.log
polar_lm_output_kl,retrieval,synthetic,niah,synthetic-filler,4k,0.5,token_accuracy,94.0,10,/home/sagemaker-user/atma/benchmarks/logs/foveal_cpt_clamped/retrieval_retrieval_synthetic_polar_lm_output_kl_93a6a65feb.log
polar_lm_output_kl,retrieval,synthetic,niah,synthetic-filler,4k,0.9,exact_match,100.0,10,/home/sagemaker-user/atma/benchmarks/logs/foveal_cpt_clamped/retrieval_retrieval_synthetic_polar_lm_output_kl_93a6a65feb.log
polar_lm_output_kl,retrieval,synthetic,niah,synthetic-filler,4k,0.9,nll_nats_per_token,0.2847714698314667,10,/home/sagemaker-user/atma/benchmarks/logs/foveal_cpt_clamped/retrieval_retrieval_synthetic_polar_lm_output_kl_93a6a65feb.log
polar_lm_output_kl,retrieval,synthetic,niah,synthetic-filler,4k,0.9,token_accuracy,100.0,10,/home/sagemaker-user/atma/benchmarks/logs/foveal_cpt_clamped/retrieval_retrieval_synthetic_polar_lm_output_kl_93a6a65feb.log
polar_lm_output_kl,retrieval,synthetic,niah,synthetic-filler,64k,0.1,exact_match,100.0,10,/home/sagemaker-user/atma/benchmarks/logs/foveal_cpt_clamped/retrieval_retrieval_synthetic_polar_lm_output_kl_93a6a65feb.log
polar_lm_output_kl,retrieval,synthetic,niah,synthetic-filler,64k,0.1,nll_nats_per_token,0.9590114927291871,10,/home/sagemaker-user/atma/benchmarks/logs/foveal_cpt_clamped/retrieval_retrieval_synthetic_polar_lm_output_kl_93a6a65feb.log
polar_lm_output_kl,retrieval,synthetic,niah,synthetic-filler,64k,0.1,token_accuracy,100.0,10,/home/sagemaker-user/atma/benchmarks/logs/foveal_cpt_clamped/retrieval_retrieval_synthetic_polar_lm_output_kl_93a6a65feb.log
polar_lm_output_kl,retrieval,synthetic,niah,synthetic-filler,64k,0.5,exact_match,20.0,10,/home/sagemaker-user/atma/benchmarks/logs/foveal_cpt_clamped/retrieval_retrieval_synthetic_polar_lm_output_kl_93a6a65feb.log
polar_lm_output_kl,retrieval,synthetic,niah,synthetic-filler,64k,0.5,nll_nats_per_token,1.0066749238967896,10,/home/sagemaker-user/atma/benchmarks/logs/foveal_cpt_clamped/retrieval_retrieval_synthetic_polar_lm_output_kl_93a6a65feb.log
polar_lm_output_kl,retrieval,synthetic,niah,synthetic-filler,64k,0.5,token_accuracy,82.0,10,/home/sagemaker-user/atma/benchmarks/logs/foveal_cpt_clamped/retrieval_retrieval_synthetic_polar_lm_output_kl_93a6a65feb.log
polar_lm_output_kl,retrieval,synthetic,niah,synthetic-filler,64k,0.9,exact_match,100.0,10,/home/sagemaker-user/atma/benchmarks/logs/foveal_cpt_clamped/retrieval_retrieval_synthetic_polar_lm_output_kl_93a6a65feb.log
polar_lm_output_kl,retrieval,synthetic,niah,synthetic-filler,64k,0.9,nll_nats_per_token,0.9114035892486573,10,/home/sagemaker-user/atma/benchmarks/logs/foveal_cpt_clamped/retrieval_retrieval_synthetic_polar_lm_output_kl_93a6a65feb.log
polar_lm_output_kl,retrieval,synthetic,niah,synthetic-filler,64k,0.9,token_accuracy,100.0,10,/home/sagemaker-user/atma/benchmarks/logs/foveal_cpt_clamped/retrieval_retrieval_synthetic_polar_lm_output_kl_93a6a65feb.log
polar_lm_output_kl,retrieval,synthetic,niah,synthetic-filler,8k,0.1,exact_match,80.0,10,/home/sagemaker-user/atma/benchmarks/logs/foveal_cpt_clamped/retrieval_retrieval_synthetic_polar_lm_output_kl_93a6a65feb.log
polar_lm_output_kl,retrieval,synthetic,niah,synthetic-filler,8k,0.1,nll_nats_per_token,0.8856318473815918,10,/home/sagemaker-user/atma/benchmarks/logs/foveal_cpt_clamped/retrieval_retrieval_synthetic_polar_lm_output_kl_93a6a65feb.log
polar_lm_output_kl,retrieval,synthetic,niah,synthetic-filler,8k,0.1,token_accuracy,96.0,10,/home/sagemaker-user/atma/benchmarks/logs/foveal_cpt_clamped/retrieval_retrieval_synthetic_polar_lm_output_kl_93a6a65feb.log
polar_lm_output_kl,retrieval,synthetic,niah,synthetic-filler,8k,0.5,exact_match,50.0,10,/home/sagemaker-user/atma/benchmarks/logs/foveal_cpt_clamped/retrieval_retrieval_synthetic_polar_lm_output_kl_93a6a65feb.log
polar_lm_output_kl,retrieval,synthetic,niah,synthetic-filler,8k,0.5,nll_nats_per_token,0.9918859958648681,10,/home/sagemaker-user/atma/benchmarks/logs/foveal_cpt_clamped/retrieval_retrieval_synthetic_polar_lm_output_kl_93a6a65feb.log
polar_lm_output_kl,retrieval,synthetic,niah,synthetic-filler,8k,0.5,token_accuracy,88.0,10,/home/sagemaker-user/atma/benchmarks/logs/foveal_cpt_clamped/retrieval_retrieval_synthetic_polar_lm_output_kl_93a6a65feb.log
polar_lm_output_kl,retrieval,synthetic,niah,synthetic-filler,8k,0.9,exact_match,100.0,10,/home/sagemaker-user/atma/benchmarks/logs/foveal_cpt_clamped/retrieval_retrieval_synthetic_polar_lm_output_kl_93a6a65feb.log
polar_lm_output_kl,retrieval,synthetic,niah,synthetic-filler,8k,0.9,nll_nats_per_token,0.8754569959640502,10,/home/sagemaker-user/atma/benchmarks/logs/foveal_cpt_clamped/retrieval_retrieval_synthetic_polar_lm_output_kl_93a6a65feb.log
polar_lm_output_kl,retrieval,synthetic,niah,synthetic-filler,8k,0.9,token_accuracy,100.0,10,/home/sagemaker-user/atma/benchmarks/logs/foveal_cpt_clamped/retrieval_retrieval_synthetic_polar_lm_output_kl_93a6a65feb.log
polar_lm_output_kl,retrieval,synthetic,passkey,synthetic-filler,128k,0.1,exact_match,10.0,10,/home/sagemaker-user/atma/benchmarks/logs/foveal_cpt_clamped/retrieval_retrieval_synthetic_polar_lm_output_kl_93a6a65feb.log
polar_lm_output_kl,retrieval,synthetic,passkey,synthetic-filler,128k,0.1,nll_nats_per_token,1.296300220489502,10,/home/sagemaker-user/atma/benchmarks/logs/foveal_cpt_clamped/retrieval_retrieval_synthetic_polar_lm_output_kl_93a6a65feb.log
polar_lm_output_kl,retrieval,synthetic,passkey,synthetic-filler,128k,0.1,token_accuracy,76.0,10,/home/sagemaker-user/atma/benchmarks/logs/foveal_cpt_clamped/retrieval_retrieval_synthetic_polar_lm_output_kl_93a6a65feb.log
polar_lm_output_kl,retrieval,synthetic,passkey,synthetic-filler,128k,0.5,exact_match,30.0,10,/home/sagemaker-user/atma/benchmarks/logs/foveal_cpt_clamped/retrieval_retrieval_synthetic_polar_lm_output_kl_93a6a65feb.log
polar_lm_output_kl,retrieval,synthetic,passkey,synthetic-filler,128k,0.5,nll_nats_per_token,1.4855768871307373,10,/home/sagemaker-user/atma/benchmarks/logs/foveal_cpt_clamped/retrieval_retrieval_synthetic_polar_lm_output_kl_93a6a65feb.log
polar_lm_output_kl,retrieval,synthetic,passkey,synthetic-filler,128k,0.5,token_accuracy,76.0,10,/home/sagemaker-user/atma/benchmarks/logs/foveal_cpt_clamped/retrieval_retrieval_synthetic_polar_lm_output_kl_93a6a65feb.log
polar_lm_output_kl,retrieval,synthetic,passkey,synthetic-filler,128k,0.9,exact_match,20.0,10,/home/sagemaker-user/atma/benchmarks/logs/foveal_cpt_clamped/retrieval_retrieval_synthetic_polar_lm_output_kl_93a6a65feb.log
polar_lm_output_kl,retrieval,synthetic,passkey,synthetic-filler,128k,0.9,nll_nats_per_token,1.3570843029022217,10,/home/sagemaker-user/atma/benchmarks/logs/foveal_cpt_clamped/retrieval_retrieval_synthetic_polar_lm_output_kl_93a6a65feb.log
polar_lm_output_kl,retrieval,synthetic,passkey,synthetic-filler,128k,0.9,token_accuracy,76.0,10,/home/sagemaker-user/atma/benchmarks/logs/foveal_cpt_clamped/retrieval_retrieval_synthetic_polar_lm_output_kl_93a6a65feb.log
polar_lm_output_kl,retrieval,synthetic,passkey,synthetic-filler,16k,0.1,exact_match,60.0,10,/home/sagemaker-user/atma/benchmarks/logs/foveal_cpt_clamped/retrieval_retrieval_synthetic_polar_lm_output_kl_93a6a65feb.log
polar_lm_output_kl,retrieval,synthetic,passkey,synthetic-filler,16k,0.1,nll_nats_per_token,1.0919769763946534,10,/home/sagemaker-user/atma/benchmarks/logs/foveal_cpt_clamped/retrieval_retrieval_synthetic_polar_lm_output_kl_93a6a65feb.log
polar_lm_output_kl,retrieval,synthetic,passkey,synthetic-filler,16k,0.1,token_accuracy,92.0,10,/home/sagemaker-user/atma/benchmarks/logs/foveal_cpt_clamped/retrieval_retrieval_synthetic_polar_lm_output_kl_93a6a65feb.log
polar_lm_output_kl,retrieval,synthetic,passkey,synthetic-filler,16k,0.5,exact_match,70.0,10,/home/sagemaker-user/atma/benchmarks/logs/foveal_cpt_clamped/retrieval_retrieval_synthetic_polar_lm_output_kl_93a6a65feb.log
polar_lm_output_kl,retrieval,synthetic,passkey,synthetic-filler,16k,0.5,nll_nats_per_token,1.1816832780838014,10,/home/sagemaker-user/atma/benchmarks/logs/foveal_cpt_clamped/retrieval_retrieval_synthetic_polar_lm_output_kl_93a6a65feb.log
polar_lm_output_kl,retrieval,synthetic,passkey,synthetic-filler,16k,0.5,token_accuracy,94.0,10,/home/sagemaker-user/atma/benchmarks/logs/foveal_cpt_clamped/retrieval_retrieval_synthetic_polar_lm_output_kl_93a6a65feb.log
polar_lm_output_kl,retrieval,synthetic,passkey,synthetic-filler,16k,0.9,exact_match,30.0,10,/home/sagemaker-user/atma/benchmarks/logs/foveal_cpt_clamped/retrieval_retrieval_synthetic_polar_lm_output_kl_93a6a65feb.log
polar_lm_output_kl,retrieval,synthetic,passkey,synthetic-filler,16k,0.9,nll_nats_per_token,1.1886474180221558,10,/home/sagemaker-user/atma/benchmarks/logs/foveal_cpt_clamped/retrieval_retrieval_synthetic_polar_lm_output_kl_93a6a65feb.log
polar_lm_output_kl,retrieval,synthetic,passkey,synthetic-filler,16k,0.9,token_accuracy,84.0,10,/home/sagemaker-user/atma/benchmarks/logs/foveal_cpt_clamped/retrieval_retrieval_synthetic_polar_lm_output_kl_93a6a65feb.log
polar_lm_output_kl,retrieval,synthetic,passkey,synthetic-filler,256k,0.1,exact_match,30.0,10,/home/sagemaker-user/atma/benchmarks/logs/foveal_cpt_clamped/retrieval_retrieval_synthetic_polar_lm_output_kl_93a6a65feb.log
polar_lm_output_kl,retrieval,synthetic,passkey,synthetic-filler,256k,0.1,nll_nats_per_token,1.405527629852295,10,/home/sagemaker-user/atma/benchmarks/logs/foveal_cpt_clamped/retrieval_retrieval_synthetic_polar_lm_output_kl_93a6a65feb.log
polar_lm_output_kl,retrieval,synthetic,passkey,synthetic-filler,256k,0.1,token_accuracy,76.0,10,/home/sagemaker-user/atma/benchmarks/logs/foveal_cpt_clamped/retrieval_retrieval_synthetic_polar_lm_output_kl_93a6a65feb.log
polar_lm_output_kl,retrieval,synthetic,passkey,synthetic-filler,256k,0.5,exact_match,0.0,10,/home/sagemaker-user/atma/benchmarks/logs/foveal_cpt_clamped/retrieval_retrieval_synthetic_polar_lm_output_kl_93a6a65feb.log
polar_lm_output_kl,retrieval,synthetic,passkey,synthetic-filler,256k,0.5,nll_nats_per_token,2.2996130657196043,10,/home/sagemaker-user/atma/benchmarks/logs/foveal_cpt_clamped/retrieval_retrieval_synthetic_polar_lm_output_kl_93a6a65feb.log
polar_lm_output_kl,retrieval,synthetic,passkey,synthetic-filler,256k,0.5,token_accuracy,50.0,10,/home/sagemaker-user/atma/benchmarks/logs/foveal_cpt_clamped/retrieval_retrieval_synthetic_polar_lm_output_kl_93a6a65feb.log
polar_lm_output_kl,retrieval,synthetic,passkey,synthetic-filler,256k,0.9,exact_match,20.0,10,/home/sagemaker-user/atma/benchmarks/logs/foveal_cpt_clamped/retrieval_retrieval_synthetic_polar_lm_output_kl_93a6a65feb.log
polar_lm_output_kl,retrieval,synthetic,passkey,synthetic-filler,256k,0.9,nll_nats_per_token,1.4830550718307496,10,/home/sagemaker-user/atma/benchmarks/logs/foveal_cpt_clamped/retrieval_retrieval_synthetic_polar_lm_output_kl_93a6a65feb.log
polar_lm_output_kl,retrieval,synthetic,passkey,synthetic-filler,256k,0.9,token_accuracy,72.0,10,/home/sagemaker-user/atma/benchmarks/logs/foveal_cpt_clamped/retrieval_retrieval_synthetic_polar_lm_output_kl_93a6a65feb.log
polar_lm_output_kl,retrieval,synthetic,passkey,synthetic-filler,2k,0.1,exact_match,60.0,10,/home/sagemaker-user/atma/benchmarks/logs/foveal_cpt_clamped/retrieval_retrieval_synthetic_polar_lm_output_kl_93a6a65feb.log
polar_lm_output_kl,retrieval,synthetic,passkey,synthetic-filler,2k,0.1,nll_nats_per_token,1.1786524963378906,10,/home/sagemaker-user/atma/benchmarks/logs/foveal_cpt_clamped/retrieval_retrieval_synthetic_polar_lm_output_kl_93a6a65feb.log
polar_lm_output_kl,retrieval,synthetic,passkey,synthetic-filler,2k,0.1,token_accuracy,92.0,10,/home/sagemaker-user/atma/benchmarks/logs/foveal_cpt_clamped/retrieval_retrieval_synthetic_polar_lm_output_kl_93a6a65feb.log
polar_lm_output_kl,retrieval,synthetic,passkey,synthetic-filler,2k,0.5,exact_match,90.0,10,/home/sagemaker-user/atma/benchmarks/logs/foveal_cpt_clamped/retrieval_retrieval_synthetic_polar_lm_output_kl_93a6a65feb.log
polar_lm_output_kl,retrieval,synthetic,passkey,synthetic-filler,2k,0.5,nll_nats_per_token,0.9116050815582275,10,/home/sagemaker-user/atma/benchmarks/logs/foveal_cpt_clamped/retrieval_retrieval_synthetic_polar_lm_output_kl_93a6a65feb.log
polar_lm_output_kl,retrieval,synthetic,passkey,synthetic-filler,2k,0.5,token_accuracy,98.0,10,/home/sagemaker-user/atma/benchmarks/logs/foveal_cpt_clamped/retrieval_retrieval_synthetic_polar_lm_output_kl_93a6a65feb.log
polar_lm_output_kl,retrieval,synthetic,passkey,synthetic-filler,2k,0.9,exact_match,80.0,10,/home/sagemaker-user/atma/benchmarks/logs/foveal_cpt_clamped/retrieval_retrieval_synthetic_polar_lm_output_kl_93a6a65feb.log
polar_lm_output_kl,retrieval,synthetic,passkey,synthetic-filler,2k,0.9,nll_nats_per_token,0.2593771469593048,10,/home/sagemaker-user/atma/benchmarks/logs/foveal_cpt_clamped/retrieval_retrieval_synthetic_polar_lm_output_kl_93a6a65feb.log
polar_lm_output_kl,retrieval,synthetic,passkey,synthetic-filler,2k,0.9,token_accuracy,96.0,10,/home/sagemaker-user/atma/benchmarks/logs/foveal_cpt_clamped/retrieval_retrieval_synthetic_polar_lm_output_kl_93a6a65feb.log
polar_lm_output_kl,retrieval,synthetic,passkey,synthetic-filler,32k,0.1,exact_match,50.0,10,/home/sagemaker-user/atma/benchmarks/logs/foveal_cpt_clamped/retrieval_retrieval_synthetic_polar_lm_output_kl_93a6a65feb.log
polar_lm_output_kl,retrieval,synthetic,passkey,synthetic-filler,32k,0.1,nll_nats_per_token,1.179281415939331,10,/home/sagemaker-user/atma/benchmarks/logs/foveal_cpt_clamped/retrieval_retrieval_synthetic_polar_lm_output_kl_93a6a65feb.log
polar_lm_output_kl,retrieval,synthetic,passkey,synthetic-filler,32k,0.1,token_accuracy,90.0,10,/home/sagemaker-user/atma/benchmarks/logs/foveal_cpt_clamped/retrieval_retrieval_synthetic_polar_lm_output_kl_93a6a65feb.log
polar_lm_output_kl,retrieval,synthetic,passkey,synthetic-filler,32k,0.5,exact_match,10.0,10,/home/sagemaker-user/atma/benchmarks/logs/foveal_cpt_clamped/retrieval_retrieval_synthetic_polar_lm_output_kl_93a6a65feb.log
polar_lm_output_kl,retrieval,synthetic,passkey,synthetic-filler,32k,0.5,nll_nats_per_token,1.8341480827331542,10,/home/sagemaker-user/atma/benchmarks/logs/foveal_cpt_clamped/retrieval_retrieval_synthetic_polar_lm_output_kl_93a6a65feb.log
polar_lm_output_kl,retrieval,synthetic,passkey,synthetic-filler,32k,0.5,token_accuracy,74.0,10,/home/sagemaker-user/atma/benchmarks/logs/foveal_cpt_clamped/retrieval_retrieval_synthetic_polar_lm_output_kl_93a6a65feb.log
polar_lm_output_kl,retrieval,synthetic,passkey,synthetic-filler,32k,0.9,exact_match,60.0,10,/home/sagemaker-user/atma/benchmarks/logs/foveal_cpt_clamped/retrieval_retrieval_synthetic_polar_lm_output_kl_93a6a65feb.log
polar_lm_output_kl,retrieval,synthetic,passkey,synthetic-filler,32k,0.9,nll_nats_per_token,1.1845329523086547,10,/home/sagemaker-user/atma/benchmarks/logs/foveal_cpt_clamped/retrieval_retrieval_synthetic_polar_lm_output_kl_93a6a65feb.log
polar_lm_output_kl,retrieval,synthetic,passkey,synthetic-filler,32k,0.9,token_accuracy,92.0,10,/home/sagemaker-user/atma/benchmarks/logs/foveal_cpt_clamped/retrieval_retrieval_synthetic_polar_lm_output_kl_93a6a65feb.log
polar_lm_output_kl,retrieval,synthetic,passkey,synthetic-filler,4k,0.1,exact_match,60.0,10,/home/sagemaker-user/atma/benchmarks/logs/foveal_cpt_clamped/retrieval_retrieval_synthetic_polar_lm_output_kl_93a6a65feb.log
polar_lm_output_kl,retrieval,synthetic,passkey,synthetic-filler,4k,0.1,nll_nats_per_token,1.1816508674621582,10,/home/sagemaker-user/atma/benchmarks/logs/foveal_cpt_clamped/retrieval_retrieval_synthetic_polar_lm_output_kl_93a6a65feb.log
polar_lm_output_kl,retrieval,synthetic,passkey,synthetic-filler,4k,0.1,token_accuracy,92.0,10,/home/sagemaker-user/atma/benchmarks/logs/foveal_cpt_clamped/retrieval_retrieval_synthetic_polar_lm_output_kl_93a6a65feb.log
polar_lm_output_kl,retrieval,synthetic,passkey,synthetic-filler,4k,0.5,exact_match,60.0,10,/home/sagemaker-user/atma/benchmarks/logs/foveal_cpt_clamped/retrieval_retrieval_synthetic_polar_lm_output_kl_93a6a65feb.log
polar_lm_output_kl,retrieval,synthetic,passkey,synthetic-filler,4k,0.5,nll_nats_per_token,1.1683737087249755,10,/home/sagemaker-user/atma/benchmarks/logs/foveal_cpt_clamped/retrieval_retrieval_synthetic_polar_lm_output_kl_93a6a65feb.log
polar_lm_output_kl,retrieval,synthetic,passkey,synthetic-filler,4k,0.5,token_accuracy,92.0,10,/home/sagemaker-user/atma/benchmarks/logs/foveal_cpt_clamped/retrieval_retrieval_synthetic_polar_lm_output_kl_93a6a65feb.log
polar_lm_output_kl,retrieval,synthetic,passkey,synthetic-filler,4k,0.9,exact_match,80.0,10,/home/sagemaker-user/atma/benchmarks/logs/foveal_cpt_clamped/retrieval_retrieval_synthetic_polar_lm_output_kl_93a6a65feb.log
polar_lm_output_kl,retrieval,synthetic,passkey,synthetic-filler,4k,0.9,nll_nats_per_token,0.2277056109905243,10,/home/sagemaker-user/atma/benchmarks/logs/foveal_cpt_clamped/retrieval_retrieval_synthetic_polar_lm_output_kl_93a6a65feb.log
polar_lm_output_kl,retrieval,synthetic,passkey,synthetic-filler,4k,0.9,token_accuracy,96.0,10,/home/sagemaker-user/atma/benchmarks/logs/foveal_cpt_clamped/retrieval_retrieval_synthetic_polar_lm_output_kl_93a6a65feb.log
polar_lm_output_kl,retrieval,synthetic,passkey,synthetic-filler,64k,0.1,exact_match,70.0,10,/home/sagemaker-user/atma/benchmarks/logs/foveal_cpt_clamped/retrieval_retrieval_synthetic_polar_lm_output_kl_93a6a65feb.log
polar_lm_output_kl,retrieval,synthetic,passkey,synthetic-filler,64k,0.1,nll_nats_per_token,1.2820658588409424,10,/home/sagemaker-user/atma/benchmarks/logs/foveal_cpt_clamped/retrieval_retrieval_synthetic_polar_lm_output_kl_93a6a65feb.log
polar_lm_output_kl,retrieval,synthetic,passkey,synthetic-filler,64k,0.1,token_accuracy,92.0,10,/home/sagemaker-user/atma/benchmarks/logs/foveal_cpt_clamped/retrieval_retrieval_synthetic_polar_lm_output_kl_93a6a65feb.log
polar_lm_output_kl,retrieval,synthetic,passkey,synthetic-filler,64k,0.5,exact_match,20.0,10,/home/sagemaker-user/atma/benchmarks/logs/foveal_cpt_clamped/retrieval_retrieval_synthetic_polar_lm_output_kl_93a6a65feb.log
polar_lm_output_kl,retrieval,synthetic,passkey,synthetic-filler,64k,0.5,nll_nats_per_token,1.6795483684539796,10,/home/sagemaker-user/atma/benchmarks/logs/foveal_cpt_clamped/retrieval_retrieval_synthetic_polar_lm_output_kl_93a6a65feb.log
polar_lm_output_kl,retrieval,synthetic,passkey,synthetic-filler,64k,0.5,token_accuracy,78.0,10,/home/sagemaker-user/atma/benchmarks/logs/foveal_cpt_clamped/retrieval_retrieval_synthetic_polar_lm_output_kl_93a6a65feb.log
polar_lm_output_kl,retrieval,synthetic,passkey,synthetic-filler,64k,0.9,exact_match,60.0,10,/home/sagemaker-user/atma/benchmarks/logs/foveal_cpt_clamped/retrieval_retrieval_synthetic_polar_lm_output_kl_93a6a65feb.log
polar_lm_output_kl,retrieval,synthetic,passkey,synthetic-filler,64k,0.9,nll_nats_per_token,1.2360520076751709,10,/home/sagemaker-user/atma/benchmarks/logs/foveal_cpt_clamped/retrieval_retrieval_synthetic_polar_lm_output_kl_93a6a65feb.log
polar_lm_output_kl,retrieval,synthetic,passkey,synthetic-filler,64k,0.9,token_accuracy,92.0,10,/home/sagemaker-user/atma/benchmarks/logs/foveal_cpt_clamped/retrieval_retrieval_synthetic_polar_lm_output_kl_93a6a65feb.log
polar_lm_output_kl,retrieval,synthetic,passkey,synthetic-filler,8k,0.1,exact_match,50.0,10,/home/sagemaker-user/atma/benchmarks/logs/foveal_cpt_clamped/retrieval_retrieval_synthetic_polar_lm_output_kl_93a6a65feb.log
polar_lm_output_kl,retrieval,synthetic,passkey,synthetic-filler,8k,0.1,nll_nats_per_token,0.8714707612991333,10,/home/sagemaker-user/atma/benchmarks/logs/foveal_cpt_clamped/retrieval_retrieval_synthetic_polar_lm_output_kl_93a6a65feb.log
polar_lm_output_kl,retrieval,synthetic,passkey,synthetic-filler,8k,0.1,token_accuracy,88.0,10,/home/sagemaker-user/atma/benchmarks/logs/foveal_cpt_clamped/retrieval_retrieval_synthetic_polar_lm_output_kl_93a6a65feb.log
polar_lm_output_kl,retrieval,synthetic,passkey,synthetic-filler,8k,0.5,exact_match,30.0,10,/home/sagemaker-user/atma/benchmarks/logs/foveal_cpt_clamped/retrieval_retrieval_synthetic_polar_lm_output_kl_93a6a65feb.log
polar_lm_output_kl,retrieval,synthetic,passkey,synthetic-filler,8k,0.5,nll_nats_per_token,1.1303410863876342,10,/home/sagemaker-user/atma/benchmarks/logs/foveal_cpt_clamped/retrieval_retrieval_synthetic_polar_lm_output_kl_93a6a65feb.log
polar_lm_output_kl,retrieval,synthetic,passkey,synthetic-filler,8k,0.5,token_accuracy,80.0,10,/home/sagemaker-user/atma/benchmarks/logs/foveal_cpt_clamped/retrieval_retrieval_synthetic_polar_lm_output_kl_93a6a65feb.log
polar_lm_output_kl,retrieval,synthetic,passkey,synthetic-filler,8k,0.9,exact_match,60.0,10,/home/sagemaker-user/atma/benchmarks/logs/foveal_cpt_clamped/retrieval_retrieval_synthetic_polar_lm_output_kl_93a6a65feb.log
polar_lm_output_kl,retrieval,synthetic,passkey,synthetic-filler,8k,0.9,nll_nats_per_token,0.8684360790252685,10,/home/sagemaker-user/atma/benchmarks/logs/foveal_cpt_clamped/retrieval_retrieval_synthetic_polar_lm_output_kl_93a6a65feb.log
polar_lm_output_kl,retrieval,synthetic,passkey,synthetic-filler,8k,0.9,token_accuracy,92.0,10,/home/sagemaker-user/atma/benchmarks/logs/foveal_cpt_clamped/retrieval_retrieval_synthetic_polar_lm_output_kl_93a6a65feb.log
