model,benchmark,suite,task,dataset,length,depth,metric,value,samples,source_log
nope_kl,base,zero_shot,arc_challenge,,,,accuracy,0.27424749163879597,299,/home/sagemaker-user/atma/benchmarks/logs/foveal_cpt/base_base_zero_shot_nope_kl_5e18687192.log
nope_kl,base,zero_shot,arc_challenge,,,,accuracy_norm,0.31438127090301005,299,/home/sagemaker-user/atma/benchmarks/logs/foveal_cpt/base_base_zero_shot_nope_kl_5e18687192.log
nope_kl,base,zero_shot,arc_easy,,,,accuracy,0.5912280701754385,570,/home/sagemaker-user/atma/benchmarks/logs/foveal_cpt/base_base_zero_shot_nope_kl_5e18687192.log
nope_kl,base,zero_shot,arc_easy,,,,accuracy_norm,0.4982456140350877,570,/home/sagemaker-user/atma/benchmarks/logs/foveal_cpt/base_base_zero_shot_nope_kl_5e18687192.log
nope_kl,base,zero_shot,boolq,,,,accuracy,0.5990825688073395,3270,/home/sagemaker-user/atma/benchmarks/logs/foveal_cpt/base_base_zero_shot_nope_kl_5e18687192.log
nope_kl,base,zero_shot,boolq,,,,accuracy_norm,0.5990825688073395,3270,/home/sagemaker-user/atma/benchmarks/logs/foveal_cpt/base_base_zero_shot_nope_kl_5e18687192.log
nope_kl,base,zero_shot,hellaswag,,,,accuracy,0.32503485361481776,10042,/home/sagemaker-user/atma/benchmarks/logs/foveal_cpt/base_base_zero_shot_nope_kl_5e18687192.log
nope_kl,base,zero_shot,hellaswag,,,,accuracy_norm,0.3768173670583549,10042,/home/sagemaker-user/atma/benchmarks/logs/foveal_cpt/base_base_zero_shot_nope_kl_5e18687192.log
nope_kl,base,zero_shot,lambada,,,,accuracy,0.30021346788278674,5153,/home/sagemaker-user/atma/benchmarks/logs/foveal_cpt/base_base_zero_shot_nope_kl_5e18687192.log
nope_kl,base,zero_shot,lambada,,,,target_nll,3.060683325602951,5153,/home/sagemaker-user/atma/benchmarks/logs/foveal_cpt/base_base_zero_shot_nope_kl_5e18687192.log
nope_kl,base,zero_shot,lambada,,,,target_perplexity,21.342135808297968,5153,/home/sagemaker-user/atma/benchmarks/logs/foveal_cpt/base_base_zero_shot_nope_kl_5e18687192.log
nope_kl,base,zero_shot,openbookqa,,,,accuracy,0.218,500,/home/sagemaker-user/atma/benchmarks/logs/foveal_cpt/base_base_zero_shot_nope_kl_5e18687192.log
nope_kl,base,zero_shot,openbookqa,,,,accuracy_norm,0.318,500,/home/sagemaker-user/atma/benchmarks/logs/foveal_cpt/base_base_zero_shot_nope_kl_5e18687192.log
nope_kl,base,zero_shot,piqa,,,,accuracy,0.6626768226332971,1838,/home/sagemaker-user/atma/benchmarks/logs/foveal_cpt/base_base_zero_shot_nope_kl_5e18687192.log
nope_kl,base,zero_shot,piqa,,,,accuracy_norm,0.6659412404787813,1838,/home/sagemaker-user/atma/benchmarks/logs/foveal_cpt/base_base_zero_shot_nope_kl_5e18687192.log
nope_kl,base,zero_shot,winogrande,,,,accuracy,0.5201262825572218,1267,/home/sagemaker-user/atma/benchmarks/logs/foveal_cpt/base_base_zero_shot_nope_kl_5e18687192.log
nope_kl,base,zero_shot,winogrande,,,,accuracy_norm,0.5185477505919495,1267,/home/sagemaker-user/atma/benchmarks/logs/foveal_cpt/base_base_zero_shot_nope_kl_5e18687192.log
nope_kl,longdoc,fixed_target,,codelion/finepdfs-1B,128k,,bits_per_byte,0.880333018752902,4,/home/sagemaker-user/atma/benchmarks/logs/foveal_cpt/longdoc_longdoc_fixed_target_nope_kl_60a84f6921.log
nope_kl,longdoc,fixed_target,,codelion/finepdfs-1B,128k,,nll_nats_per_token,1.0446105599403381,4,/home/sagemaker-user/atma/benchmarks/logs/foveal_cpt/longdoc_longdoc_fixed_target_nope_kl_60a84f6921.log
nope_kl,longdoc,fixed_target,,codelion/finepdfs-1B,128k,,perplexity,2.8422914059530595,4,/home/sagemaker-user/atma/benchmarks/logs/foveal_cpt/longdoc_longdoc_fixed_target_nope_kl_60a84f6921.log
nope_kl,longdoc,fixed_target,,codelion/finepdfs-1B,16k,,bits_per_byte,0.8246293917706454,4,/home/sagemaker-user/atma/benchmarks/logs/foveal_cpt/longdoc_longdoc_fixed_target_nope_kl_60a84f6921.log
nope_kl,longdoc,fixed_target,,codelion/finepdfs-1B,16k,,nll_nats_per_token,0.978512167930603,4,/home/sagemaker-user/atma/benchmarks/logs/foveal_cpt/longdoc_longdoc_fixed_target_nope_kl_60a84f6921.log
nope_kl,longdoc,fixed_target,,codelion/finepdfs-1B,16k,,perplexity,2.6604949261022774,4,/home/sagemaker-user/atma/benchmarks/logs/foveal_cpt/longdoc_longdoc_fixed_target_nope_kl_60a84f6921.log
nope_kl,longdoc,fixed_target,,codelion/finepdfs-1B,256k,,bits_per_byte,1.0109183683314087,4,/home/sagemaker-user/atma/benchmarks/logs/foveal_cpt/longdoc_longdoc_fixed_target_nope_kl_60a84f6921.log
nope_kl,longdoc,fixed_target,,codelion/finepdfs-1B,256k,,nll_nats_per_token,1.1995642334222794,4,/home/sagemaker-user/atma/benchmarks/logs/foveal_cpt/longdoc_longdoc_fixed_target_nope_kl_60a84f6921.log
nope_kl,longdoc,fixed_target,,codelion/finepdfs-1B,256k,,perplexity,3.3186704419343784,4,/home/sagemaker-user/atma/benchmarks/logs/foveal_cpt/longdoc_longdoc_fixed_target_nope_kl_60a84f6921.log
nope_kl,longdoc,fixed_target,,codelion/finepdfs-1B,2k,,bits_per_byte,0.8591628581990489,4,/home/sagemaker-user/atma/benchmarks/logs/foveal_cpt/longdoc_longdoc_fixed_target_nope_kl_60a84f6921.log
nope_kl,longdoc,fixed_target,,codelion/finepdfs-1B,2k,,nll_nats_per_token,1.0194898694753647,4,/home/sagemaker-user/atma/benchmarks/logs/foveal_cpt/longdoc_longdoc_fixed_target_nope_kl_60a84f6921.log
nope_kl,longdoc,fixed_target,,codelion/finepdfs-1B,2k,,perplexity,2.7717804334416978,4,/home/sagemaker-user/atma/benchmarks/logs/foveal_cpt/longdoc_longdoc_fixed_target_nope_kl_60a84f6921.log
nope_kl,longdoc,fixed_target,,codelion/finepdfs-1B,32k,,bits_per_byte,0.7987314173527359,4,/home/sagemaker-user/atma/benchmarks/logs/foveal_cpt/longdoc_longdoc_fixed_target_nope_kl_60a84f6921.log
nope_kl,longdoc,fixed_target,,codelion/finepdfs-1B,32k,,nll_nats_per_token,0.9477814137935638,4,/home/sagemaker-user/atma/benchmarks/logs/foveal_cpt/longdoc_longdoc_fixed_target_nope_kl_60a84f6921.log
nope_kl,longdoc,fixed_target,,codelion/finepdfs-1B,32k,,perplexity,2.579979398421151,4,/home/sagemaker-user/atma/benchmarks/logs/foveal_cpt/longdoc_longdoc_fixed_target_nope_kl_60a84f6921.log
nope_kl,longdoc,fixed_target,,codelion/finepdfs-1B,4k,,bits_per_byte,0.8134897036463966,4,/home/sagemaker-user/atma/benchmarks/logs/foveal_cpt/longdoc_longdoc_fixed_target_nope_kl_60a84f6921.log
nope_kl,longdoc,fixed_target,,codelion/finepdfs-1B,4k,,nll_nats_per_token,0.9652937203645706,4,/home/sagemaker-user/atma/benchmarks/logs/foveal_cpt/longdoc_longdoc_fixed_target_nope_kl_60a84f6921.log
nope_kl,longdoc,fixed_target,,codelion/finepdfs-1B,4k,,perplexity,2.625558723295426,4,/home/sagemaker-user/atma/benchmarks/logs/foveal_cpt/longdoc_longdoc_fixed_target_nope_kl_60a84f6921.log
nope_kl,longdoc,fixed_target,,codelion/finepdfs-1B,64k,,bits_per_byte,0.8232046996562422,4,/home/sagemaker-user/atma/benchmarks/logs/foveal_cpt/longdoc_longdoc_fixed_target_nope_kl_60a84f6921.log
nope_kl,longdoc,fixed_target,,codelion/finepdfs-1B,64k,,nll_nats_per_token,0.9768216162919998,4,/home/sagemaker-user/atma/benchmarks/logs/foveal_cpt/longdoc_longdoc_fixed_target_nope_kl_60a84f6921.log
nope_kl,longdoc,fixed_target,,codelion/finepdfs-1B,64k,,perplexity,2.656001021704466,4,/home/sagemaker-user/atma/benchmarks/logs/foveal_cpt/longdoc_longdoc_fixed_target_nope_kl_60a84f6921.log
nope_kl,longdoc,fixed_target,,codelion/finepdfs-1B,8k,,bits_per_byte,0.8172075082371163,4,/home/sagemaker-user/atma/benchmarks/logs/foveal_cpt/longdoc_longdoc_fixed_target_nope_kl_60a84f6921.log
nope_kl,longdoc,fixed_target,,codelion/finepdfs-1B,8k,,nll_nats_per_token,0.9697052985429764,4,/home/sagemaker-user/atma/benchmarks/logs/foveal_cpt/longdoc_longdoc_fixed_target_nope_kl_60a84f6921.log
nope_kl,longdoc,fixed_target,,codelion/finepdfs-1B,8k,,perplexity,2.637167167818533,4,/home/sagemaker-user/atma/benchmarks/logs/foveal_cpt/longdoc_longdoc_fixed_target_nope_kl_60a84f6921.log
nope_kl,longdoc,fixed_target,,emozilla/pg19,128k,,bits_per_byte,1.1016218107827234,4,/home/sagemaker-user/atma/benchmarks/logs/foveal_cpt/longdoc_longdoc_fixed_target_nope_kl_60a84f6921.log
nope_kl,longdoc,fixed_target,,emozilla/pg19,128k,,nll_nats_per_token,3.0700036883354187,4,/home/sagemaker-user/atma/benchmarks/logs/foveal_cpt/longdoc_longdoc_fixed_target_nope_kl_60a84f6921.log
nope_kl,longdoc,fixed_target,,emozilla/pg19,128k,,perplexity,21.541982128911567,4,/home/sagemaker-user/atma/benchmarks/logs/foveal_cpt/longdoc_longdoc_fixed_target_nope_kl_60a84f6921.log
nope_kl,longdoc,fixed_target,,emozilla/pg19,16k,,bits_per_byte,1.102362034137744,4,/home/sagemaker-user/atma/benchmarks/logs/foveal_cpt/longdoc_longdoc_fixed_target_nope_kl_60a84f6921.log
nope_kl,longdoc,fixed_target,,emozilla/pg19,16k,,nll_nats_per_token,3.07206654548645,4,/home/sagemaker-user/atma/benchmarks/logs/foveal_cpt/longdoc_longdoc_fixed_target_nope_kl_60a84f6921.log
nope_kl,longdoc,fixed_target,,emozilla/pg19,16k,,perplexity,21.58646602698255,4,/home/sagemaker-user/atma/benchmarks/logs/foveal_cpt/longdoc_longdoc_fixed_target_nope_kl_60a84f6921.log
nope_kl,longdoc,fixed_target,,emozilla/pg19,256k,,bits_per_byte,1.110892536705375,4,/home/sagemaker-user/atma/benchmarks/logs/foveal_cpt/longdoc_longdoc_fixed_target_nope_kl_60a84f6921.log
nope_kl,longdoc,fixed_target,,emozilla/pg19,256k,,nll_nats_per_token,3.0958393812179565,4,/home/sagemaker-user/atma/benchmarks/logs/foveal_cpt/longdoc_longdoc_fixed_target_nope_kl_60a84f6921.log
nope_kl,longdoc,fixed_target,,emozilla/pg19,256k,,perplexity,22.105785933809614,4,/home/sagemaker-user/atma/benchmarks/logs/foveal_cpt/longdoc_longdoc_fixed_target_nope_kl_60a84f6921.log
nope_kl,longdoc,fixed_target,,emozilla/pg19,2k,,bits_per_byte,1.1152202414607344,4,/home/sagemaker-user/atma/benchmarks/logs/foveal_cpt/longdoc_longdoc_fixed_target_nope_kl_60a84f6921.log
nope_kl,longdoc,fixed_target,,emozilla/pg19,2k,,nll_nats_per_token,3.107899844646454,4,/home/sagemaker-user/atma/benchmarks/logs/foveal_cpt/longdoc_longdoc_fixed_target_nope_kl_60a84f6921.log
nope_kl,longdoc,fixed_target,,emozilla/pg19,2k,,perplexity,22.374006135437494,4,/home/sagemaker-user/atma/benchmarks/logs/foveal_cpt/longdoc_longdoc_fixed_target_nope_kl_60a84f6921.log
nope_kl,longdoc,fixed_target,,emozilla/pg19,32k,,bits_per_byte,1.1018108180868442,4,/home/sagemaker-user/atma/benchmarks/logs/foveal_cpt/longdoc_longdoc_fixed_target_nope_kl_60a84f6921.log
nope_kl,longdoc,fixed_target,,emozilla/pg19,32k,,nll_nats_per_token,3.070530414581299,4,/home/sagemaker-user/atma/benchmarks/logs/foveal_cpt/longdoc_longdoc_fixed_target_nope_kl_60a84f6921.log
nope_kl,longdoc,fixed_target,,emozilla/pg19,32k,,perplexity,21.553331845121445,4,/home/sagemaker-user/atma/benchmarks/logs/foveal_cpt/longdoc_longdoc_fixed_target_nope_kl_60a84f6921.log
nope_kl,longdoc,fixed_target,,emozilla/pg19,4k,,bits_per_byte,1.110074289287275,4,/home/sagemaker-user/atma/benchmarks/logs/foveal_cpt/longdoc_longdoc_fixed_target_nope_kl_60a84f6921.log
nope_kl,longdoc,fixed_target,,emozilla/pg19,4k,,nll_nats_per_token,3.0935590863227844,4,/home/sagemaker-user/atma/benchmarks/logs/foveal_cpt/longdoc_longdoc_fixed_target_nope_kl_60a84f6921.log
nope_kl,longdoc,fixed_target,,emozilla/pg19,4k,,perplexity,22.055435651554163,4,/home/sagemaker-user/atma/benchmarks/logs/foveal_cpt/longdoc_longdoc_fixed_target_nope_kl_60a84f6921.log
nope_kl,longdoc,fixed_target,,emozilla/pg19,64k,,bits_per_byte,1.1057193359967283,4,/home/sagemaker-user/atma/benchmarks/logs/foveal_cpt/longdoc_longdoc_fixed_target_nope_kl_60a84f6921.log
nope_kl,longdoc,fixed_target,,emozilla/pg19,64k,,nll_nats_per_token,3.0814226865768433,4,/home/sagemaker-user/atma/benchmarks/logs/foveal_cpt/longdoc_longdoc_fixed_target_nope_kl_60a84f6921.log
nope_kl,longdoc,fixed_target,,emozilla/pg19,64k,,perplexity,21.78937981357269,4,/home/sagemaker-user/atma/benchmarks/logs/foveal_cpt/longdoc_longdoc_fixed_target_nope_kl_60a84f6921.log
nope_kl,longdoc,fixed_target,,emozilla/pg19,8k,,bits_per_byte,1.1033506169830272,4,/home/sagemaker-user/atma/benchmarks/logs/foveal_cpt/longdoc_longdoc_fixed_target_nope_kl_60a84f6921.log
nope_kl,longdoc,fixed_target,,emozilla/pg19,8k,,nll_nats_per_token,3.0748215317726135,4,/home/sagemaker-user/atma/benchmarks/logs/foveal_cpt/longdoc_longdoc_fixed_target_nope_kl_60a84f6921.log
nope_kl,longdoc,fixed_target,,emozilla/pg19,8k,,perplexity,21.64601844022787,4,/home/sagemaker-user/atma/benchmarks/logs/foveal_cpt/longdoc_longdoc_fixed_target_nope_kl_60a84f6921.log
nope_kl,longdoc,fixed_target,,hoskinson-center/proof-pile,128k,,bits_per_byte,2.2448528019340173,4,/home/sagemaker-user/atma/benchmarks/logs/foveal_cpt/longdoc_longdoc_fixed_target_nope_kl_60a84f6921.log
nope_kl,longdoc,fixed_target,,hoskinson-center/proof-pile,128k,,nll_nats_per_token,4.196981430053711,4,/home/sagemaker-user/atma/benchmarks/logs/foveal_cpt/longdoc_longdoc_fixed_target_nope_kl_60a84f6921.log
nope_kl,longdoc,fixed_target,,hoskinson-center/proof-pile,128k,,perplexity,66.48533719582419,4,/home/sagemaker-user/atma/benchmarks/logs/foveal_cpt/longdoc_longdoc_fixed_target_nope_kl_60a84f6921.log
nope_kl,longdoc,fixed_target,,hoskinson-center/proof-pile,16k,,bits_per_byte,2.249556003641466,4,/home/sagemaker-user/atma/benchmarks/logs/foveal_cpt/longdoc_longdoc_fixed_target_nope_kl_60a84f6921.log
nope_kl,longdoc,fixed_target,,hoskinson-center/proof-pile,16k,,nll_nats_per_token,4.205774545669556,4,/home/sagemaker-user/atma/benchmarks/logs/foveal_cpt/longdoc_longdoc_fixed_target_nope_kl_60a84f6921.log
nope_kl,longdoc,fixed_target,,hoskinson-center/proof-pile,16k,,perplexity,67.07252828872134,4,/home/sagemaker-user/atma/benchmarks/logs/foveal_cpt/longdoc_longdoc_fixed_target_nope_kl_60a84f6921.log
nope_kl,longdoc,fixed_target,,hoskinson-center/proof-pile,256k,,bits_per_byte,2.2489082469897217,4,/home/sagemaker-user/atma/benchmarks/logs/foveal_cpt/longdoc_longdoc_fixed_target_nope_kl_60a84f6921.log
nope_kl,longdoc,fixed_target,,hoskinson-center/proof-pile,256k,,nll_nats_per_token,4.204563498497009,4,/home/sagemaker-user/atma/benchmarks/logs/foveal_cpt/longdoc_longdoc_fixed_target_nope_kl_60a84f6921.log
nope_kl,longdoc,fixed_target,,hoskinson-center/proof-pile,256k,,perplexity,66.99134945859973,4,/home/sagemaker-user/atma/benchmarks/logs/foveal_cpt/longdoc_longdoc_fixed_target_nope_kl_60a84f6921.log
nope_kl,longdoc,fixed_target,,hoskinson-center/proof-pile,2k,,bits_per_byte,2.2845833218429803,4,/home/sagemaker-user/atma/benchmarks/logs/foveal_cpt/longdoc_longdoc_fixed_target_nope_kl_60a84f6921.log
nope_kl,longdoc,fixed_target,,hoskinson-center/proof-pile,2k,,nll_nats_per_token,4.271261692047119,4,/home/sagemaker-user/atma/benchmarks/logs/foveal_cpt/longdoc_longdoc_fixed_target_nope_kl_60a84f6921.log
nope_kl,longdoc,fixed_target,,hoskinson-center/proof-pile,2k,,perplexity,71.61193084848512,4,/home/sagemaker-user/atma/benchmarks/logs/foveal_cpt/longdoc_longdoc_fixed_target_nope_kl_60a84f6921.log
nope_kl,longdoc,fixed_target,,hoskinson-center/proof-pile,32k,,bits_per_byte,2.2612704585653547,4,/home/sagemaker-user/atma/benchmarks/logs/foveal_cpt/longdoc_longdoc_fixed_target_nope_kl_60a84f6921.log
nope_kl,longdoc,fixed_target,,hoskinson-center/proof-pile,32k,,nll_nats_per_token,4.227675914764404,4,/home/sagemaker-user/atma/benchmarks/logs/foveal_cpt/longdoc_longdoc_fixed_target_nope_kl_60a84f6921.log
nope_kl,longdoc,fixed_target,,hoskinson-center/proof-pile,32k,,perplexity,68.55771290910612,4,/home/sagemaker-user/atma/benchmarks/logs/foveal_cpt/longdoc_longdoc_fixed_target_nope_kl_60a84f6921.log
nope_kl,longdoc,fixed_target,,hoskinson-center/proof-pile,4k,,bits_per_byte,2.2662178681649365,4,/home/sagemaker-user/atma/benchmarks/logs/foveal_cpt/longdoc_longdoc_fixed_target_nope_kl_60a84f6921.log
nope_kl,longdoc,fixed_target,,hoskinson-center/proof-pile,4k,,nll_nats_per_token,4.2369256019592285,4,/home/sagemaker-user/atma/benchmarks/logs/foveal_cpt/longdoc_longdoc_fixed_target_nope_kl_60a84f6921.log
nope_kl,longdoc,fixed_target,,hoskinson-center/proof-pile,4k,,perplexity,69.19479215799912,4,/home/sagemaker-user/atma/benchmarks/logs/foveal_cpt/longdoc_longdoc_fixed_target_nope_kl_60a84f6921.log
nope_kl,longdoc,fixed_target,,hoskinson-center/proof-pile,64k,,bits_per_byte,2.226789898242442,4,/home/sagemaker-user/atma/benchmarks/logs/foveal_cpt/longdoc_longdoc_fixed_target_nope_kl_60a84f6921.log
nope_kl,longdoc,fixed_target,,hoskinson-center/proof-pile,64k,,nll_nats_per_token,4.163210988044739,4,/home/sagemaker-user/atma/benchmarks/logs/foveal_cpt/longdoc_longdoc_fixed_target_nope_kl_60a84f6921.log
nope_kl,longdoc,fixed_target,,hoskinson-center/proof-pile,64k,,perplexity,64.27758614976017,4,/home/sagemaker-user/atma/benchmarks/logs/foveal_cpt/longdoc_longdoc_fixed_target_nope_kl_60a84f6921.log
nope_kl,longdoc,fixed_target,,hoskinson-center/proof-pile,8k,,bits_per_byte,2.2905672122233898,4,/home/sagemaker-user/atma/benchmarks/logs/foveal_cpt/longdoc_longdoc_fixed_target_nope_kl_60a84f6921.log
nope_kl,longdoc,fixed_target,,hoskinson-center/proof-pile,8k,,nll_nats_per_token,4.282449185848236,4,/home/sagemaker-user/atma/benchmarks/logs/foveal_cpt/longdoc_longdoc_fixed_target_nope_kl_60a84f6921.log
nope_kl,longdoc,fixed_target,,hoskinson-center/proof-pile,8k,,perplexity,72.41758711520492,4,/home/sagemaker-user/atma/benchmarks/logs/foveal_cpt/longdoc_longdoc_fixed_target_nope_kl_60a84f6921.log
nope_kl,retrieval,synthetic,niah,synthetic-filler,128k,0.1,exact_match,0.0,10,/home/sagemaker-user/atma/benchmarks/logs/foveal_cpt/retrieval_retrieval_synthetic_nope_kl_caefebe8ea.log
nope_kl,retrieval,synthetic,niah,synthetic-filler,128k,0.1,nll_nats_per_token,1.2625390148162843,10,/home/sagemaker-user/atma/benchmarks/logs/foveal_cpt/retrieval_retrieval_synthetic_nope_kl_caefebe8ea.log
nope_kl,retrieval,synthetic,niah,synthetic-filler,128k,0.1,token_accuracy,80.0,10,/home/sagemaker-user/atma/benchmarks/logs/foveal_cpt/retrieval_retrieval_synthetic_nope_kl_caefebe8ea.log
nope_kl,retrieval,synthetic,niah,synthetic-filler,128k,0.5,exact_match,0.0,10,/home/sagemaker-user/atma/benchmarks/logs/foveal_cpt/retrieval_retrieval_synthetic_nope_kl_caefebe8ea.log
nope_kl,retrieval,synthetic,niah,synthetic-filler,128k,0.5,nll_nats_per_token,1.3956532669067383,10,/home/sagemaker-user/atma/benchmarks/logs/foveal_cpt/retrieval_retrieval_synthetic_nope_kl_caefebe8ea.log
nope_kl,retrieval,synthetic,niah,synthetic-filler,128k,0.5,token_accuracy,78.0,10,/home/sagemaker-user/atma/benchmarks/logs/foveal_cpt/retrieval_retrieval_synthetic_nope_kl_caefebe8ea.log
nope_kl,retrieval,synthetic,niah,synthetic-filler,128k,0.9,exact_match,0.0,10,/home/sagemaker-user/atma/benchmarks/logs/foveal_cpt/retrieval_retrieval_synthetic_nope_kl_caefebe8ea.log
nope_kl,retrieval,synthetic,niah,synthetic-filler,128k,0.9,nll_nats_per_token,1.3900506782531739,10,/home/sagemaker-user/atma/benchmarks/logs/foveal_cpt/retrieval_retrieval_synthetic_nope_kl_caefebe8ea.log
nope_kl,retrieval,synthetic,niah,synthetic-filler,128k,0.9,token_accuracy,80.0,10,/home/sagemaker-user/atma/benchmarks/logs/foveal_cpt/retrieval_retrieval_synthetic_nope_kl_caefebe8ea.log
nope_kl,retrieval,synthetic,niah,synthetic-filler,16k,0.1,exact_match,0.0,10,/home/sagemaker-user/atma/benchmarks/logs/foveal_cpt/retrieval_retrieval_synthetic_nope_kl_caefebe8ea.log
nope_kl,retrieval,synthetic,niah,synthetic-filler,16k,0.1,nll_nats_per_token,1.3803389072418213,10,/home/sagemaker-user/atma/benchmarks/logs/foveal_cpt/retrieval_retrieval_synthetic_nope_kl_caefebe8ea.log
nope_kl,retrieval,synthetic,niah,synthetic-filler,16k,0.1,token_accuracy,80.0,10,/home/sagemaker-user/atma/benchmarks/logs/foveal_cpt/retrieval_retrieval_synthetic_nope_kl_caefebe8ea.log
nope_kl,retrieval,synthetic,niah,synthetic-filler,16k,0.5,exact_match,0.0,10,/home/sagemaker-user/atma/benchmarks/logs/foveal_cpt/retrieval_retrieval_synthetic_nope_kl_caefebe8ea.log
nope_kl,retrieval,synthetic,niah,synthetic-filler,16k,0.5,nll_nats_per_token,1.4096171283721923,10,/home/sagemaker-user/atma/benchmarks/logs/foveal_cpt/retrieval_retrieval_synthetic_nope_kl_caefebe8ea.log
nope_kl,retrieval,synthetic,niah,synthetic-filler,16k,0.5,token_accuracy,80.0,10,/home/sagemaker-user/atma/benchmarks/logs/foveal_cpt/retrieval_retrieval_synthetic_nope_kl_caefebe8ea.log
nope_kl,retrieval,synthetic,niah,synthetic-filler,16k,0.9,exact_match,0.0,10,/home/sagemaker-user/atma/benchmarks/logs/foveal_cpt/retrieval_retrieval_synthetic_nope_kl_caefebe8ea.log
nope_kl,retrieval,synthetic,niah,synthetic-filler,16k,0.9,nll_nats_per_token,1.1169231700897218,10,/home/sagemaker-user/atma/benchmarks/logs/foveal_cpt/retrieval_retrieval_synthetic_nope_kl_caefebe8ea.log
nope_kl,retrieval,synthetic,niah,synthetic-filler,16k,0.9,token_accuracy,80.0,10,/home/sagemaker-user/atma/benchmarks/logs/foveal_cpt/retrieval_retrieval_synthetic_nope_kl_caefebe8ea.log
nope_kl,retrieval,synthetic,niah,synthetic-filler,256k,0.1,exact_match,0.0,10,/home/sagemaker-user/atma/benchmarks/logs/foveal_cpt/retrieval_retrieval_synthetic_nope_kl_caefebe8ea.log
nope_kl,retrieval,synthetic,niah,synthetic-filler,256k,0.1,nll_nats_per_token,1.1699931716918945,10,/home/sagemaker-user/atma/benchmarks/logs/foveal_cpt/retrieval_retrieval_synthetic_nope_kl_caefebe8ea.log
nope_kl,retrieval,synthetic,niah,synthetic-filler,256k,0.1,token_accuracy,80.0,10,/home/sagemaker-user/atma/benchmarks/logs/foveal_cpt/retrieval_retrieval_synthetic_nope_kl_caefebe8ea.log
nope_kl,retrieval,synthetic,niah,synthetic-filler,256k,0.5,exact_match,0.0,10,/home/sagemaker-user/atma/benchmarks/logs/foveal_cpt/retrieval_retrieval_synthetic_nope_kl_caefebe8ea.log
nope_kl,retrieval,synthetic,niah,synthetic-filler,256k,0.5,nll_nats_per_token,1.2522991943359374,10,/home/sagemaker-user/atma/benchmarks/logs/foveal_cpt/retrieval_retrieval_synthetic_nope_kl_caefebe8ea.log
nope_kl,retrieval,synthetic,niah,synthetic-filler,256k,0.5,token_accuracy,80.0,10,/home/sagemaker-user/atma/benchmarks/logs/foveal_cpt/retrieval_retrieval_synthetic_nope_kl_caefebe8ea.log
nope_kl,retrieval,synthetic,niah,synthetic-filler,256k,0.9,exact_match,70.0,10,/home/sagemaker-user/atma/benchmarks/logs/foveal_cpt/retrieval_retrieval_synthetic_nope_kl_caefebe8ea.log
nope_kl,retrieval,synthetic,niah,synthetic-filler,256k,0.9,nll_nats_per_token,0.7594439101219177,10,/home/sagemaker-user/atma/benchmarks/logs/foveal_cpt/retrieval_retrieval_synthetic_nope_kl_caefebe8ea.log
nope_kl,retrieval,synthetic,niah,synthetic-filler,256k,0.9,token_accuracy,94.0,10,/home/sagemaker-user/atma/benchmarks/logs/foveal_cpt/retrieval_retrieval_synthetic_nope_kl_caefebe8ea.log
nope_kl,retrieval,synthetic,niah,synthetic-filler,2k,0.1,exact_match,100.0,10,/home/sagemaker-user/atma/benchmarks/logs/foveal_cpt/retrieval_retrieval_synthetic_nope_kl_caefebe8ea.log
nope_kl,retrieval,synthetic,niah,synthetic-filler,2k,0.1,nll_nats_per_token,0.27031781792640686,10,/home/sagemaker-user/atma/benchmarks/logs/foveal_cpt/retrieval_retrieval_synthetic_nope_kl_caefebe8ea.log
nope_kl,retrieval,synthetic,niah,synthetic-filler,2k,0.1,token_accuracy,100.0,10,/home/sagemaker-user/atma/benchmarks/logs/foveal_cpt/retrieval_retrieval_synthetic_nope_kl_caefebe8ea.log
nope_kl,retrieval,synthetic,niah,synthetic-filler,2k,0.5,exact_match,60.0,10,/home/sagemaker-user/atma/benchmarks/logs/foveal_cpt/retrieval_retrieval_synthetic_nope_kl_caefebe8ea.log
nope_kl,retrieval,synthetic,niah,synthetic-filler,2k,0.5,exact_match,100.0,2,/home/sagemaker-user/atma/benchmarks/logs/foveal_cpt/smoke_retrieval_synthetic_nope_kl_93aaf42029.log
nope_kl,retrieval,synthetic,niah,synthetic-filler,2k,0.5,exact_match,60.0,5,/home/sagemaker-user/atma/benchmarks/logs/foveal_cpt/smoke_retrieval_synthetic_nope_kl_9efe68eb8a.log
nope_kl,retrieval,synthetic,niah,synthetic-filler,2k,0.5,nll_nats_per_token,0.6726954197883606,10,/home/sagemaker-user/atma/benchmarks/logs/foveal_cpt/retrieval_retrieval_synthetic_nope_kl_caefebe8ea.log
nope_kl,retrieval,synthetic,niah,synthetic-filler,2k,0.5,nll_nats_per_token,0.3920622944831848,2,/home/sagemaker-user/atma/benchmarks/logs/foveal_cpt/smoke_retrieval_synthetic_nope_kl_93aaf42029.log
nope_kl,retrieval,synthetic,niah,synthetic-filler,2k,0.5,nll_nats_per_token,0.6549766969680786,5,/home/sagemaker-user/atma/benchmarks/logs/foveal_cpt/smoke_retrieval_synthetic_nope_kl_9efe68eb8a.log
nope_kl,retrieval,synthetic,niah,synthetic-filler,2k,0.5,token_accuracy,92.0,10,/home/sagemaker-user/atma/benchmarks/logs/foveal_cpt/retrieval_retrieval_synthetic_nope_kl_caefebe8ea.log
nope_kl,retrieval,synthetic,niah,synthetic-filler,2k,0.5,token_accuracy,100.0,2,/home/sagemaker-user/atma/benchmarks/logs/foveal_cpt/smoke_retrieval_synthetic_nope_kl_93aaf42029.log
nope_kl,retrieval,synthetic,niah,synthetic-filler,2k,0.5,token_accuracy,92.0,5,/home/sagemaker-user/atma/benchmarks/logs/foveal_cpt/smoke_retrieval_synthetic_nope_kl_9efe68eb8a.log
nope_kl,retrieval,synthetic,niah,synthetic-filler,2k,0.9,exact_match,100.0,10,/home/sagemaker-user/atma/benchmarks/logs/foveal_cpt/retrieval_retrieval_synthetic_nope_kl_caefebe8ea.log
nope_kl,retrieval,synthetic,niah,synthetic-filler,2k,0.9,nll_nats_per_token,0.2751871693134308,10,/home/sagemaker-user/atma/benchmarks/logs/foveal_cpt/retrieval_retrieval_synthetic_nope_kl_caefebe8ea.log
nope_kl,retrieval,synthetic,niah,synthetic-filler,2k,0.9,token_accuracy,100.0,10,/home/sagemaker-user/atma/benchmarks/logs/foveal_cpt/retrieval_retrieval_synthetic_nope_kl_caefebe8ea.log
nope_kl,retrieval,synthetic,niah,synthetic-filler,32k,0.1,exact_match,0.0,10,/home/sagemaker-user/atma/benchmarks/logs/foveal_cpt/retrieval_retrieval_synthetic_nope_kl_caefebe8ea.log
nope_kl,retrieval,synthetic,niah,synthetic-filler,32k,0.1,nll_nats_per_token,1.2434462928771972,10,/home/sagemaker-user/atma/benchmarks/logs/foveal_cpt/retrieval_retrieval_synthetic_nope_kl_caefebe8ea.log
nope_kl,retrieval,synthetic,niah,synthetic-filler,32k,0.1,token_accuracy,80.0,10,/home/sagemaker-user/atma/benchmarks/logs/foveal_cpt/retrieval_retrieval_synthetic_nope_kl_caefebe8ea.log
nope_kl,retrieval,synthetic,niah,synthetic-filler,32k,0.5,exact_match,0.0,10,/home/sagemaker-user/atma/benchmarks/logs/foveal_cpt/retrieval_retrieval_synthetic_nope_kl_caefebe8ea.log
nope_kl,retrieval,synthetic,niah,synthetic-filler,32k,0.5,nll_nats_per_token,1.3113265800476075,10,/home/sagemaker-user/atma/benchmarks/logs/foveal_cpt/retrieval_retrieval_synthetic_nope_kl_caefebe8ea.log
nope_kl,retrieval,synthetic,niah,synthetic-filler,32k,0.5,token_accuracy,78.0,10,/home/sagemaker-user/atma/benchmarks/logs/foveal_cpt/retrieval_retrieval_synthetic_nope_kl_caefebe8ea.log
nope_kl,retrieval,synthetic,niah,synthetic-filler,32k,0.9,exact_match,10.0,10,/home/sagemaker-user/atma/benchmarks/logs/foveal_cpt/retrieval_retrieval_synthetic_nope_kl_caefebe8ea.log
nope_kl,retrieval,synthetic,niah,synthetic-filler,32k,0.9,nll_nats_per_token,1.1503804206848145,10,/home/sagemaker-user/atma/benchmarks/logs/foveal_cpt/retrieval_retrieval_synthetic_nope_kl_caefebe8ea.log
nope_kl,retrieval,synthetic,niah,synthetic-filler,32k,0.9,token_accuracy,82.0,10,/home/sagemaker-user/atma/benchmarks/logs/foveal_cpt/retrieval_retrieval_synthetic_nope_kl_caefebe8ea.log
nope_kl,retrieval,synthetic,niah,synthetic-filler,4k,0.1,exact_match,90.0,10,/home/sagemaker-user/atma/benchmarks/logs/foveal_cpt/retrieval_retrieval_synthetic_nope_kl_caefebe8ea.log
nope_kl,retrieval,synthetic,niah,synthetic-filler,4k,0.1,nll_nats_per_token,0.2712401843070984,10,/home/sagemaker-user/atma/benchmarks/logs/foveal_cpt/retrieval_retrieval_synthetic_nope_kl_caefebe8ea.log
nope_kl,retrieval,synthetic,niah,synthetic-filler,4k,0.1,token_accuracy,98.0,10,/home/sagemaker-user/atma/benchmarks/logs/foveal_cpt/retrieval_retrieval_synthetic_nope_kl_caefebe8ea.log
nope_kl,retrieval,synthetic,niah,synthetic-filler,4k,0.5,exact_match,100.0,10,/home/sagemaker-user/atma/benchmarks/logs/foveal_cpt/retrieval_retrieval_synthetic_nope_kl_caefebe8ea.log
nope_kl,retrieval,synthetic,niah,synthetic-filler,4k,0.5,nll_nats_per_token,0.3371149969100952,10,/home/sagemaker-user/atma/benchmarks/logs/foveal_cpt/retrieval_retrieval_synthetic_nope_kl_caefebe8ea.log
nope_kl,retrieval,synthetic,niah,synthetic-filler,4k,0.5,token_accuracy,100.0,10,/home/sagemaker-user/atma/benchmarks/logs/foveal_cpt/retrieval_retrieval_synthetic_nope_kl_caefebe8ea.log
nope_kl,retrieval,synthetic,niah,synthetic-filler,4k,0.9,exact_match,90.0,10,/home/sagemaker-user/atma/benchmarks/logs/foveal_cpt/retrieval_retrieval_synthetic_nope_kl_caefebe8ea.log
nope_kl,retrieval,synthetic,niah,synthetic-filler,4k,0.9,nll_nats_per_token,0.2753360605239868,10,/home/sagemaker-user/atma/benchmarks/logs/foveal_cpt/retrieval_retrieval_synthetic_nope_kl_caefebe8ea.log
nope_kl,retrieval,synthetic,niah,synthetic-filler,4k,0.9,token_accuracy,98.0,10,/home/sagemaker-user/atma/benchmarks/logs/foveal_cpt/retrieval_retrieval_synthetic_nope_kl_caefebe8ea.log
nope_kl,retrieval,synthetic,niah,synthetic-filler,64k,0.1,exact_match,0.0,10,/home/sagemaker-user/atma/benchmarks/logs/foveal_cpt/retrieval_retrieval_synthetic_nope_kl_caefebe8ea.log
nope_kl,retrieval,synthetic,niah,synthetic-filler,64k,0.1,nll_nats_per_token,1.3059385681152345,10,/home/sagemaker-user/atma/benchmarks/logs/foveal_cpt/retrieval_retrieval_synthetic_nope_kl_caefebe8ea.log
nope_kl,retrieval,synthetic,niah,synthetic-filler,64k,0.1,token_accuracy,80.0,10,/home/sagemaker-user/atma/benchmarks/logs/foveal_cpt/retrieval_retrieval_synthetic_nope_kl_caefebe8ea.log
nope_kl,retrieval,synthetic,niah,synthetic-filler,64k,0.5,exact_match,0.0,10,/home/sagemaker-user/atma/benchmarks/logs/foveal_cpt/retrieval_retrieval_synthetic_nope_kl_caefebe8ea.log
nope_kl,retrieval,synthetic,niah,synthetic-filler,64k,0.5,nll_nats_per_token,1.3142555999755858,10,/home/sagemaker-user/atma/benchmarks/logs/foveal_cpt/retrieval_retrieval_synthetic_nope_kl_caefebe8ea.log
nope_kl,retrieval,synthetic,niah,synthetic-filler,64k,0.5,token_accuracy,80.0,10,/home/sagemaker-user/atma/benchmarks/logs/foveal_cpt/retrieval_retrieval_synthetic_nope_kl_caefebe8ea.log
nope_kl,retrieval,synthetic,niah,synthetic-filler,64k,0.9,exact_match,0.0,10,/home/sagemaker-user/atma/benchmarks/logs/foveal_cpt/retrieval_retrieval_synthetic_nope_kl_caefebe8ea.log
nope_kl,retrieval,synthetic,niah,synthetic-filler,64k,0.9,nll_nats_per_token,1.2643634510040282,10,/home/sagemaker-user/atma/benchmarks/logs/foveal_cpt/retrieval_retrieval_synthetic_nope_kl_caefebe8ea.log
nope_kl,retrieval,synthetic,niah,synthetic-filler,64k,0.9,token_accuracy,78.0,10,/home/sagemaker-user/atma/benchmarks/logs/foveal_cpt/retrieval_retrieval_synthetic_nope_kl_caefebe8ea.log
nope_kl,retrieval,synthetic,niah,synthetic-filler,8k,0.1,exact_match,0.0,10,/home/sagemaker-user/atma/benchmarks/logs/foveal_cpt/retrieval_retrieval_synthetic_nope_kl_caefebe8ea.log
nope_kl,retrieval,synthetic,niah,synthetic-filler,8k,0.1,nll_nats_per_token,1.2256347942352295,10,/home/sagemaker-user/atma/benchmarks/logs/foveal_cpt/retrieval_retrieval_synthetic_nope_kl_caefebe8ea.log
nope_kl,retrieval,synthetic,niah,synthetic-filler,8k,0.1,token_accuracy,78.0,10,/home/sagemaker-user/atma/benchmarks/logs/foveal_cpt/retrieval_retrieval_synthetic_nope_kl_caefebe8ea.log
nope_kl,retrieval,synthetic,niah,synthetic-filler,8k,0.5,exact_match,0.0,10,/home/sagemaker-user/atma/benchmarks/logs/foveal_cpt/retrieval_retrieval_synthetic_nope_kl_caefebe8ea.log
nope_kl,retrieval,synthetic,niah,synthetic-filler,8k,0.5,exact_match,0.0,2,/home/sagemaker-user/atma/benchmarks/logs/foveal_cpt/smoke_retrieval_synthetic_nope_kl_93aaf42029.log
nope_kl,retrieval,synthetic,niah,synthetic-filler,8k,0.5,exact_match,0.0,5,/home/sagemaker-user/atma/benchmarks/logs/foveal_cpt/smoke_retrieval_synthetic_nope_kl_9efe68eb8a.log
nope_kl,retrieval,synthetic,niah,synthetic-filler,8k,0.5,nll_nats_per_token,1.2453737258911133,10,/home/sagemaker-user/atma/benchmarks/logs/foveal_cpt/retrieval_retrieval_synthetic_nope_kl_caefebe8ea.log
nope_kl,retrieval,synthetic,niah,synthetic-filler,8k,0.5,nll_nats_per_token,1.2215086460113525,2,/home/sagemaker-user/atma/benchmarks/logs/foveal_cpt/smoke_retrieval_synthetic_nope_kl_93aaf42029.log
nope_kl,retrieval,synthetic,niah,synthetic-filler,8k,0.5,nll_nats_per_token,1.224417018890381,5,/home/sagemaker-user/atma/benchmarks/logs/foveal_cpt/smoke_retrieval_synthetic_nope_kl_9efe68eb8a.log
nope_kl,retrieval,synthetic,niah,synthetic-filler,8k,0.5,token_accuracy,80.0,10,/home/sagemaker-user/atma/benchmarks/logs/foveal_cpt/retrieval_retrieval_synthetic_nope_kl_caefebe8ea.log
nope_kl,retrieval,synthetic,niah,synthetic-filler,8k,0.5,token_accuracy,80.0,2,/home/sagemaker-user/atma/benchmarks/logs/foveal_cpt/smoke_retrieval_synthetic_nope_kl_93aaf42029.log
nope_kl,retrieval,synthetic,niah,synthetic-filler,8k,0.5,token_accuracy,80.0,5,/home/sagemaker-user/atma/benchmarks/logs/foveal_cpt/smoke_retrieval_synthetic_nope_kl_9efe68eb8a.log
nope_kl,retrieval,synthetic,niah,synthetic-filler,8k,0.9,exact_match,50.0,10,/home/sagemaker-user/atma/benchmarks/logs/foveal_cpt/retrieval_retrieval_synthetic_nope_kl_caefebe8ea.log
nope_kl,retrieval,synthetic,niah,synthetic-filler,8k,0.9,nll_nats_per_token,0.9011195182800293,10,/home/sagemaker-user/atma/benchmarks/logs/foveal_cpt/retrieval_retrieval_synthetic_nope_kl_caefebe8ea.log
nope_kl,retrieval,synthetic,niah,synthetic-filler,8k,0.9,token_accuracy,90.0,10,/home/sagemaker-user/atma/benchmarks/logs/foveal_cpt/retrieval_retrieval_synthetic_nope_kl_caefebe8ea.log
nope_kl,retrieval,synthetic,passkey,synthetic-filler,128k,0.1,exact_match,0.0,10,/home/sagemaker-user/atma/benchmarks/logs/foveal_cpt/retrieval_retrieval_synthetic_nope_kl_caefebe8ea.log
nope_kl,retrieval,synthetic,passkey,synthetic-filler,128k,0.1,nll_nats_per_token,1.2903602886199952,10,/home/sagemaker-user/atma/benchmarks/logs/foveal_cpt/retrieval_retrieval_synthetic_nope_kl_caefebe8ea.log
nope_kl,retrieval,synthetic,passkey,synthetic-filler,128k,0.1,token_accuracy,78.0,10,/home/sagemaker-user/atma/benchmarks/logs/foveal_cpt/retrieval_retrieval_synthetic_nope_kl_caefebe8ea.log
nope_kl,retrieval,synthetic,passkey,synthetic-filler,128k,0.5,exact_match,0.0,10,/home/sagemaker-user/atma/benchmarks/logs/foveal_cpt/retrieval_retrieval_synthetic_nope_kl_caefebe8ea.log
nope_kl,retrieval,synthetic,passkey,synthetic-filler,128k,0.5,nll_nats_per_token,1.350000066757202,10,/home/sagemaker-user/atma/benchmarks/logs/foveal_cpt/retrieval_retrieval_synthetic_nope_kl_caefebe8ea.log
nope_kl,retrieval,synthetic,passkey,synthetic-filler,128k,0.5,token_accuracy,72.0,10,/home/sagemaker-user/atma/benchmarks/logs/foveal_cpt/retrieval_retrieval_synthetic_nope_kl_caefebe8ea.log
nope_kl,retrieval,synthetic,passkey,synthetic-filler,128k,0.9,exact_match,0.0,10,/home/sagemaker-user/atma/benchmarks/logs/foveal_cpt/retrieval_retrieval_synthetic_nope_kl_caefebe8ea.log
nope_kl,retrieval,synthetic,passkey,synthetic-filler,128k,0.9,nll_nats_per_token,1.328015022277832,10,/home/sagemaker-user/atma/benchmarks/logs/foveal_cpt/retrieval_retrieval_synthetic_nope_kl_caefebe8ea.log
nope_kl,retrieval,synthetic,passkey,synthetic-filler,128k,0.9,token_accuracy,78.0,10,/home/sagemaker-user/atma/benchmarks/logs/foveal_cpt/retrieval_retrieval_synthetic_nope_kl_caefebe8ea.log
nope_kl,retrieval,synthetic,passkey,synthetic-filler,16k,0.1,exact_match,0.0,10,/home/sagemaker-user/atma/benchmarks/logs/foveal_cpt/retrieval_retrieval_synthetic_nope_kl_caefebe8ea.log
nope_kl,retrieval,synthetic,passkey,synthetic-filler,16k,0.1,nll_nats_per_token,1.373891487121582,10,/home/sagemaker-user/atma/benchmarks/logs/foveal_cpt/retrieval_retrieval_synthetic_nope_kl_caefebe8ea.log
nope_kl,retrieval,synthetic,passkey,synthetic-filler,16k,0.1,token_accuracy,78.0,10,/home/sagemaker-user/atma/benchmarks/logs/foveal_cpt/retrieval_retrieval_synthetic_nope_kl_caefebe8ea.log
nope_kl,retrieval,synthetic,passkey,synthetic-filler,16k,0.5,exact_match,0.0,10,/home/sagemaker-user/atma/benchmarks/logs/foveal_cpt/retrieval_retrieval_synthetic_nope_kl_caefebe8ea.log
nope_kl,retrieval,synthetic,passkey,synthetic-filler,16k,0.5,nll_nats_per_token,1.3673398971557618,10,/home/sagemaker-user/atma/benchmarks/logs/foveal_cpt/retrieval_retrieval_synthetic_nope_kl_caefebe8ea.log
nope_kl,retrieval,synthetic,passkey,synthetic-filler,16k,0.5,token_accuracy,76.0,10,/home/sagemaker-user/atma/benchmarks/logs/foveal_cpt/retrieval_retrieval_synthetic_nope_kl_caefebe8ea.log
nope_kl,retrieval,synthetic,passkey,synthetic-filler,16k,0.9,exact_match,0.0,10,/home/sagemaker-user/atma/benchmarks/logs/foveal_cpt/retrieval_retrieval_synthetic_nope_kl_caefebe8ea.log
nope_kl,retrieval,synthetic,passkey,synthetic-filler,16k,0.9,nll_nats_per_token,1.4121976470947266,10,/home/sagemaker-user/atma/benchmarks/logs/foveal_cpt/retrieval_retrieval_synthetic_nope_kl_caefebe8ea.log
nope_kl,retrieval,synthetic,passkey,synthetic-filler,16k,0.9,token_accuracy,76.0,10,/home/sagemaker-user/atma/benchmarks/logs/foveal_cpt/retrieval_retrieval_synthetic_nope_kl_caefebe8ea.log
nope_kl,retrieval,synthetic,passkey,synthetic-filler,256k,0.1,exact_match,0.0,10,/home/sagemaker-user/atma/benchmarks/logs/foveal_cpt/retrieval_retrieval_synthetic_nope_kl_caefebe8ea.log
nope_kl,retrieval,synthetic,passkey,synthetic-filler,256k,0.1,nll_nats_per_token,1.4458268833160401,10,/home/sagemaker-user/atma/benchmarks/logs/foveal_cpt/retrieval_retrieval_synthetic_nope_kl_caefebe8ea.log
nope_kl,retrieval,synthetic,passkey,synthetic-filler,256k,0.1,token_accuracy,76.0,10,/home/sagemaker-user/atma/benchmarks/logs/foveal_cpt/retrieval_retrieval_synthetic_nope_kl_caefebe8ea.log
nope_kl,retrieval,synthetic,passkey,synthetic-filler,256k,0.5,exact_match,0.0,10,/home/sagemaker-user/atma/benchmarks/logs/foveal_cpt/retrieval_retrieval_synthetic_nope_kl_caefebe8ea.log
nope_kl,retrieval,synthetic,passkey,synthetic-filler,256k,0.5,nll_nats_per_token,1.3532269668579102,10,/home/sagemaker-user/atma/benchmarks/logs/foveal_cpt/retrieval_retrieval_synthetic_nope_kl_caefebe8ea.log
nope_kl,retrieval,synthetic,passkey,synthetic-filler,256k,0.5,token_accuracy,76.0,10,/home/sagemaker-user/atma/benchmarks/logs/foveal_cpt/retrieval_retrieval_synthetic_nope_kl_caefebe8ea.log
nope_kl,retrieval,synthetic,passkey,synthetic-filler,256k,0.9,exact_match,0.0,10,/home/sagemaker-user/atma/benchmarks/logs/foveal_cpt/retrieval_retrieval_synthetic_nope_kl_caefebe8ea.log
nope_kl,retrieval,synthetic,passkey,synthetic-filler,256k,0.9,nll_nats_per_token,1.4042511463165284,10,/home/sagemaker-user/atma/benchmarks/logs/foveal_cpt/retrieval_retrieval_synthetic_nope_kl_caefebe8ea.log
nope_kl,retrieval,synthetic,passkey,synthetic-filler,256k,0.9,token_accuracy,76.0,10,/home/sagemaker-user/atma/benchmarks/logs/foveal_cpt/retrieval_retrieval_synthetic_nope_kl_caefebe8ea.log
nope_kl,retrieval,synthetic,passkey,synthetic-filler,2k,0.1,exact_match,90.0,10,/home/sagemaker-user/atma/benchmarks/logs/foveal_cpt/retrieval_retrieval_synthetic_nope_kl_caefebe8ea.log
nope_kl,retrieval,synthetic,passkey,synthetic-filler,2k,0.1,nll_nats_per_token,0.22373581409454346,10,/home/sagemaker-user/atma/benchmarks/logs/foveal_cpt/retrieval_retrieval_synthetic_nope_kl_caefebe8ea.log
nope_kl,retrieval,synthetic,passkey,synthetic-filler,2k,0.1,token_accuracy,98.0,10,/home/sagemaker-user/atma/benchmarks/logs/foveal_cpt/retrieval_retrieval_synthetic_nope_kl_caefebe8ea.log
nope_kl,retrieval,synthetic,passkey,synthetic-filler,2k,0.5,exact_match,0.0,10,/home/sagemaker-user/atma/benchmarks/logs/foveal_cpt/retrieval_retrieval_synthetic_nope_kl_caefebe8ea.log
nope_kl,retrieval,synthetic,passkey,synthetic-filler,2k,0.5,exact_match,0.0,2,/home/sagemaker-user/atma/benchmarks/logs/foveal_cpt/smoke_retrieval_synthetic_nope_kl_93aaf42029.log
nope_kl,retrieval,synthetic,passkey,synthetic-filler,2k,0.5,exact_match,0.0,5,/home/sagemaker-user/atma/benchmarks/logs/foveal_cpt/smoke_retrieval_synthetic_nope_kl_9efe68eb8a.log
nope_kl,retrieval,synthetic,passkey,synthetic-filler,2k,0.5,nll_nats_per_token,1.1969346046447753,10,/home/sagemaker-user/atma/benchmarks/logs/foveal_cpt/retrieval_retrieval_synthetic_nope_kl_caefebe8ea.log
nope_kl,retrieval,synthetic,passkey,synthetic-filler,2k,0.5,nll_nats_per_token,1.1591105461120605,2,/home/sagemaker-user/atma/benchmarks/logs/foveal_cpt/smoke_retrieval_synthetic_nope_kl_93aaf42029.log
nope_kl,retrieval,synthetic,passkey,synthetic-filler,2k,0.5,nll_nats_per_token,1.1962361335754395,5,/home/sagemaker-user/atma/benchmarks/logs/foveal_cpt/smoke_retrieval_synthetic_nope_kl_9efe68eb8a.log
nope_kl,retrieval,synthetic,passkey,synthetic-filler,2k,0.5,token_accuracy,78.0,10,/home/sagemaker-user/atma/benchmarks/logs/foveal_cpt/retrieval_retrieval_synthetic_nope_kl_caefebe8ea.log
nope_kl,retrieval,synthetic,passkey,synthetic-filler,2k,0.5,token_accuracy,80.0,2,/home/sagemaker-user/atma/benchmarks/logs/foveal_cpt/smoke_retrieval_synthetic_nope_kl_93aaf42029.log
nope_kl,retrieval,synthetic,passkey,synthetic-filler,2k,0.5,token_accuracy,80.0,5,/home/sagemaker-user/atma/benchmarks/logs/foveal_cpt/smoke_retrieval_synthetic_nope_kl_9efe68eb8a.log
nope_kl,retrieval,synthetic,passkey,synthetic-filler,2k,0.9,exact_match,90.0,10,/home/sagemaker-user/atma/benchmarks/logs/foveal_cpt/retrieval_retrieval_synthetic_nope_kl_caefebe8ea.log
nope_kl,retrieval,synthetic,passkey,synthetic-filler,2k,0.9,nll_nats_per_token,0.19473179459571838,10,/home/sagemaker-user/atma/benchmarks/logs/foveal_cpt/retrieval_retrieval_synthetic_nope_kl_caefebe8ea.log
nope_kl,retrieval,synthetic,passkey,synthetic-filler,2k,0.9,token_accuracy,98.0,10,/home/sagemaker-user/atma/benchmarks/logs/foveal_cpt/retrieval_retrieval_synthetic_nope_kl_caefebe8ea.log
nope_kl,retrieval,synthetic,passkey,synthetic-filler,32k,0.1,exact_match,0.0,10,/home/sagemaker-user/atma/benchmarks/logs/foveal_cpt/retrieval_retrieval_synthetic_nope_kl_caefebe8ea.log
nope_kl,retrieval,synthetic,passkey,synthetic-filler,32k,0.1,nll_nats_per_token,1.3642867755889894,10,/home/sagemaker-user/atma/benchmarks/logs/foveal_cpt/retrieval_retrieval_synthetic_nope_kl_caefebe8ea.log
nope_kl,retrieval,synthetic,passkey,synthetic-filler,32k,0.1,token_accuracy,76.0,10,/home/sagemaker-user/atma/benchmarks/logs/foveal_cpt/retrieval_retrieval_synthetic_nope_kl_caefebe8ea.log
nope_kl,retrieval,synthetic,passkey,synthetic-filler,32k,0.5,exact_match,0.0,10,/home/sagemaker-user/atma/benchmarks/logs/foveal_cpt/retrieval_retrieval_synthetic_nope_kl_caefebe8ea.log
nope_kl,retrieval,synthetic,passkey,synthetic-filler,32k,0.5,nll_nats_per_token,1.3442588233947754,10,/home/sagemaker-user/atma/benchmarks/logs/foveal_cpt/retrieval_retrieval_synthetic_nope_kl_caefebe8ea.log
nope_kl,retrieval,synthetic,passkey,synthetic-filler,32k,0.5,token_accuracy,78.0,10,/home/sagemaker-user/atma/benchmarks/logs/foveal_cpt/retrieval_retrieval_synthetic_nope_kl_caefebe8ea.log
nope_kl,retrieval,synthetic,passkey,synthetic-filler,32k,0.9,exact_match,0.0,10,/home/sagemaker-user/atma/benchmarks/logs/foveal_cpt/retrieval_retrieval_synthetic_nope_kl_caefebe8ea.log
nope_kl,retrieval,synthetic,passkey,synthetic-filler,32k,0.9,nll_nats_per_token,1.353879280090332,10,/home/sagemaker-user/atma/benchmarks/logs/foveal_cpt/retrieval_retrieval_synthetic_nope_kl_caefebe8ea.log
nope_kl,retrieval,synthetic,passkey,synthetic-filler,32k,0.9,token_accuracy,76.0,10,/home/sagemaker-user/atma/benchmarks/logs/foveal_cpt/retrieval_retrieval_synthetic_nope_kl_caefebe8ea.log
nope_kl,retrieval,synthetic,passkey,synthetic-filler,4k,0.1,exact_match,10.0,10,/home/sagemaker-user/atma/benchmarks/logs/foveal_cpt/retrieval_retrieval_synthetic_nope_kl_caefebe8ea.log
nope_kl,retrieval,synthetic,passkey,synthetic-filler,4k,0.1,nll_nats_per_token,1.2515574288368225,10,/home/sagemaker-user/atma/benchmarks/logs/foveal_cpt/retrieval_retrieval_synthetic_nope_kl_caefebe8ea.log
nope_kl,retrieval,synthetic,passkey,synthetic-filler,4k,0.1,token_accuracy,82.0,10,/home/sagemaker-user/atma/benchmarks/logs/foveal_cpt/retrieval_retrieval_synthetic_nope_kl_caefebe8ea.log
nope_kl,retrieval,synthetic,passkey,synthetic-filler,4k,0.5,exact_match,0.0,10,/home/sagemaker-user/atma/benchmarks/logs/foveal_cpt/retrieval_retrieval_synthetic_nope_kl_caefebe8ea.log
nope_kl,retrieval,synthetic,passkey,synthetic-filler,4k,0.5,nll_nats_per_token,1.159845266342163,10,/home/sagemaker-user/atma/benchmarks/logs/foveal_cpt/retrieval_retrieval_synthetic_nope_kl_caefebe8ea.log
nope_kl,retrieval,synthetic,passkey,synthetic-filler,4k,0.5,token_accuracy,78.0,10,/home/sagemaker-user/atma/benchmarks/logs/foveal_cpt/retrieval_retrieval_synthetic_nope_kl_caefebe8ea.log
nope_kl,retrieval,synthetic,passkey,synthetic-filler,4k,0.9,exact_match,80.0,10,/home/sagemaker-user/atma/benchmarks/logs/foveal_cpt/retrieval_retrieval_synthetic_nope_kl_caefebe8ea.log
nope_kl,retrieval,synthetic,passkey,synthetic-filler,4k,0.9,nll_nats_per_token,0.254585337638855,10,/home/sagemaker-user/atma/benchmarks/logs/foveal_cpt/retrieval_retrieval_synthetic_nope_kl_caefebe8ea.log
nope_kl,retrieval,synthetic,passkey,synthetic-filler,4k,0.9,token_accuracy,96.0,10,/home/sagemaker-user/atma/benchmarks/logs/foveal_cpt/retrieval_retrieval_synthetic_nope_kl_caefebe8ea.log
nope_kl,retrieval,synthetic,passkey,synthetic-filler,64k,0.1,exact_match,0.0,10,/home/sagemaker-user/atma/benchmarks/logs/foveal_cpt/retrieval_retrieval_synthetic_nope_kl_caefebe8ea.log
nope_kl,retrieval,synthetic,passkey,synthetic-filler,64k,0.1,nll_nats_per_token,1.539154624938965,10,/home/sagemaker-user/atma/benchmarks/logs/foveal_cpt/retrieval_retrieval_synthetic_nope_kl_caefebe8ea.log
nope_kl,retrieval,synthetic,passkey,synthetic-filler,64k,0.1,token_accuracy,76.0,10,/home/sagemaker-user/atma/benchmarks/logs/foveal_cpt/retrieval_retrieval_synthetic_nope_kl_caefebe8ea.log
nope_kl,retrieval,synthetic,passkey,synthetic-filler,64k,0.5,exact_match,0.0,10,/home/sagemaker-user/atma/benchmarks/logs/foveal_cpt/retrieval_retrieval_synthetic_nope_kl_caefebe8ea.log
nope_kl,retrieval,synthetic,passkey,synthetic-filler,64k,0.5,nll_nats_per_token,1.2990628147125245,10,/home/sagemaker-user/atma/benchmarks/logs/foveal_cpt/retrieval_retrieval_synthetic_nope_kl_caefebe8ea.log
nope_kl,retrieval,synthetic,passkey,synthetic-filler,64k,0.5,token_accuracy,78.0,10,/home/sagemaker-user/atma/benchmarks/logs/foveal_cpt/retrieval_retrieval_synthetic_nope_kl_caefebe8ea.log
nope_kl,retrieval,synthetic,passkey,synthetic-filler,64k,0.9,exact_match,0.0,10,/home/sagemaker-user/atma/benchmarks/logs/foveal_cpt/retrieval_retrieval_synthetic_nope_kl_caefebe8ea.log
nope_kl,retrieval,synthetic,passkey,synthetic-filler,64k,0.9,nll_nats_per_token,1.4245820903778077,10,/home/sagemaker-user/atma/benchmarks/logs/foveal_cpt/retrieval_retrieval_synthetic_nope_kl_caefebe8ea.log
nope_kl,retrieval,synthetic,passkey,synthetic-filler,64k,0.9,token_accuracy,76.0,10,/home/sagemaker-user/atma/benchmarks/logs/foveal_cpt/retrieval_retrieval_synthetic_nope_kl_caefebe8ea.log
nope_kl,retrieval,synthetic,passkey,synthetic-filler,8k,0.1,exact_match,0.0,10,/home/sagemaker-user/atma/benchmarks/logs/foveal_cpt/retrieval_retrieval_synthetic_nope_kl_caefebe8ea.log
nope_kl,retrieval,synthetic,passkey,synthetic-filler,8k,0.1,nll_nats_per_token,1.398993320465088,10,/home/sagemaker-user/atma/benchmarks/logs/foveal_cpt/retrieval_retrieval_synthetic_nope_kl_caefebe8ea.log
nope_kl,retrieval,synthetic,passkey,synthetic-filler,8k,0.1,token_accuracy,78.0,10,/home/sagemaker-user/atma/benchmarks/logs/foveal_cpt/retrieval_retrieval_synthetic_nope_kl_caefebe8ea.log
nope_kl,retrieval,synthetic,passkey,synthetic-filler,8k,0.5,exact_match,0.0,10,/home/sagemaker-user/atma/benchmarks/logs/foveal_cpt/retrieval_retrieval_synthetic_nope_kl_caefebe8ea.log
nope_kl,retrieval,synthetic,passkey,synthetic-filler,8k,0.5,exact_match,0.0,2,/home/sagemaker-user/atma/benchmarks/logs/foveal_cpt/smoke_retrieval_synthetic_nope_kl_93aaf42029.log
nope_kl,retrieval,synthetic,passkey,synthetic-filler,8k,0.5,exact_match,0.0,5,/home/sagemaker-user/atma/benchmarks/logs/foveal_cpt/smoke_retrieval_synthetic_nope_kl_9efe68eb8a.log
nope_kl,retrieval,synthetic,passkey,synthetic-filler,8k,0.5,nll_nats_per_token,1.3004351234436036,10,/home/sagemaker-user/atma/benchmarks/logs/foveal_cpt/retrieval_retrieval_synthetic_nope_kl_caefebe8ea.log
nope_kl,retrieval,synthetic,passkey,synthetic-filler,8k,0.5,nll_nats_per_token,1.2404295444488525,2,/home/sagemaker-user/atma/benchmarks/logs/foveal_cpt/smoke_retrieval_synthetic_nope_kl_93aaf42029.log
nope_kl,retrieval,synthetic,passkey,synthetic-filler,8k,0.5,nll_nats_per_token,1.2855948638916015,5,/home/sagemaker-user/atma/benchmarks/logs/foveal_cpt/smoke_retrieval_synthetic_nope_kl_9efe68eb8a.log
nope_kl,retrieval,synthetic,passkey,synthetic-filler,8k,0.5,token_accuracy,76.0,10,/home/sagemaker-user/atma/benchmarks/logs/foveal_cpt/retrieval_retrieval_synthetic_nope_kl_caefebe8ea.log
nope_kl,retrieval,synthetic,passkey,synthetic-filler,8k,0.5,token_accuracy,80.0,2,/home/sagemaker-user/atma/benchmarks/logs/foveal_cpt/smoke_retrieval_synthetic_nope_kl_93aaf42029.log
nope_kl,retrieval,synthetic,passkey,synthetic-filler,8k,0.5,token_accuracy,80.0,5,/home/sagemaker-user/atma/benchmarks/logs/foveal_cpt/smoke_retrieval_synthetic_nope_kl_9efe68eb8a.log
nope_kl,retrieval,synthetic,passkey,synthetic-filler,8k,0.9,exact_match,10.0,10,/home/sagemaker-user/atma/benchmarks/logs/foveal_cpt/retrieval_retrieval_synthetic_nope_kl_caefebe8ea.log
nope_kl,retrieval,synthetic,passkey,synthetic-filler,8k,0.9,nll_nats_per_token,1.3571926307678224,10,/home/sagemaker-user/atma/benchmarks/logs/foveal_cpt/retrieval_retrieval_synthetic_nope_kl_caefebe8ea.log
nope_kl,retrieval,synthetic,passkey,synthetic-filler,8k,0.9,token_accuracy,78.0,10,/home/sagemaker-user/atma/benchmarks/logs/foveal_cpt/retrieval_retrieval_synthetic_nope_kl_caefebe8ea.log
nope_kl,serving,generation,,,128k,,decode_tokens_per_s,476.26374898811275,1,/home/sagemaker-user/atma/benchmarks/logs/foveal_cpt/serving_serving_generation_nope_kl_4eaf7e6e56.log
nope_kl,serving,generation,,,128k,,decode_tokens_per_s,471.1906179423945,1,/home/sagemaker-user/atma/benchmarks/logs/foveal_cpt/serving_serving_generation_nope_kl_df31926f98.log
nope_kl,serving,generation,,,128k,,oom,False,1,/home/sagemaker-user/atma/benchmarks/logs/foveal_cpt/serving_serving_generation_nope_kl_4eaf7e6e56.log
nope_kl,serving,generation,,,128k,,oom,False,1,/home/sagemaker-user/atma/benchmarks/logs/foveal_cpt/serving_serving_generation_nope_kl_df31926f98.log
nope_kl,serving,generation,,,128k,,peak_allocated_bytes,7655302144,1,/home/sagemaker-user/atma/benchmarks/logs/foveal_cpt/serving_serving_generation_nope_kl_4eaf7e6e56.log
nope_kl,serving,generation,,,128k,,peak_allocated_bytes,7655302144,1,/home/sagemaker-user/atma/benchmarks/logs/foveal_cpt/serving_serving_generation_nope_kl_df31926f98.log
nope_kl,serving,generation,,,128k,,peak_reserved_bytes,8067743744,1,/home/sagemaker-user/atma/benchmarks/logs/foveal_cpt/serving_serving_generation_nope_kl_4eaf7e6e56.log
nope_kl,serving,generation,,,128k,,peak_reserved_bytes,8067743744,1,/home/sagemaker-user/atma/benchmarks/logs/foveal_cpt/serving_serving_generation_nope_kl_df31926f98.log
nope_kl,serving,generation,,,128k,,prefill_tokens_per_s,157038.13712082224,1,/home/sagemaker-user/atma/benchmarks/logs/foveal_cpt/serving_serving_generation_nope_kl_4eaf7e6e56.log
nope_kl,serving,generation,,,128k,,prefill_tokens_per_s,156676.68442033124,1,/home/sagemaker-user/atma/benchmarks/logs/foveal_cpt/serving_serving_generation_nope_kl_df31926f98.log
nope_kl,serving,generation,,,16k,,decode_tokens_per_s,482.51322489129865,1,/home/sagemaker-user/atma/benchmarks/logs/foveal_cpt/serving_serving_generation_nope_kl_4eaf7e6e56.log
nope_kl,serving,generation,,,16k,,decode_tokens_per_s,486.8538123328476,1,/home/sagemaker-user/atma/benchmarks/logs/foveal_cpt/serving_serving_generation_nope_kl_df31926f98.log
nope_kl,serving,generation,,,16k,,oom,False,1,/home/sagemaker-user/atma/benchmarks/logs/foveal_cpt/serving_serving_generation_nope_kl_4eaf7e6e56.log
nope_kl,serving,generation,,,16k,,oom,False,1,/home/sagemaker-user/atma/benchmarks/logs/foveal_cpt/serving_serving_generation_nope_kl_df31926f98.log
nope_kl,serving,generation,,,16k,,peak_allocated_bytes,1637850112,1,/home/sagemaker-user/atma/benchmarks/logs/foveal_cpt/serving_serving_generation_nope_kl_4eaf7e6e56.log
nope_kl,serving,generation,,,16k,,peak_allocated_bytes,1637850112,1,/home/sagemaker-user/atma/benchmarks/logs/foveal_cpt/serving_serving_generation_nope_kl_df31926f98.log
nope_kl,serving,generation,,,16k,,peak_reserved_bytes,1692401664,1,/home/sagemaker-user/atma/benchmarks/logs/foveal_cpt/serving_serving_generation_nope_kl_4eaf7e6e56.log
nope_kl,serving,generation,,,16k,,peak_reserved_bytes,1692401664,1,/home/sagemaker-user/atma/benchmarks/logs/foveal_cpt/serving_serving_generation_nope_kl_df31926f98.log
nope_kl,serving,generation,,,16k,,prefill_tokens_per_s,171164.356733944,1,/home/sagemaker-user/atma/benchmarks/logs/foveal_cpt/serving_serving_generation_nope_kl_4eaf7e6e56.log
nope_kl,serving,generation,,,16k,,prefill_tokens_per_s,170808.603187794,1,/home/sagemaker-user/atma/benchmarks/logs/foveal_cpt/serving_serving_generation_nope_kl_df31926f98.log
nope_kl,serving,generation,,,256k,,decode_tokens_per_s,469.21012176429,1,/home/sagemaker-user/atma/benchmarks/logs/foveal_cpt/serving_serving_generation_nope_kl_df31926f98.log
nope_kl,serving,generation,,,256k,,oom,False,1,/home/sagemaker-user/atma/benchmarks/logs/foveal_cpt/serving_serving_generation_nope_kl_df31926f98.log
nope_kl,serving,generation,,,256k,,peak_allocated_bytes,14532389888,1,/home/sagemaker-user/atma/benchmarks/logs/foveal_cpt/serving_serving_generation_nope_kl_df31926f98.log
nope_kl,serving,generation,,,256k,,peak_reserved_bytes,15313403904,1,/home/sagemaker-user/atma/benchmarks/logs/foveal_cpt/serving_serving_generation_nope_kl_df31926f98.log
nope_kl,serving,generation,,,256k,,prefill_tokens_per_s,149919.66743899445,1,/home/sagemaker-user/atma/benchmarks/logs/foveal_cpt/serving_serving_generation_nope_kl_df31926f98.log
nope_kl,serving,generation,,,2k,,decode_tokens_per_s,485.880505705702,1,/home/sagemaker-user/atma/benchmarks/logs/foveal_cpt/serving_serving_generation_nope_kl_4eaf7e6e56.log
nope_kl,serving,generation,,,2k,,decode_tokens_per_s,486.47829125905787,1,/home/sagemaker-user/atma/benchmarks/logs/foveal_cpt/serving_serving_generation_nope_kl_df31926f98.log
nope_kl,serving,generation,,,2k,,oom,False,1,/home/sagemaker-user/atma/benchmarks/logs/foveal_cpt/serving_serving_generation_nope_kl_4eaf7e6e56.log
nope_kl,serving,generation,,,2k,,oom,False,1,/home/sagemaker-user/atma/benchmarks/logs/foveal_cpt/serving_serving_generation_nope_kl_df31926f98.log
nope_kl,serving,generation,,,2k,,peak_allocated_bytes,887766016,1,/home/sagemaker-user/atma/benchmarks/logs/foveal_cpt/serving_serving_generation_nope_kl_4eaf7e6e56.log
nope_kl,serving,generation,,,2k,,peak_allocated_bytes,887766016,1,/home/sagemaker-user/atma/benchmarks/logs/foveal_cpt/serving_serving_generation_nope_kl_df31926f98.log
nope_kl,serving,generation,,,2k,,peak_reserved_bytes,924844032,1,/home/sagemaker-user/atma/benchmarks/logs/foveal_cpt/serving_serving_generation_nope_kl_4eaf7e6e56.log
nope_kl,serving,generation,,,2k,,peak_reserved_bytes,924844032,1,/home/sagemaker-user/atma/benchmarks/logs/foveal_cpt/serving_serving_generation_nope_kl_df31926f98.log
nope_kl,serving,generation,,,2k,,prefill_tokens_per_s,12869.029947128889,1,/home/sagemaker-user/atma/benchmarks/logs/foveal_cpt/serving_serving_generation_nope_kl_4eaf7e6e56.log
nope_kl,serving,generation,,,2k,,prefill_tokens_per_s,12976.222521136508,1,/home/sagemaker-user/atma/benchmarks/logs/foveal_cpt/serving_serving_generation_nope_kl_df31926f98.log
nope_kl,serving,generation,,,32k,,decode_tokens_per_s,482.85665417752676,1,/home/sagemaker-user/atma/benchmarks/logs/foveal_cpt/serving_serving_generation_nope_kl_4eaf7e6e56.log
nope_kl,serving,generation,,,32k,,decode_tokens_per_s,484.04246131127627,1,/home/sagemaker-user/atma/benchmarks/logs/foveal_cpt/serving_serving_generation_nope_kl_df31926f98.log
nope_kl,serving,generation,,,32k,,oom,False,1,/home/sagemaker-user/atma/benchmarks/logs/foveal_cpt/serving_serving_generation_nope_kl_4eaf7e6e56.log
nope_kl,serving,generation,,,32k,,oom,False,1,/home/sagemaker-user/atma/benchmarks/logs/foveal_cpt/serving_serving_generation_nope_kl_df31926f98.log
nope_kl,serving,generation,,,32k,,peak_allocated_bytes,2497486336,1,/home/sagemaker-user/atma/benchmarks/logs/foveal_cpt/serving_serving_generation_nope_kl_4eaf7e6e56.log
nope_kl,serving,generation,,,32k,,peak_allocated_bytes,2497486336,1,/home/sagemaker-user/atma/benchmarks/logs/foveal_cpt/serving_serving_generation_nope_kl_df31926f98.log
nope_kl,serving,generation,,,32k,,peak_reserved_bytes,2636120064,1,/home/sagemaker-user/atma/benchmarks/logs/foveal_cpt/serving_serving_generation_nope_kl_4eaf7e6e56.log
nope_kl,serving,generation,,,32k,,peak_reserved_bytes,2636120064,1,/home/sagemaker-user/atma/benchmarks/logs/foveal_cpt/serving_serving_generation_nope_kl_df31926f98.log
nope_kl,serving,generation,,,32k,,prefill_tokens_per_s,157638.08764861862,1,/home/sagemaker-user/atma/benchmarks/logs/foveal_cpt/serving_serving_generation_nope_kl_4eaf7e6e56.log
nope_kl,serving,generation,,,32k,,prefill_tokens_per_s,156931.68687903724,1,/home/sagemaker-user/atma/benchmarks/logs/foveal_cpt/serving_serving_generation_nope_kl_df31926f98.log
nope_kl,serving,generation,,,4k,,decode_tokens_per_s,484.9273304510989,1,/home/sagemaker-user/atma/benchmarks/logs/foveal_cpt/serving_serving_generation_nope_kl_4eaf7e6e56.log
nope_kl,serving,generation,,,4k,,decode_tokens_per_s,487.41255547826745,1,/home/sagemaker-user/atma/benchmarks/logs/foveal_cpt/serving_serving_generation_nope_kl_df31926f98.log
nope_kl,serving,generation,,,4k,,oom,False,1,/home/sagemaker-user/atma/benchmarks/logs/foveal_cpt/serving_serving_generation_nope_kl_4eaf7e6e56.log
nope_kl,serving,generation,,,4k,,oom,False,1,/home/sagemaker-user/atma/benchmarks/logs/foveal_cpt/serving_serving_generation_nope_kl_df31926f98.log
nope_kl,serving,generation,,,4k,,peak_allocated_bytes,993123328,1,/home/sagemaker-user/atma/benchmarks/logs/foveal_cpt/serving_serving_generation_nope_kl_4eaf7e6e56.log
nope_kl,serving,generation,,,4k,,peak_allocated_bytes,993123328,1,/home/sagemaker-user/atma/benchmarks/logs/foveal_cpt/serving_serving_generation_nope_kl_df31926f98.log
nope_kl,serving,generation,,,4k,,peak_reserved_bytes,1088421888,1,/home/sagemaker-user/atma/benchmarks/logs/foveal_cpt/serving_serving_generation_nope_kl_4eaf7e6e56.log
nope_kl,serving,generation,,,4k,,peak_reserved_bytes,1088421888,1,/home/sagemaker-user/atma/benchmarks/logs/foveal_cpt/serving_serving_generation_nope_kl_df31926f98.log
nope_kl,serving,generation,,,4k,,prefill_tokens_per_s,120061.30010465957,1,/home/sagemaker-user/atma/benchmarks/logs/foveal_cpt/serving_serving_generation_nope_kl_4eaf7e6e56.log
nope_kl,serving,generation,,,4k,,prefill_tokens_per_s,127114.77672733576,1,/home/sagemaker-user/atma/benchmarks/logs/foveal_cpt/serving_serving_generation_nope_kl_df31926f98.log
nope_kl,serving,generation,,,64k,,decode_tokens_per_s,483.68139627203504,1,/home/sagemaker-user/atma/benchmarks/logs/foveal_cpt/serving_serving_generation_nope_kl_4eaf7e6e56.log
nope_kl,serving,generation,,,64k,,decode_tokens_per_s,483.2302304558013,1,/home/sagemaker-user/atma/benchmarks/logs/foveal_cpt/serving_serving_generation_nope_kl_df31926f98.log
nope_kl,serving,generation,,,64k,,oom,False,1,/home/sagemaker-user/atma/benchmarks/logs/foveal_cpt/serving_serving_generation_nope_kl_4eaf7e6e56.log
nope_kl,serving,generation,,,64k,,oom,False,1,/home/sagemaker-user/atma/benchmarks/logs/foveal_cpt/serving_serving_generation_nope_kl_df31926f98.log
nope_kl,serving,generation,,,64k,,peak_allocated_bytes,4216758272,1,/home/sagemaker-user/atma/benchmarks/logs/foveal_cpt/serving_serving_generation_nope_kl_4eaf7e6e56.log
nope_kl,serving,generation,,,64k,,peak_allocated_bytes,4216758272,1,/home/sagemaker-user/atma/benchmarks/logs/foveal_cpt/serving_serving_generation_nope_kl_df31926f98.log
nope_kl,serving,generation,,,64k,,peak_reserved_bytes,4441767936,1,/home/sagemaker-user/atma/benchmarks/logs/foveal_cpt/serving_serving_generation_nope_kl_4eaf7e6e56.log
nope_kl,serving,generation,,,64k,,peak_reserved_bytes,4441767936,1,/home/sagemaker-user/atma/benchmarks/logs/foveal_cpt/serving_serving_generation_nope_kl_df31926f98.log
nope_kl,serving,generation,,,64k,,prefill_tokens_per_s,157211.77813987804,1,/home/sagemaker-user/atma/benchmarks/logs/foveal_cpt/serving_serving_generation_nope_kl_4eaf7e6e56.log
nope_kl,serving,generation,,,64k,,prefill_tokens_per_s,157028.2043814237,1,/home/sagemaker-user/atma/benchmarks/logs/foveal_cpt/serving_serving_generation_nope_kl_df31926f98.log
nope_kl,serving,generation,,,8k,,decode_tokens_per_s,481.57224300465845,1,/home/sagemaker-user/atma/benchmarks/logs/foveal_cpt/serving_serving_generation_nope_kl_4eaf7e6e56.log
nope_kl,serving,generation,,,8k,,decode_tokens_per_s,488.3740495741746,1,/home/sagemaker-user/atma/benchmarks/logs/foveal_cpt/serving_serving_generation_nope_kl_df31926f98.log
nope_kl,serving,generation,,,8k,,oom,False,1,/home/sagemaker-user/atma/benchmarks/logs/foveal_cpt/serving_serving_generation_nope_kl_4eaf7e6e56.log
nope_kl,serving,generation,,,8k,,oom,False,1,/home/sagemaker-user/atma/benchmarks/logs/foveal_cpt/serving_serving_generation_nope_kl_df31926f98.log
nope_kl,serving,generation,,,8k,,peak_allocated_bytes,1208032256,1,/home/sagemaker-user/atma/benchmarks/logs/foveal_cpt/serving_serving_generation_nope_kl_4eaf7e6e56.log
nope_kl,serving,generation,,,8k,,peak_allocated_bytes,1208032256,1,/home/sagemaker-user/atma/benchmarks/logs/foveal_cpt/serving_serving_generation_nope_kl_df31926f98.log
nope_kl,serving,generation,,,8k,,peak_reserved_bytes,1254096896,1,/home/sagemaker-user/atma/benchmarks/logs/foveal_cpt/serving_serving_generation_nope_kl_4eaf7e6e56.log
nope_kl,serving,generation,,,8k,,peak_reserved_bytes,1254096896,1,/home/sagemaker-user/atma/benchmarks/logs/foveal_cpt/serving_serving_generation_nope_kl_df31926f98.log
nope_kl,serving,generation,,,8k,,prefill_tokens_per_s,160840.80107193065,1,/home/sagemaker-user/atma/benchmarks/logs/foveal_cpt/serving_serving_generation_nope_kl_4eaf7e6e56.log
nope_kl,serving,generation,,,8k,,prefill_tokens_per_s,160397.68831373504,1,/home/sagemaker-user/atma/benchmarks/logs/foveal_cpt/serving_serving_generation_nope_kl_df31926f98.log
nope_kl,serving,generation,,,,,max_successful_context_tokens,131072,,/home/sagemaker-user/atma/benchmarks/logs/foveal_cpt/serving_serving_generation_nope_kl_4eaf7e6e56.log
nope_kl,serving,generation,,,,,max_successful_context_tokens,262144,,/home/sagemaker-user/atma/benchmarks/logs/foveal_cpt/serving_serving_generation_nope_kl_df31926f98.log
nope_lm_output,base,zero_shot,arc_challenge,,,,accuracy,0.27424749163879597,299,/home/sagemaker-user/atma/benchmarks/logs/foveal_cpt/base_base_zero_shot_nope_lm_output_e86cf6918a.log
nope_lm_output,base,zero_shot,arc_challenge,,,,accuracy_norm,0.3177257525083612,299,/home/sagemaker-user/atma/benchmarks/logs/foveal_cpt/base_base_zero_shot_nope_lm_output_e86cf6918a.log
nope_lm_output,base,zero_shot,arc_easy,,,,accuracy,0.5859649122807018,570,/home/sagemaker-user/atma/benchmarks/logs/foveal_cpt/base_base_zero_shot_nope_lm_output_e86cf6918a.log
nope_lm_output,base,zero_shot,arc_easy,,,,accuracy_norm,0.49473684210526314,570,/home/sagemaker-user/atma/benchmarks/logs/foveal_cpt/base_base_zero_shot_nope_lm_output_e86cf6918a.log
nope_lm_output,base,zero_shot,boolq,,,,accuracy,0.5920489296636086,3270,/home/sagemaker-user/atma/benchmarks/logs/foveal_cpt/base_base_zero_shot_nope_lm_output_e86cf6918a.log
nope_lm_output,base,zero_shot,boolq,,,,accuracy_norm,0.5920489296636086,3270,/home/sagemaker-user/atma/benchmarks/logs/foveal_cpt/base_base_zero_shot_nope_lm_output_e86cf6918a.log
nope_lm_output,base,zero_shot,hellaswag,,,,accuracy,0.32662816172077275,10042,/home/sagemaker-user/atma/benchmarks/logs/foveal_cpt/base_base_zero_shot_nope_lm_output_e86cf6918a.log
nope_lm_output,base,zero_shot,hellaswag,,,,accuracy_norm,0.37801234813782114,10042,/home/sagemaker-user/atma/benchmarks/logs/foveal_cpt/base_base_zero_shot_nope_lm_output_e86cf6918a.log
nope_lm_output,base,zero_shot,lambada,,,,accuracy,0.30293033184552687,5153,/home/sagemaker-user/atma/benchmarks/logs/foveal_cpt/base_base_zero_shot_nope_lm_output_e86cf6918a.log
nope_lm_output,base,zero_shot,lambada,,,,target_nll,3.0402844741876565,5153,/home/sagemaker-user/atma/benchmarks/logs/foveal_cpt/base_base_zero_shot_nope_lm_output_e86cf6918a.log
nope_lm_output,base,zero_shot,lambada,,,,target_perplexity,20.91119108314433,5153,/home/sagemaker-user/atma/benchmarks/logs/foveal_cpt/base_base_zero_shot_nope_lm_output_e86cf6918a.log
nope_lm_output,base,zero_shot,openbookqa,,,,accuracy,0.208,500,/home/sagemaker-user/atma/benchmarks/logs/foveal_cpt/base_base_zero_shot_nope_lm_output_e86cf6918a.log
nope_lm_output,base,zero_shot,openbookqa,,,,accuracy_norm,0.31,500,/home/sagemaker-user/atma/benchmarks/logs/foveal_cpt/base_base_zero_shot_nope_lm_output_e86cf6918a.log
nope_lm_output,base,zero_shot,piqa,,,,accuracy,0.6626768226332971,1838,/home/sagemaker-user/atma/benchmarks/logs/foveal_cpt/base_base_zero_shot_nope_lm_output_e86cf6918a.log
nope_lm_output,base,zero_shot,piqa,,,,accuracy_norm,0.6675734494015234,1838,/home/sagemaker-user/atma/benchmarks/logs/foveal_cpt/base_base_zero_shot_nope_lm_output_e86cf6918a.log
nope_lm_output,base,zero_shot,winogrande,,,,accuracy,0.5240726124704025,1267,/home/sagemaker-user/atma/benchmarks/logs/foveal_cpt/base_base_zero_shot_nope_lm_output_e86cf6918a.log
nope_lm_output,base,zero_shot,winogrande,,,,accuracy_norm,0.5209155485398579,1267,/home/sagemaker-user/atma/benchmarks/logs/foveal_cpt/base_base_zero_shot_nope_lm_output_e86cf6918a.log
nope_lm_output,longdoc,fixed_target,,codelion/finepdfs-1B,128k,,bits_per_byte,1.0575442938196358,4,/home/sagemaker-user/atma/benchmarks/logs/foveal_cpt/longdoc_longdoc_fixed_target_nope_lm_output_fdf192ccb7.log
nope_lm_output,longdoc,fixed_target,,codelion/finepdfs-1B,128k,,nll_nats_per_token,1.2548909485340118,4,/home/sagemaker-user/atma/benchmarks/logs/foveal_cpt/longdoc_longdoc_fixed_target_nope_lm_output_fdf192ccb7.log
nope_lm_output,longdoc,fixed_target,,codelion/finepdfs-1B,128k,,perplexity,3.5074558602826493,4,/home/sagemaker-user/atma/benchmarks/logs/foveal_cpt/longdoc_longdoc_fixed_target_nope_lm_output_fdf192ccb7.log
nope_lm_output,longdoc,fixed_target,,codelion/finepdfs-1B,16k,,bits_per_byte,0.9910315872515822,4,/home/sagemaker-user/atma/benchmarks/logs/foveal_cpt/longdoc_longdoc_fixed_target_nope_lm_output_fdf192ccb7.log
nope_lm_output,longdoc,fixed_target,,codelion/finepdfs-1B,16k,,nll_nats_per_token,1.1759664118289948,4,/home/sagemaker-user/atma/benchmarks/logs/foveal_cpt/longdoc_longdoc_fixed_target_nope_lm_output_fdf192ccb7.log
nope_lm_output,longdoc,fixed_target,,codelion/finepdfs-1B,16k,,perplexity,3.241273836104847,4,/home/sagemaker-user/atma/benchmarks/logs/foveal_cpt/longdoc_longdoc_fixed_target_nope_lm_output_fdf192ccb7.log
nope_lm_output,longdoc,fixed_target,,codelion/finepdfs-1B,256k,,bits_per_byte,1.057071380576594,4,/home/sagemaker-user/atma/benchmarks/logs/foveal_cpt/longdoc_longdoc_fixed_target_nope_lm_output_fdf192ccb7.log
nope_lm_output,longdoc,fixed_target,,codelion/finepdfs-1B,256k,,nll_nats_per_token,1.2543297857046127,4,/home/sagemaker-user/atma/benchmarks/logs/foveal_cpt/longdoc_longdoc_fixed_target_nope_lm_output_fdf192ccb7.log
nope_lm_output,longdoc,fixed_target,,codelion/finepdfs-1B,256k,,perplexity,3.5054881585802646,4,/home/sagemaker-user/atma/benchmarks/logs/foveal_cpt/longdoc_longdoc_fixed_target_nope_lm_output_fdf192ccb7.log
nope_lm_output,longdoc,fixed_target,,codelion/finepdfs-1B,2k,,bits_per_byte,0.894754618545084,4,/home/sagemaker-user/atma/benchmarks/logs/foveal_cpt/longdoc_longdoc_fixed_target_nope_lm_output_fdf192ccb7.log
nope_lm_output,longdoc,fixed_target,,codelion/finepdfs-1B,2k,,nll_nats_per_token,1.0617233514785767,4,/home/sagemaker-user/atma/benchmarks/logs/foveal_cpt/longdoc_longdoc_fixed_target_nope_lm_output_fdf192ccb7.log
nope_lm_output,longdoc,fixed_target,,codelion/finepdfs-1B,2k,,perplexity,2.8913495096180784,4,/home/sagemaker-user/atma/benchmarks/logs/foveal_cpt/longdoc_longdoc_fixed_target_nope_lm_output_fdf192ccb7.log
nope_lm_output,longdoc,fixed_target,,codelion/finepdfs-1B,32k,,bits_per_byte,1.0187352189994914,4,/home/sagemaker-user/atma/benchmarks/logs/foveal_cpt/longdoc_longdoc_fixed_target_nope_lm_output_fdf192ccb7.log
nope_lm_output,longdoc,fixed_target,,codelion/finepdfs-1B,32k,,nll_nats_per_token,1.208839774131775,4,/home/sagemaker-user/atma/benchmarks/logs/foveal_cpt/longdoc_longdoc_fixed_target_nope_lm_output_fdf192ccb7.log
nope_lm_output,longdoc,fixed_target,,codelion/finepdfs-1B,32k,,perplexity,3.3495961091369737,4,/home/sagemaker-user/atma/benchmarks/logs/foveal_cpt/longdoc_longdoc_fixed_target_nope_lm_output_fdf192ccb7.log
nope_lm_output,longdoc,fixed_target,,codelion/finepdfs-1B,4k,,bits_per_byte,0.836772760049707,4,/home/sagemaker-user/atma/benchmarks/logs/foveal_cpt/longdoc_longdoc_fixed_target_nope_lm_output_fdf192ccb7.log
nope_lm_output,longdoc,fixed_target,,codelion/finepdfs-1B,4k,,nll_nats_per_token,0.9929215908050537,4,/home/sagemaker-user/atma/benchmarks/logs/foveal_cpt/longdoc_longdoc_fixed_target_nope_lm_output_fdf192ccb7.log
nope_lm_output,longdoc,fixed_target,,codelion/finepdfs-1B,4k,,perplexity,2.6991086552070724,4,/home/sagemaker-user/atma/benchmarks/logs/foveal_cpt/longdoc_longdoc_fixed_target_nope_lm_output_fdf192ccb7.log
nope_lm_output,longdoc,fixed_target,,codelion/finepdfs-1B,64k,,bits_per_byte,1.0561717290286312,4,/home/sagemaker-user/atma/benchmarks/logs/foveal_cpt/longdoc_longdoc_fixed_target_nope_lm_output_fdf192ccb7.log
nope_lm_output,longdoc,fixed_target,,codelion/finepdfs-1B,64k,,nll_nats_per_token,1.2532622516155243,4,/home/sagemaker-user/atma/benchmarks/logs/foveal_cpt/longdoc_longdoc_fixed_target_nope_lm_output_fdf192ccb7.log
nope_lm_output,longdoc,fixed_target,,codelion/finepdfs-1B,64k,,perplexity,3.5017479272395193,4,/home/sagemaker-user/atma/benchmarks/logs/foveal_cpt/longdoc_longdoc_fixed_target_nope_lm_output_fdf192ccb7.log
nope_lm_output,longdoc,fixed_target,,codelion/finepdfs-1B,8k,,bits_per_byte,0.9677434700650076,4,/home/sagemaker-user/atma/benchmarks/logs/foveal_cpt/longdoc_longdoc_fixed_target_nope_lm_output_fdf192ccb7.log
nope_lm_output,longdoc,fixed_target,,codelion/finepdfs-1B,8k,,nll_nats_per_token,1.1483325362205505,4,/home/sagemaker-user/atma/benchmarks/logs/foveal_cpt/longdoc_longdoc_fixed_target_nope_lm_output_fdf192ccb7.log
nope_lm_output,longdoc,fixed_target,,codelion/finepdfs-1B,8k,,perplexity,3.1529311255407584,4,/home/sagemaker-user/atma/benchmarks/logs/foveal_cpt/longdoc_longdoc_fixed_target_nope_lm_output_fdf192ccb7.log
nope_lm_output,longdoc,fixed_target,,emozilla/pg19,128k,,bits_per_byte,1.0998119220102882,4,/home/sagemaker-user/atma/benchmarks/logs/foveal_cpt/longdoc_longdoc_fixed_target_nope_lm_output_fdf192ccb7.log
nope_lm_output,longdoc,fixed_target,,emozilla/pg19,128k,,nll_nats_per_token,3.0649598836898804,4,/home/sagemaker-user/atma/benchmarks/logs/foveal_cpt/longdoc_longdoc_fixed_target_nope_lm_output_fdf192ccb7.log
nope_lm_output,longdoc,fixed_target,,emozilla/pg19,128k,,perplexity,21.43360213290451,4,/home/sagemaker-user/atma/benchmarks/logs/foveal_cpt/longdoc_longdoc_fixed_target_nope_lm_output_fdf192ccb7.log
nope_lm_output,longdoc,fixed_target,,emozilla/pg19,16k,,bits_per_byte,1.0947801185277979,4,/home/sagemaker-user/atma/benchmarks/logs/foveal_cpt/longdoc_longdoc_fixed_target_nope_lm_output_fdf192ccb7.log
nope_lm_output,longdoc,fixed_target,,emozilla/pg19,16k,,nll_nats_per_token,3.050937235355377,4,/home/sagemaker-user/atma/benchmarks/logs/foveal_cpt/longdoc_longdoc_fixed_target_nope_lm_output_fdf192ccb7.log
nope_lm_output,longdoc,fixed_target,,emozilla/pg19,16k,,perplexity,21.135143746738382,4,/home/sagemaker-user/atma/benchmarks/logs/foveal_cpt/longdoc_longdoc_fixed_target_nope_lm_output_fdf192ccb7.log
nope_lm_output,longdoc,fixed_target,,emozilla/pg19,256k,,bits_per_byte,1.1079048011254335,4,/home/sagemaker-user/atma/benchmarks/logs/foveal_cpt/longdoc_longdoc_fixed_target_nope_lm_output_fdf192ccb7.log
nope_lm_output,longdoc,fixed_target,,emozilla/pg19,256k,,nll_nats_per_token,3.0875131487846375,4,/home/sagemaker-user/atma/benchmarks/logs/foveal_cpt/longdoc_longdoc_fixed_target_nope_lm_output_fdf192ccb7.log
nope_lm_output,longdoc,fixed_target,,emozilla/pg19,256k,,perplexity,21.92249215422943,4,/home/sagemaker-user/atma/benchmarks/logs/foveal_cpt/longdoc_longdoc_fixed_target_nope_lm_output_fdf192ccb7.log
nope_lm_output,longdoc,fixed_target,,emozilla/pg19,2k,,bits_per_byte,1.1124104341101675,4,/home/sagemaker-user/atma/benchmarks/logs/foveal_cpt/longdoc_longdoc_fixed_target_nope_lm_output_fdf192ccb7.log
nope_lm_output,longdoc,fixed_target,,emozilla/pg19,2k,,nll_nats_per_token,3.1000694632530212,4,/home/sagemaker-user/atma/benchmarks/logs/foveal_cpt/longdoc_longdoc_fixed_target_nope_lm_output_fdf192ccb7.log
nope_lm_output,longdoc,fixed_target,,emozilla/pg19,2k,,perplexity,22.19949327690344,4,/home/sagemaker-user/atma/benchmarks/logs/foveal_cpt/longdoc_longdoc_fixed_target_nope_lm_output_fdf192ccb7.log
nope_lm_output,longdoc,fixed_target,,emozilla/pg19,32k,,bits_per_byte,1.0952271527773654,4,/home/sagemaker-user/atma/benchmarks/logs/foveal_cpt/longdoc_longdoc_fixed_target_nope_lm_output_fdf192ccb7.log
nope_lm_output,longdoc,fixed_target,,emozilla/pg19,32k,,nll_nats_per_token,3.0521830320358276,4,/home/sagemaker-user/atma/benchmarks/logs/foveal_cpt/longdoc_longdoc_fixed_target_nope_lm_output_fdf192ccb7.log
nope_lm_output,longdoc,fixed_target,,emozilla/pg19,32k,,perplexity,21.161490246442348,4,/home/sagemaker-user/atma/benchmarks/logs/foveal_cpt/longdoc_longdoc_fixed_target_nope_lm_output_fdf192ccb7.log
nope_lm_output,longdoc,fixed_target,,emozilla/pg19,4k,,bits_per_byte,1.1108586150595297,4,/home/sagemaker-user/atma/benchmarks/logs/foveal_cpt/longdoc_longdoc_fixed_target_nope_lm_output_fdf192ccb7.log
nope_lm_output,longdoc,fixed_target,,emozilla/pg19,4k,,nll_nats_per_token,3.0957448482513428,4,/home/sagemaker-user/atma/benchmarks/logs/foveal_cpt/longdoc_longdoc_fixed_target_nope_lm_output_fdf192ccb7.log
nope_lm_output,longdoc,fixed_target,,emozilla/pg19,4k,,perplexity,22.103696307056826,4,/home/sagemaker-user/atma/benchmarks/logs/foveal_cpt/longdoc_longdoc_fixed_target_nope_lm_output_fdf192ccb7.log
nope_lm_output,longdoc,fixed_target,,emozilla/pg19,64k,,bits_per_byte,1.0961257983459907,4,/home/sagemaker-user/atma/benchmarks/logs/foveal_cpt/longdoc_longdoc_fixed_target_nope_lm_output_fdf192ccb7.log
nope_lm_output,longdoc,fixed_target,,emozilla/pg19,64k,,nll_nats_per_token,3.0546873807907104,4,/home/sagemaker-user/atma/benchmarks/logs/foveal_cpt/longdoc_longdoc_fixed_target_nope_lm_output_fdf192ccb7.log
nope_lm_output,longdoc,fixed_target,,emozilla/pg19,64k,,perplexity,21.214552413545775,4,/home/sagemaker-user/atma/benchmarks/logs/foveal_cpt/longdoc_longdoc_fixed_target_nope_lm_output_fdf192ccb7.log
nope_lm_output,longdoc,fixed_target,,emozilla/pg19,8k,,bits_per_byte,1.0927207580799905,4,/home/sagemaker-user/atma/benchmarks/logs/foveal_cpt/longdoc_longdoc_fixed_target_nope_lm_output_fdf192ccb7.log
nope_lm_output,longdoc,fixed_target,,emozilla/pg19,8k,,nll_nats_per_token,3.0451982021331787,4,/home/sagemaker-user/atma/benchmarks/logs/foveal_cpt/longdoc_longdoc_fixed_target_nope_lm_output_fdf192ccb7.log
nope_lm_output,longdoc,fixed_target,,emozilla/pg19,8k,,perplexity,21.01419584858927,4,/home/sagemaker-user/atma/benchmarks/logs/foveal_cpt/longdoc_longdoc_fixed_target_nope_lm_output_fdf192ccb7.log
nope_lm_output,longdoc,fixed_target,,hoskinson-center/proof-pile,128k,,bits_per_byte,2.3342374494271634,4,/home/sagemaker-user/atma/benchmarks/logs/foveal_cpt/longdoc_longdoc_fixed_target_nope_lm_output_fdf192ccb7.log
nope_lm_output,longdoc,fixed_target,,hoskinson-center/proof-pile,128k,,nll_nats_per_token,4.364095151424408,4,/home/sagemaker-user/atma/benchmarks/logs/foveal_cpt/longdoc_longdoc_fixed_target_nope_lm_output_fdf192ccb7.log
nope_lm_output,longdoc,fixed_target,,hoskinson-center/proof-pile,128k,,perplexity,78.5782663316947,4,/home/sagemaker-user/atma/benchmarks/logs/foveal_cpt/longdoc_longdoc_fixed_target_nope_lm_output_fdf192ccb7.log
nope_lm_output,longdoc,fixed_target,,hoskinson-center/proof-pile,16k,,bits_per_byte,2.2545858891962633,4,/home/sagemaker-user/atma/benchmarks/logs/foveal_cpt/longdoc_longdoc_fixed_target_nope_lm_output_fdf192ccb7.log
nope_lm_output,longdoc,fixed_target,,hoskinson-center/proof-pile,16k,,nll_nats_per_token,4.215178430080414,4,/home/sagemaker-user/atma/benchmarks/logs/foveal_cpt/longdoc_longdoc_fixed_target_nope_lm_output_fdf192ccb7.log
nope_lm_output,longdoc,fixed_target,,hoskinson-center/proof-pile,16k,,perplexity,67.70624562405538,4,/home/sagemaker-user/atma/benchmarks/logs/foveal_cpt/longdoc_longdoc_fixed_target_nope_lm_output_fdf192ccb7.log
nope_lm_output,longdoc,fixed_target,,hoskinson-center/proof-pile,256k,,bits_per_byte,2.320635006073493,4,/home/sagemaker-user/atma/benchmarks/logs/foveal_cpt/longdoc_longdoc_fixed_target_nope_lm_output_fdf192ccb7.log
nope_lm_output,longdoc,fixed_target,,hoskinson-center/proof-pile,256k,,nll_nats_per_token,4.338663995265961,4,/home/sagemaker-user/atma/benchmarks/logs/foveal_cpt/longdoc_longdoc_fixed_target_nope_lm_output_fdf192ccb7.log
nope_lm_output,longdoc,fixed_target,,hoskinson-center/proof-pile,256k,,perplexity,76.6051261301018,4,/home/sagemaker-user/atma/benchmarks/logs/foveal_cpt/longdoc_longdoc_fixed_target_nope_lm_output_fdf192ccb7.log
nope_lm_output,longdoc,fixed_target,,hoskinson-center/proof-pile,2k,,bits_per_byte,2.272033905470662,4,/home/sagemaker-user/atma/benchmarks/logs/foveal_cpt/longdoc_longdoc_fixed_target_nope_lm_output_fdf192ccb7.log
nope_lm_output,longdoc,fixed_target,,hoskinson-center/proof-pile,2k,,nll_nats_per_token,4.247799277305603,4,/home/sagemaker-user/atma/benchmarks/logs/foveal_cpt/longdoc_longdoc_fixed_target_nope_lm_output_fdf192ccb7.log
nope_lm_output,longdoc,fixed_target,,hoskinson-center/proof-pile,2k,,perplexity,69.95129941684726,4,/home/sagemaker-user/atma/benchmarks/logs/foveal_cpt/longdoc_longdoc_fixed_target_nope_lm_output_fdf192ccb7.log
nope_lm_output,longdoc,fixed_target,,hoskinson-center/proof-pile,32k,,bits_per_byte,2.2721809084198297,4,/home/sagemaker-user/atma/benchmarks/logs/foveal_cpt/longdoc_longdoc_fixed_target_nope_lm_output_fdf192ccb7.log
nope_lm_output,longdoc,fixed_target,,hoskinson-center/proof-pile,32k,,nll_nats_per_token,4.248074114322662,4,/home/sagemaker-user/atma/benchmarks/logs/foveal_cpt/longdoc_longdoc_fixed_target_nope_lm_output_fdf192ccb7.log
nope_lm_output,longdoc,fixed_target,,hoskinson-center/proof-pile,32k,,perplexity,69.97052726545967,4,/home/sagemaker-user/atma/benchmarks/logs/foveal_cpt/longdoc_longdoc_fixed_target_nope_lm_output_fdf192ccb7.log
nope_lm_output,longdoc,fixed_target,,hoskinson-center/proof-pile,4k,,bits_per_byte,2.278567646179482,4,/home/sagemaker-user/atma/benchmarks/logs/foveal_cpt/longdoc_longdoc_fixed_target_nope_lm_output_fdf192ccb7.log
nope_lm_output,longdoc,fixed_target,,hoskinson-center/proof-pile,4k,,nll_nats_per_token,4.260014772415161,4,/home/sagemaker-user/atma/benchmarks/logs/foveal_cpt/longdoc_longdoc_fixed_target_nope_lm_output_fdf192ccb7.log
nope_lm_output,longdoc,fixed_target,,hoskinson-center/proof-pile,4k,,perplexity,70.81102949647598,4,/home/sagemaker-user/atma/benchmarks/logs/foveal_cpt/longdoc_longdoc_fixed_target_nope_lm_output_fdf192ccb7.log
nope_lm_output,longdoc,fixed_target,,hoskinson-center/proof-pile,64k,,bits_per_byte,2.3279865244117004,4,/home/sagemaker-user/atma/benchmarks/logs/foveal_cpt/longdoc_longdoc_fixed_target_nope_lm_output_fdf192ccb7.log
nope_lm_output,longdoc,fixed_target,,hoskinson-center/proof-pile,64k,,nll_nats_per_token,4.352408409118652,4,/home/sagemaker-user/atma/benchmarks/logs/foveal_cpt/longdoc_longdoc_fixed_target_nope_lm_output_fdf192ccb7.log
nope_lm_output,longdoc,fixed_target,,hoskinson-center/proof-pile,64k,,perplexity,77.66528764674527,4,/home/sagemaker-user/atma/benchmarks/logs/foveal_cpt/longdoc_longdoc_fixed_target_nope_lm_output_fdf192ccb7.log
nope_lm_output,longdoc,fixed_target,,hoskinson-center/proof-pile,8k,,bits_per_byte,2.2940081843139537,4,/home/sagemaker-user/atma/benchmarks/logs/foveal_cpt/longdoc_longdoc_fixed_target_nope_lm_output_fdf192ccb7.log
nope_lm_output,longdoc,fixed_target,,hoskinson-center/proof-pile,8k,,nll_nats_per_token,4.2888824343681335,4,/home/sagemaker-user/atma/benchmarks/logs/foveal_cpt/longdoc_longdoc_fixed_target_nope_lm_output_fdf192ccb7.log
nope_lm_output,longdoc,fixed_target,,hoskinson-center/proof-pile,8k,,perplexity,72.88496923103214,4,/home/sagemaker-user/atma/benchmarks/logs/foveal_cpt/longdoc_longdoc_fixed_target_nope_lm_output_fdf192ccb7.log
nope_lm_output,retrieval,synthetic,niah,synthetic-filler,128k,0.1,exact_match,0.0,10,/home/sagemaker-user/atma/benchmarks/logs/foveal_cpt/retrieval_retrieval_synthetic_nope_lm_output_fc4c87df50.log
nope_lm_output,retrieval,synthetic,niah,synthetic-filler,128k,0.1,nll_nats_per_token,4.476933288574219,10,/home/sagemaker-user/atma/benchmarks/logs/foveal_cpt/retrieval_retrieval_synthetic_nope_lm_output_fc4c87df50.log
nope_lm_output,retrieval,synthetic,niah,synthetic-filler,128k,0.1,token_accuracy,0.0,10,/home/sagemaker-user/atma/benchmarks/logs/foveal_cpt/retrieval_retrieval_synthetic_nope_lm_output_fc4c87df50.log
nope_lm_output,retrieval,synthetic,niah,synthetic-filler,128k,0.5,exact_match,0.0,10,/home/sagemaker-user/atma/benchmarks/logs/foveal_cpt/retrieval_retrieval_synthetic_nope_lm_output_fc4c87df50.log
nope_lm_output,retrieval,synthetic,niah,synthetic-filler,128k,0.5,nll_nats_per_token,4.481655807495117,10,/home/sagemaker-user/atma/benchmarks/logs/foveal_cpt/retrieval_retrieval_synthetic_nope_lm_output_fc4c87df50.log
nope_lm_output,retrieval,synthetic,niah,synthetic-filler,128k,0.5,token_accuracy,0.0,10,/home/sagemaker-user/atma/benchmarks/logs/foveal_cpt/retrieval_retrieval_synthetic_nope_lm_output_fc4c87df50.log
nope_lm_output,retrieval,synthetic,niah,synthetic-filler,128k,0.9,exact_match,0.0,10,/home/sagemaker-user/atma/benchmarks/logs/foveal_cpt/retrieval_retrieval_synthetic_nope_lm_output_fc4c87df50.log
nope_lm_output,retrieval,synthetic,niah,synthetic-filler,128k,0.9,nll_nats_per_token,4.467448425292969,10,/home/sagemaker-user/atma/benchmarks/logs/foveal_cpt/retrieval_retrieval_synthetic_nope_lm_output_fc4c87df50.log
nope_lm_output,retrieval,synthetic,niah,synthetic-filler,128k,0.9,token_accuracy,0.0,10,/home/sagemaker-user/atma/benchmarks/logs/foveal_cpt/retrieval_retrieval_synthetic_nope_lm_output_fc4c87df50.log
nope_lm_output,retrieval,synthetic,niah,synthetic-filler,16k,0.1,exact_match,0.0,10,/home/sagemaker-user/atma/benchmarks/logs/foveal_cpt/retrieval_retrieval_synthetic_nope_lm_output_fc4c87df50.log
nope_lm_output,retrieval,synthetic,niah,synthetic-filler,16k,0.1,nll_nats_per_token,3.28954891204834,10,/home/sagemaker-user/atma/benchmarks/logs/foveal_cpt/retrieval_retrieval_synthetic_nope_lm_output_fc4c87df50.log
nope_lm_output,retrieval,synthetic,niah,synthetic-filler,16k,0.1,token_accuracy,14.0,10,/home/sagemaker-user/atma/benchmarks/logs/foveal_cpt/retrieval_retrieval_synthetic_nope_lm_output_fc4c87df50.log
nope_lm_output,retrieval,synthetic,niah,synthetic-filler,16k,0.5,exact_match,0.0,10,/home/sagemaker-user/atma/benchmarks/logs/foveal_cpt/retrieval_retrieval_synthetic_nope_lm_output_fc4c87df50.log
nope_lm_output,retrieval,synthetic,niah,synthetic-filler,16k,0.5,nll_nats_per_token,4.641091003417968,10,/home/sagemaker-user/atma/benchmarks/logs/foveal_cpt/retrieval_retrieval_synthetic_nope_lm_output_fc4c87df50.log
nope_lm_output,retrieval,synthetic,niah,synthetic-filler,16k,0.5,token_accuracy,0.0,10,/home/sagemaker-user/atma/benchmarks/logs/foveal_cpt/retrieval_retrieval_synthetic_nope_lm_output_fc4c87df50.log
nope_lm_output,retrieval,synthetic,niah,synthetic-filler,16k,0.9,exact_match,0.0,10,/home/sagemaker-user/atma/benchmarks/logs/foveal_cpt/retrieval_retrieval_synthetic_nope_lm_output_fc4c87df50.log
nope_lm_output,retrieval,synthetic,niah,synthetic-filler,16k,0.9,nll_nats_per_token,4.605569648742676,10,/home/sagemaker-user/atma/benchmarks/logs/foveal_cpt/retrieval_retrieval_synthetic_nope_lm_output_fc4c87df50.log
nope_lm_output,retrieval,synthetic,niah,synthetic-filler,16k,0.9,token_accuracy,0.0,10,/home/sagemaker-user/atma/benchmarks/logs/foveal_cpt/retrieval_retrieval_synthetic_nope_lm_output_fc4c87df50.log
nope_lm_output,retrieval,synthetic,niah,synthetic-filler,256k,0.1,exact_match,0.0,10,/home/sagemaker-user/atma/benchmarks/logs/foveal_cpt/retrieval_retrieval_synthetic_nope_lm_output_fc4c87df50.log
nope_lm_output,retrieval,synthetic,niah,synthetic-filler,256k,0.1,nll_nats_per_token,4.41310302734375,10,/home/sagemaker-user/atma/benchmarks/logs/foveal_cpt/retrieval_retrieval_synthetic_nope_lm_output_fc4c87df50.log
nope_lm_output,retrieval,synthetic,niah,synthetic-filler,256k,0.1,token_accuracy,0.0,10,/home/sagemaker-user/atma/benchmarks/logs/foveal_cpt/retrieval_retrieval_synthetic_nope_lm_output_fc4c87df50.log
nope_lm_output,retrieval,synthetic,niah,synthetic-filler,256k,0.5,exact_match,0.0,10,/home/sagemaker-user/atma/benchmarks/logs/foveal_cpt/retrieval_retrieval_synthetic_nope_lm_output_fc4c87df50.log
nope_lm_output,retrieval,synthetic,niah,synthetic-filler,256k,0.5,nll_nats_per_token,4.411488571166992,10,/home/sagemaker-user/atma/benchmarks/logs/foveal_cpt/retrieval_retrieval_synthetic_nope_lm_output_fc4c87df50.log
nope_lm_output,retrieval,synthetic,niah,synthetic-filler,256k,0.5,token_accuracy,0.0,10,/home/sagemaker-user/atma/benchmarks/logs/foveal_cpt/retrieval_retrieval_synthetic_nope_lm_output_fc4c87df50.log
nope_lm_output,retrieval,synthetic,niah,synthetic-filler,256k,0.9,exact_match,0.0,10,/home/sagemaker-user/atma/benchmarks/logs/foveal_cpt/retrieval_retrieval_synthetic_nope_lm_output_fc4c87df50.log
nope_lm_output,retrieval,synthetic,niah,synthetic-filler,256k,0.9,nll_nats_per_token,4.279258689880371,10,/home/sagemaker-user/atma/benchmarks/logs/foveal_cpt/retrieval_retrieval_synthetic_nope_lm_output_fc4c87df50.log
nope_lm_output,retrieval,synthetic,niah,synthetic-filler,256k,0.9,token_accuracy,0.0,10,/home/sagemaker-user/atma/benchmarks/logs/foveal_cpt/retrieval_retrieval_synthetic_nope_lm_output_fc4c87df50.log
nope_lm_output,retrieval,synthetic,niah,synthetic-filler,2k,0.1,exact_match,30.0,10,/home/sagemaker-user/atma/benchmarks/logs/foveal_cpt/retrieval_retrieval_synthetic_nope_lm_output_fc4c87df50.log
nope_lm_output,retrieval,synthetic,niah,synthetic-filler,2k,0.1,nll_nats_per_token,2.398791015148163,10,/home/sagemaker-user/atma/benchmarks/logs/foveal_cpt/retrieval_retrieval_synthetic_nope_lm_output_fc4c87df50.log
nope_lm_output,retrieval,synthetic,niah,synthetic-filler,2k,0.1,token_accuracy,54.0,10,/home/sagemaker-user/atma/benchmarks/logs/foveal_cpt/retrieval_retrieval_synthetic_nope_lm_output_fc4c87df50.log
nope_lm_output,retrieval,synthetic,niah,synthetic-filler,2k,0.5,exact_match,80.0,10,/home/sagemaker-user/atma/benchmarks/logs/foveal_cpt/retrieval_retrieval_synthetic_nope_lm_output_fc4c87df50.log
nope_lm_output,retrieval,synthetic,niah,synthetic-filler,2k,0.5,exact_match,80.0,5,/home/sagemaker-user/atma/benchmarks/logs/foveal_cpt/smoke_retrieval_synthetic_nope_lm_output_0b6d6743f0.log
nope_lm_output,retrieval,synthetic,niah,synthetic-filler,2k,0.5,exact_match,100.0,2,/home/sagemaker-user/atma/benchmarks/logs/foveal_cpt/smoke_retrieval_synthetic_nope_lm_output_640ef86db2.log
nope_lm_output,retrieval,synthetic,niah,synthetic-filler,2k,0.5,nll_nats_per_token,0.8978389549255371,10,/home/sagemaker-user/atma/benchmarks/logs/foveal_cpt/retrieval_retrieval_synthetic_nope_lm_output_fc4c87df50.log
nope_lm_output,retrieval,synthetic,niah,synthetic-filler,2k,0.5,nll_nats_per_token,0.8557795810699463,5,/home/sagemaker-user/atma/benchmarks/logs/foveal_cpt/smoke_retrieval_synthetic_nope_lm_output_0b6d6743f0.log
nope_lm_output,retrieval,synthetic,niah,synthetic-filler,2k,0.5,nll_nats_per_token,0.24807238578796387,2,/home/sagemaker-user/atma/benchmarks/logs/foveal_cpt/smoke_retrieval_synthetic_nope_lm_output_640ef86db2.log
nope_lm_output,retrieval,synthetic,niah,synthetic-filler,2k,0.5,token_accuracy,88.0,10,/home/sagemaker-user/atma/benchmarks/logs/foveal_cpt/retrieval_retrieval_synthetic_nope_lm_output_fc4c87df50.log
nope_lm_output,retrieval,synthetic,niah,synthetic-filler,2k,0.5,token_accuracy,88.0,5,/home/sagemaker-user/atma/benchmarks/logs/foveal_cpt/smoke_retrieval_synthetic_nope_lm_output_0b6d6743f0.log
nope_lm_output,retrieval,synthetic,niah,synthetic-filler,2k,0.5,token_accuracy,100.0,2,/home/sagemaker-user/atma/benchmarks/logs/foveal_cpt/smoke_retrieval_synthetic_nope_lm_output_640ef86db2.log
nope_lm_output,retrieval,synthetic,niah,synthetic-filler,2k,0.9,exact_match,90.0,10,/home/sagemaker-user/atma/benchmarks/logs/foveal_cpt/retrieval_retrieval_synthetic_nope_lm_output_fc4c87df50.log
nope_lm_output,retrieval,synthetic,niah,synthetic-filler,2k,0.9,nll_nats_per_token,0.30551111698150635,10,/home/sagemaker-user/atma/benchmarks/logs/foveal_cpt/retrieval_retrieval_synthetic_nope_lm_output_fc4c87df50.log
nope_lm_output,retrieval,synthetic,niah,synthetic-filler,2k,0.9,token_accuracy,98.0,10,/home/sagemaker-user/atma/benchmarks/logs/foveal_cpt/retrieval_retrieval_synthetic_nope_lm_output_fc4c87df50.log
nope_lm_output,retrieval,synthetic,niah,synthetic-filler,32k,0.1,exact_match,0.0,10,/home/sagemaker-user/atma/benchmarks/logs/foveal_cpt/retrieval_retrieval_synthetic_nope_lm_output_fc4c87df50.log
nope_lm_output,retrieval,synthetic,niah,synthetic-filler,32k,0.1,nll_nats_per_token,3.8830031967163086,10,/home/sagemaker-user/atma/benchmarks/logs/foveal_cpt/retrieval_retrieval_synthetic_nope_lm_output_fc4c87df50.log
nope_lm_output,retrieval,synthetic,niah,synthetic-filler,32k,0.1,token_accuracy,2.0,10,/home/sagemaker-user/atma/benchmarks/logs/foveal_cpt/retrieval_retrieval_synthetic_nope_lm_output_fc4c87df50.log
nope_lm_output,retrieval,synthetic,niah,synthetic-filler,32k,0.5,exact_match,0.0,10,/home/sagemaker-user/atma/benchmarks/logs/foveal_cpt/retrieval_retrieval_synthetic_nope_lm_output_fc4c87df50.log
nope_lm_output,retrieval,synthetic,niah,synthetic-filler,32k,0.5,nll_nats_per_token,4.482445335388183,10,/home/sagemaker-user/atma/benchmarks/logs/foveal_cpt/retrieval_retrieval_synthetic_nope_lm_output_fc4c87df50.log
nope_lm_output,retrieval,synthetic,niah,synthetic-filler,32k,0.5,token_accuracy,0.0,10,/home/sagemaker-user/atma/benchmarks/logs/foveal_cpt/retrieval_retrieval_synthetic_nope_lm_output_fc4c87df50.log
nope_lm_output,retrieval,synthetic,niah,synthetic-filler,32k,0.9,exact_match,0.0,10,/home/sagemaker-user/atma/benchmarks/logs/foveal_cpt/retrieval_retrieval_synthetic_nope_lm_output_fc4c87df50.log
nope_lm_output,retrieval,synthetic,niah,synthetic-filler,32k,0.9,nll_nats_per_token,4.4590468597412105,10,/home/sagemaker-user/atma/benchmarks/logs/foveal_cpt/retrieval_retrieval_synthetic_nope_lm_output_fc4c87df50.log
nope_lm_output,retrieval,synthetic,niah,synthetic-filler,32k,0.9,token_accuracy,0.0,10,/home/sagemaker-user/atma/benchmarks/logs/foveal_cpt/retrieval_retrieval_synthetic_nope_lm_output_fc4c87df50.log
nope_lm_output,retrieval,synthetic,niah,synthetic-filler,4k,0.1,exact_match,50.0,10,/home/sagemaker-user/atma/benchmarks/logs/foveal_cpt/retrieval_retrieval_synthetic_nope_lm_output_fc4c87df50.log
nope_lm_output,retrieval,synthetic,niah,synthetic-filler,4k,0.1,nll_nats_per_token,1.207336597442627,10,/home/sagemaker-user/atma/benchmarks/logs/foveal_cpt/retrieval_retrieval_synthetic_nope_lm_output_fc4c87df50.log
nope_lm_output,retrieval,synthetic,niah,synthetic-filler,4k,0.1,token_accuracy,74.0,10,/home/sagemaker-user/atma/benchmarks/logs/foveal_cpt/retrieval_retrieval_synthetic_nope_lm_output_fc4c87df50.log
nope_lm_output,retrieval,synthetic,niah,synthetic-filler,4k,0.5,exact_match,0.0,10,/home/sagemaker-user/atma/benchmarks/logs/foveal_cpt/retrieval_retrieval_synthetic_nope_lm_output_fc4c87df50.log
nope_lm_output,retrieval,synthetic,niah,synthetic-filler,4k,0.5,nll_nats_per_token,2.7401156616210938,10,/home/sagemaker-user/atma/benchmarks/logs/foveal_cpt/retrieval_retrieval_synthetic_nope_lm_output_fc4c87df50.log
nope_lm_output,retrieval,synthetic,niah,synthetic-filler,4k,0.5,token_accuracy,24.0,10,/home/sagemaker-user/atma/benchmarks/logs/foveal_cpt/retrieval_retrieval_synthetic_nope_lm_output_fc4c87df50.log
nope_lm_output,retrieval,synthetic,niah,synthetic-filler,4k,0.9,exact_match,90.0,10,/home/sagemaker-user/atma/benchmarks/logs/foveal_cpt/retrieval_retrieval_synthetic_nope_lm_output_fc4c87df50.log
nope_lm_output,retrieval,synthetic,niah,synthetic-filler,4k,0.9,nll_nats_per_token,0.3156330525875092,10,/home/sagemaker-user/atma/benchmarks/logs/foveal_cpt/retrieval_retrieval_synthetic_nope_lm_output_fc4c87df50.log
nope_lm_output,retrieval,synthetic,niah,synthetic-filler,4k,0.9,token_accuracy,98.0,10,/home/sagemaker-user/atma/benchmarks/logs/foveal_cpt/retrieval_retrieval_synthetic_nope_lm_output_fc4c87df50.log
nope_lm_output,retrieval,synthetic,niah,synthetic-filler,64k,0.1,exact_match,0.0,10,/home/sagemaker-user/atma/benchmarks/logs/foveal_cpt/retrieval_retrieval_synthetic_nope_lm_output_fc4c87df50.log
nope_lm_output,retrieval,synthetic,niah,synthetic-filler,64k,0.1,nll_nats_per_token,4.561835021972656,10,/home/sagemaker-user/atma/benchmarks/logs/foveal_cpt/retrieval_retrieval_synthetic_nope_lm_output_fc4c87df50.log
nope_lm_output,retrieval,synthetic,niah,synthetic-filler,64k,0.1,token_accuracy,0.0,10,/home/sagemaker-user/atma/benchmarks/logs/foveal_cpt/retrieval_retrieval_synthetic_nope_lm_output_fc4c87df50.log
nope_lm_output,retrieval,synthetic,niah,synthetic-filler,64k,0.5,exact_match,0.0,10,/home/sagemaker-user/atma/benchmarks/logs/foveal_cpt/retrieval_retrieval_synthetic_nope_lm_output_fc4c87df50.log
nope_lm_output,retrieval,synthetic,niah,synthetic-filler,64k,0.5,nll_nats_per_token,4.50616340637207,10,/home/sagemaker-user/atma/benchmarks/logs/foveal_cpt/retrieval_retrieval_synthetic_nope_lm_output_fc4c87df50.log
nope_lm_output,retrieval,synthetic,niah,synthetic-filler,64k,0.5,token_accuracy,2.0,10,/home/sagemaker-user/atma/benchmarks/logs/foveal_cpt/retrieval_retrieval_synthetic_nope_lm_output_fc4c87df50.log
nope_lm_output,retrieval,synthetic,niah,synthetic-filler,64k,0.9,exact_match,0.0,10,/home/sagemaker-user/atma/benchmarks/logs/foveal_cpt/retrieval_retrieval_synthetic_nope_lm_output_fc4c87df50.log
nope_lm_output,retrieval,synthetic,niah,synthetic-filler,64k,0.9,nll_nats_per_token,4.570945701599121,10,/home/sagemaker-user/atma/benchmarks/logs/foveal_cpt/retrieval_retrieval_synthetic_nope_lm_output_fc4c87df50.log
nope_lm_output,retrieval,synthetic,niah,synthetic-filler,64k,0.9,token_accuracy,0.0,10,/home/sagemaker-user/atma/benchmarks/logs/foveal_cpt/retrieval_retrieval_synthetic_nope_lm_output_fc4c87df50.log
nope_lm_output,retrieval,synthetic,niah,synthetic-filler,8k,0.1,exact_match,0.0,10,/home/sagemaker-user/atma/benchmarks/logs/foveal_cpt/retrieval_retrieval_synthetic_nope_lm_output_fc4c87df50.log
nope_lm_output,retrieval,synthetic,niah,synthetic-filler,8k,0.1,nll_nats_per_token,2.962816066741943,10,/home/sagemaker-user/atma/benchmarks/logs/foveal_cpt/retrieval_retrieval_synthetic_nope_lm_output_fc4c87df50.log
nope_lm_output,retrieval,synthetic,niah,synthetic-filler,8k,0.1,token_accuracy,24.0,10,/home/sagemaker-user/atma/benchmarks/logs/foveal_cpt/retrieval_retrieval_synthetic_nope_lm_output_fc4c87df50.log
nope_lm_output,retrieval,synthetic,niah,synthetic-filler,8k,0.5,exact_match,0.0,10,/home/sagemaker-user/atma/benchmarks/logs/foveal_cpt/retrieval_retrieval_synthetic_nope_lm_output_fc4c87df50.log
nope_lm_output,retrieval,synthetic,niah,synthetic-filler,8k,0.5,exact_match,0.0,5,/home/sagemaker-user/atma/benchmarks/logs/foveal_cpt/smoke_retrieval_synthetic_nope_lm_output_0b6d6743f0.log
nope_lm_output,retrieval,synthetic,niah,synthetic-filler,8k,0.5,exact_match,0.0,2,/home/sagemaker-user/atma/benchmarks/logs/foveal_cpt/smoke_retrieval_synthetic_nope_lm_output_640ef86db2.log
nope_lm_output,retrieval,synthetic,niah,synthetic-filler,8k,0.5,nll_nats_per_token,3.6979081344604494,10,/home/sagemaker-user/atma/benchmarks/logs/foveal_cpt/retrieval_retrieval_synthetic_nope_lm_output_fc4c87df50.log
nope_lm_output,retrieval,synthetic,niah,synthetic-filler,8k,0.5,nll_nats_per_token,3.6894536590576172,5,/home/sagemaker-user/atma/benchmarks/logs/foveal_cpt/smoke_retrieval_synthetic_nope_lm_output_0b6d6743f0.log
nope_lm_output,retrieval,synthetic,niah,synthetic-filler,8k,0.5,nll_nats_per_token,3.626382827758789,2,/home/sagemaker-user/atma/benchmarks/logs/foveal_cpt/smoke_retrieval_synthetic_nope_lm_output_640ef86db2.log
nope_lm_output,retrieval,synthetic,niah,synthetic-filler,8k,0.5,token_accuracy,14.0,10,/home/sagemaker-user/atma/benchmarks/logs/foveal_cpt/retrieval_retrieval_synthetic_nope_lm_output_fc4c87df50.log
nope_lm_output,retrieval,synthetic,niah,synthetic-filler,8k,0.5,token_accuracy,16.0,5,/home/sagemaker-user/atma/benchmarks/logs/foveal_cpt/smoke_retrieval_synthetic_nope_lm_output_0b6d6743f0.log
nope_lm_output,retrieval,synthetic,niah,synthetic-filler,8k,0.5,token_accuracy,20.0,2,/home/sagemaker-user/atma/benchmarks/logs/foveal_cpt/smoke_retrieval_synthetic_nope_lm_output_640ef86db2.log
nope_lm_output,retrieval,synthetic,niah,synthetic-filler,8k,0.9,exact_match,0.0,10,/home/sagemaker-user/atma/benchmarks/logs/foveal_cpt/retrieval_retrieval_synthetic_nope_lm_output_fc4c87df50.log
nope_lm_output,retrieval,synthetic,niah,synthetic-filler,8k,0.9,nll_nats_per_token,4.306965446472168,10,/home/sagemaker-user/atma/benchmarks/logs/foveal_cpt/retrieval_retrieval_synthetic_nope_lm_output_fc4c87df50.log
nope_lm_output,retrieval,synthetic,niah,synthetic-filler,8k,0.9,token_accuracy,0.0,10,/home/sagemaker-user/atma/benchmarks/logs/foveal_cpt/retrieval_retrieval_synthetic_nope_lm_output_fc4c87df50.log
nope_lm_output,retrieval,synthetic,passkey,synthetic-filler,128k,0.1,exact_match,0.0,10,/home/sagemaker-user/atma/benchmarks/logs/foveal_cpt/retrieval_retrieval_synthetic_nope_lm_output_fc4c87df50.log
nope_lm_output,retrieval,synthetic,passkey,synthetic-filler,128k,0.1,nll_nats_per_token,4.378158035278321,10,/home/sagemaker-user/atma/benchmarks/logs/foveal_cpt/retrieval_retrieval_synthetic_nope_lm_output_fc4c87df50.log
nope_lm_output,retrieval,synthetic,passkey,synthetic-filler,128k,0.1,token_accuracy,4.0,10,/home/sagemaker-user/atma/benchmarks/logs/foveal_cpt/retrieval_retrieval_synthetic_nope_lm_output_fc4c87df50.log
nope_lm_output,retrieval,synthetic,passkey,synthetic-filler,128k,0.5,exact_match,0.0,10,/home/sagemaker-user/atma/benchmarks/logs/foveal_cpt/retrieval_retrieval_synthetic_nope_lm_output_fc4c87df50.log
nope_lm_output,retrieval,synthetic,passkey,synthetic-filler,128k,0.5,nll_nats_per_token,4.586679306030273,10,/home/sagemaker-user/atma/benchmarks/logs/foveal_cpt/retrieval_retrieval_synthetic_nope_lm_output_fc4c87df50.log
nope_lm_output,retrieval,synthetic,passkey,synthetic-filler,128k,0.5,token_accuracy,0.0,10,/home/sagemaker-user/atma/benchmarks/logs/foveal_cpt/retrieval_retrieval_synthetic_nope_lm_output_fc4c87df50.log
nope_lm_output,retrieval,synthetic,passkey,synthetic-filler,128k,0.9,exact_match,0.0,10,/home/sagemaker-user/atma/benchmarks/logs/foveal_cpt/retrieval_retrieval_synthetic_nope_lm_output_fc4c87df50.log
nope_lm_output,retrieval,synthetic,passkey,synthetic-filler,128k,0.9,nll_nats_per_token,4.5813635635375975,10,/home/sagemaker-user/atma/benchmarks/logs/foveal_cpt/retrieval_retrieval_synthetic_nope_lm_output_fc4c87df50.log
nope_lm_output,retrieval,synthetic,passkey,synthetic-filler,128k,0.9,token_accuracy,0.0,10,/home/sagemaker-user/atma/benchmarks/logs/foveal_cpt/retrieval_retrieval_synthetic_nope_lm_output_fc4c87df50.log
nope_lm_output,retrieval,synthetic,passkey,synthetic-filler,16k,0.1,exact_match,0.0,10,/home/sagemaker-user/atma/benchmarks/logs/foveal_cpt/retrieval_retrieval_synthetic_nope_lm_output_fc4c87df50.log
nope_lm_output,retrieval,synthetic,passkey,synthetic-filler,16k,0.1,nll_nats_per_token,3.394213218688965,10,/home/sagemaker-user/atma/benchmarks/logs/foveal_cpt/retrieval_retrieval_synthetic_nope_lm_output_fc4c87df50.log
nope_lm_output,retrieval,synthetic,passkey,synthetic-filler,16k,0.1,token_accuracy,12.0,10,/home/sagemaker-user/atma/benchmarks/logs/foveal_cpt/retrieval_retrieval_synthetic_nope_lm_output_fc4c87df50.log
nope_lm_output,retrieval,synthetic,passkey,synthetic-filler,16k,0.5,exact_match,0.0,10,/home/sagemaker-user/atma/benchmarks/logs/foveal_cpt/retrieval_retrieval_synthetic_nope_lm_output_fc4c87df50.log
nope_lm_output,retrieval,synthetic,passkey,synthetic-filler,16k,0.5,nll_nats_per_token,4.318855895996093,10,/home/sagemaker-user/atma/benchmarks/logs/foveal_cpt/retrieval_retrieval_synthetic_nope_lm_output_fc4c87df50.log
nope_lm_output,retrieval,synthetic,passkey,synthetic-filler,16k,0.5,token_accuracy,2.0,10,/home/sagemaker-user/atma/benchmarks/logs/foveal_cpt/retrieval_retrieval_synthetic_nope_lm_output_fc4c87df50.log
nope_lm_output,retrieval,synthetic,passkey,synthetic-filler,16k,0.9,exact_match,0.0,10,/home/sagemaker-user/atma/benchmarks/logs/foveal_cpt/retrieval_retrieval_synthetic_nope_lm_output_fc4c87df50.log
nope_lm_output,retrieval,synthetic,passkey,synthetic-filler,16k,0.9,nll_nats_per_token,4.3155678939819335,10,/home/sagemaker-user/atma/benchmarks/logs/foveal_cpt/retrieval_retrieval_synthetic_nope_lm_output_fc4c87df50.log
nope_lm_output,retrieval,synthetic,passkey,synthetic-filler,16k,0.9,token_accuracy,2.0,10,/home/sagemaker-user/atma/benchmarks/logs/foveal_cpt/retrieval_retrieval_synthetic_nope_lm_output_fc4c87df50.log
nope_lm_output,retrieval,synthetic,passkey,synthetic-filler,256k,0.1,exact_match,0.0,10,/home/sagemaker-user/atma/benchmarks/logs/foveal_cpt/retrieval_retrieval_synthetic_nope_lm_output_fc4c87df50.log
nope_lm_output,retrieval,synthetic,passkey,synthetic-filler,256k,0.1,nll_nats_per_token,4.124056434631347,10,/home/sagemaker-user/atma/benchmarks/logs/foveal_cpt/retrieval_retrieval_synthetic_nope_lm_output_fc4c87df50.log
nope_lm_output,retrieval,synthetic,passkey,synthetic-filler,256k,0.1,token_accuracy,14.0,10,/home/sagemaker-user/atma/benchmarks/logs/foveal_cpt/retrieval_retrieval_synthetic_nope_lm_output_fc4c87df50.log
nope_lm_output,retrieval,synthetic,passkey,synthetic-filler,256k,0.5,exact_match,0.0,10,/home/sagemaker-user/atma/benchmarks/logs/foveal_cpt/retrieval_retrieval_synthetic_nope_lm_output_fc4c87df50.log
nope_lm_output,retrieval,synthetic,passkey,synthetic-filler,256k,0.5,nll_nats_per_token,4.390203933715821,10,/home/sagemaker-user/atma/benchmarks/logs/foveal_cpt/retrieval_retrieval_synthetic_nope_lm_output_fc4c87df50.log
nope_lm_output,retrieval,synthetic,passkey,synthetic-filler,256k,0.5,token_accuracy,4.0,10,/home/sagemaker-user/atma/benchmarks/logs/foveal_cpt/retrieval_retrieval_synthetic_nope_lm_output_fc4c87df50.log
nope_lm_output,retrieval,synthetic,passkey,synthetic-filler,256k,0.9,exact_match,0.0,10,/home/sagemaker-user/atma/benchmarks/logs/foveal_cpt/retrieval_retrieval_synthetic_nope_lm_output_fc4c87df50.log
nope_lm_output,retrieval,synthetic,passkey,synthetic-filler,256k,0.9,nll_nats_per_token,4.438443260192871,10,/home/sagemaker-user/atma/benchmarks/logs/foveal_cpt/retrieval_retrieval_synthetic_nope_lm_output_fc4c87df50.log
nope_lm_output,retrieval,synthetic,passkey,synthetic-filler,256k,0.9,token_accuracy,2.0,10,/home/sagemaker-user/atma/benchmarks/logs/foveal_cpt/retrieval_retrieval_synthetic_nope_lm_output_fc4c87df50.log
nope_lm_output,retrieval,synthetic,passkey,synthetic-filler,2k,0.1,exact_match,60.0,10,/home/sagemaker-user/atma/benchmarks/logs/foveal_cpt/retrieval_retrieval_synthetic_nope_lm_output_fc4c87df50.log
nope_lm_output,retrieval,synthetic,passkey,synthetic-filler,2k,0.1,nll_nats_per_token,1.3945374584197998,10,/home/sagemaker-user/atma/benchmarks/logs/foveal_cpt/retrieval_retrieval_synthetic_nope_lm_output_fc4c87df50.log
nope_lm_output,retrieval,synthetic,passkey,synthetic-filler,2k,0.1,token_accuracy,76.0,10,/home/sagemaker-user/atma/benchmarks/logs/foveal_cpt/retrieval_retrieval_synthetic_nope_lm_output_fc4c87df50.log
nope_lm_output,retrieval,synthetic,passkey,synthetic-filler,2k,0.5,exact_match,40.0,10,/home/sagemaker-user/atma/benchmarks/logs/foveal_cpt/retrieval_retrieval_synthetic_nope_lm_output_fc4c87df50.log
nope_lm_output,retrieval,synthetic,passkey,synthetic-filler,2k,0.5,exact_match,60.0,5,/home/sagemaker-user/atma/benchmarks/logs/foveal_cpt/smoke_retrieval_synthetic_nope_lm_output_0b6d6743f0.log
nope_lm_output,retrieval,synthetic,passkey,synthetic-filler,2k,0.5,exact_match,100.0,2,/home/sagemaker-user/atma/benchmarks/logs/foveal_cpt/smoke_retrieval_synthetic_nope_lm_output_640ef86db2.log
nope_lm_output,retrieval,synthetic,passkey,synthetic-filler,2k,0.5,nll_nats_per_token,1.0983862900733947,10,/home/sagemaker-user/atma/benchmarks/logs/foveal_cpt/retrieval_retrieval_synthetic_nope_lm_output_fc4c87df50.log
nope_lm_output,retrieval,synthetic,passkey,synthetic-filler,2k,0.5,nll_nats_per_token,0.6144344472885132,5,/home/sagemaker-user/atma/benchmarks/logs/foveal_cpt/smoke_retrieval_synthetic_nope_lm_output_0b6d6743f0.log
nope_lm_output,retrieval,synthetic,passkey,synthetic-filler,2k,0.5,nll_nats_per_token,0.4310224652290344,2,/home/sagemaker-user/atma/benchmarks/logs/foveal_cpt/smoke_retrieval_synthetic_nope_lm_output_640ef86db2.log
nope_lm_output,retrieval,synthetic,passkey,synthetic-filler,2k,0.5,token_accuracy,78.0,10,/home/sagemaker-user/atma/benchmarks/logs/foveal_cpt/retrieval_retrieval_synthetic_nope_lm_output_fc4c87df50.log
nope_lm_output,retrieval,synthetic,passkey,synthetic-filler,2k,0.5,token_accuracy,92.0,5,/home/sagemaker-user/atma/benchmarks/logs/foveal_cpt/smoke_retrieval_synthetic_nope_lm_output_0b6d6743f0.log
nope_lm_output,retrieval,synthetic,passkey,synthetic-filler,2k,0.5,token_accuracy,100.0,2,/home/sagemaker-user/atma/benchmarks/logs/foveal_cpt/smoke_retrieval_synthetic_nope_lm_output_640ef86db2.log
nope_lm_output,retrieval,synthetic,passkey,synthetic-filler,2k,0.9,exact_match,80.0,10,/home/sagemaker-user/atma/benchmarks/logs/foveal_cpt/retrieval_retrieval_synthetic_nope_lm_output_fc4c87df50.log
nope_lm_output,retrieval,synthetic,passkey,synthetic-filler,2k,0.9,nll_nats_per_token,0.2941435718536377,10,/home/sagemaker-user/atma/benchmarks/logs/foveal_cpt/retrieval_retrieval_synthetic_nope_lm_output_fc4c87df50.log
nope_lm_output,retrieval,synthetic,passkey,synthetic-filler,2k,0.9,token_accuracy,96.0,10,/home/sagemaker-user/atma/benchmarks/logs/foveal_cpt/retrieval_retrieval_synthetic_nope_lm_output_fc4c87df50.log
nope_lm_output,retrieval,synthetic,passkey,synthetic-filler,32k,0.1,exact_match,0.0,10,/home/sagemaker-user/atma/benchmarks/logs/foveal_cpt/retrieval_retrieval_synthetic_nope_lm_output_fc4c87df50.log
nope_lm_output,retrieval,synthetic,passkey,synthetic-filler,32k,0.1,nll_nats_per_token,3.5187872505187987,10,/home/sagemaker-user/atma/benchmarks/logs/foveal_cpt/retrieval_retrieval_synthetic_nope_lm_output_fc4c87df50.log
nope_lm_output,retrieval,synthetic,passkey,synthetic-filler,32k,0.1,token_accuracy,12.0,10,/home/sagemaker-user/atma/benchmarks/logs/foveal_cpt/retrieval_retrieval_synthetic_nope_lm_output_fc4c87df50.log
nope_lm_output,retrieval,synthetic,passkey,synthetic-filler,32k,0.5,exact_match,0.0,10,/home/sagemaker-user/atma/benchmarks/logs/foveal_cpt/retrieval_retrieval_synthetic_nope_lm_output_fc4c87df50.log
nope_lm_output,retrieval,synthetic,passkey,synthetic-filler,32k,0.5,nll_nats_per_token,4.564866561889648,10,/home/sagemaker-user/atma/benchmarks/logs/foveal_cpt/retrieval_retrieval_synthetic_nope_lm_output_fc4c87df50.log
nope_lm_output,retrieval,synthetic,passkey,synthetic-filler,32k,0.5,token_accuracy,0.0,10,/home/sagemaker-user/atma/benchmarks/logs/foveal_cpt/retrieval_retrieval_synthetic_nope_lm_output_fc4c87df50.log
nope_lm_output,retrieval,synthetic,passkey,synthetic-filler,32k,0.9,exact_match,0.0,10,/home/sagemaker-user/atma/benchmarks/logs/foveal_cpt/retrieval_retrieval_synthetic_nope_lm_output_fc4c87df50.log
nope_lm_output,retrieval,synthetic,passkey,synthetic-filler,32k,0.9,nll_nats_per_token,4.176342658996582,10,/home/sagemaker-user/atma/benchmarks/logs/foveal_cpt/retrieval_retrieval_synthetic_nope_lm_output_fc4c87df50.log
nope_lm_output,retrieval,synthetic,passkey,synthetic-filler,32k,0.9,token_accuracy,8.0,10,/home/sagemaker-user/atma/benchmarks/logs/foveal_cpt/retrieval_retrieval_synthetic_nope_lm_output_fc4c87df50.log
nope_lm_output,retrieval,synthetic,passkey,synthetic-filler,4k,0.1,exact_match,10.0,10,/home/sagemaker-user/atma/benchmarks/logs/foveal_cpt/retrieval_retrieval_synthetic_nope_lm_output_fc4c87df50.log
nope_lm_output,retrieval,synthetic,passkey,synthetic-filler,4k,0.1,nll_nats_per_token,2.649078006744385,10,/home/sagemaker-user/atma/benchmarks/logs/foveal_cpt/retrieval_retrieval_synthetic_nope_lm_output_fc4c87df50.log
nope_lm_output,retrieval,synthetic,passkey,synthetic-filler,4k,0.1,token_accuracy,32.0,10,/home/sagemaker-user/atma/benchmarks/logs/foveal_cpt/retrieval_retrieval_synthetic_nope_lm_output_fc4c87df50.log
nope_lm_output,retrieval,synthetic,passkey,synthetic-filler,4k,0.5,exact_match,0.0,10,/home/sagemaker-user/atma/benchmarks/logs/foveal_cpt/retrieval_retrieval_synthetic_nope_lm_output_fc4c87df50.log
nope_lm_output,retrieval,synthetic,passkey,synthetic-filler,4k,0.5,nll_nats_per_token,3.1921707153320313,10,/home/sagemaker-user/atma/benchmarks/logs/foveal_cpt/retrieval_retrieval_synthetic_nope_lm_output_fc4c87df50.log
nope_lm_output,retrieval,synthetic,passkey,synthetic-filler,4k,0.5,token_accuracy,30.0,10,/home/sagemaker-user/atma/benchmarks/logs/foveal_cpt/retrieval_retrieval_synthetic_nope_lm_output_fc4c87df50.log
nope_lm_output,retrieval,synthetic,passkey,synthetic-filler,4k,0.9,exact_match,70.0,10,/home/sagemaker-user/atma/benchmarks/logs/foveal_cpt/retrieval_retrieval_synthetic_nope_lm_output_fc4c87df50.log
nope_lm_output,retrieval,synthetic,passkey,synthetic-filler,4k,0.9,nll_nats_per_token,0.36483274698257445,10,/home/sagemaker-user/atma/benchmarks/logs/foveal_cpt/retrieval_retrieval_synthetic_nope_lm_output_fc4c87df50.log
nope_lm_output,retrieval,synthetic,passkey,synthetic-filler,4k,0.9,token_accuracy,94.0,10,/home/sagemaker-user/atma/benchmarks/logs/foveal_cpt/retrieval_retrieval_synthetic_nope_lm_output_fc4c87df50.log
nope_lm_output,retrieval,synthetic,passkey,synthetic-filler,64k,0.1,exact_match,0.0,10,/home/sagemaker-user/atma/benchmarks/logs/foveal_cpt/retrieval_retrieval_synthetic_nope_lm_output_fc4c87df50.log
nope_lm_output,retrieval,synthetic,passkey,synthetic-filler,64k,0.1,nll_nats_per_token,4.085474014282227,10,/home/sagemaker-user/atma/benchmarks/logs/foveal_cpt/retrieval_retrieval_synthetic_nope_lm_output_fc4c87df50.log
nope_lm_output,retrieval,synthetic,passkey,synthetic-filler,64k,0.1,token_accuracy,4.0,10,/home/sagemaker-user/atma/benchmarks/logs/foveal_cpt/retrieval_retrieval_synthetic_nope_lm_output_fc4c87df50.log
nope_lm_output,retrieval,synthetic,passkey,synthetic-filler,64k,0.5,exact_match,0.0,10,/home/sagemaker-user/atma/benchmarks/logs/foveal_cpt/retrieval_retrieval_synthetic_nope_lm_output_fc4c87df50.log
nope_lm_output,retrieval,synthetic,passkey,synthetic-filler,64k,0.5,nll_nats_per_token,4.684205894470215,10,/home/sagemaker-user/atma/benchmarks/logs/foveal_cpt/retrieval_retrieval_synthetic_nope_lm_output_fc4c87df50.log
nope_lm_output,retrieval,synthetic,passkey,synthetic-filler,64k,0.5,token_accuracy,2.0,10,/home/sagemaker-user/atma/benchmarks/logs/foveal_cpt/retrieval_retrieval_synthetic_nope_lm_output_fc4c87df50.log
nope_lm_output,retrieval,synthetic,passkey,synthetic-filler,64k,0.9,exact_match,0.0,10,/home/sagemaker-user/atma/benchmarks/logs/foveal_cpt/retrieval_retrieval_synthetic_nope_lm_output_fc4c87df50.log
nope_lm_output,retrieval,synthetic,passkey,synthetic-filler,64k,0.9,nll_nats_per_token,4.395377578735352,10,/home/sagemaker-user/atma/benchmarks/logs/foveal_cpt/retrieval_retrieval_synthetic_nope_lm_output_fc4c87df50.log
nope_lm_output,retrieval,synthetic,passkey,synthetic-filler,64k,0.9,token_accuracy,8.0,10,/home/sagemaker-user/atma/benchmarks/logs/foveal_cpt/retrieval_retrieval_synthetic_nope_lm_output_fc4c87df50.log
nope_lm_output,retrieval,synthetic,passkey,synthetic-filler,8k,0.1,exact_match,10.0,10,/home/sagemaker-user/atma/benchmarks/logs/foveal_cpt/retrieval_retrieval_synthetic_nope_lm_output_fc4c87df50.log
nope_lm_output,retrieval,synthetic,passkey,synthetic-filler,8k,0.1,nll_nats_per_token,2.698228511810303,10,/home/sagemaker-user/atma/benchmarks/logs/foveal_cpt/retrieval_retrieval_synthetic_nope_lm_output_fc4c87df50.log
nope_lm_output,retrieval,synthetic,passkey,synthetic-filler,8k,0.1,token_accuracy,30.0,10,/home/sagemaker-user/atma/benchmarks/logs/foveal_cpt/retrieval_retrieval_synthetic_nope_lm_output_fc4c87df50.log
nope_lm_output,retrieval,synthetic,passkey,synthetic-filler,8k,0.5,exact_match,0.0,10,/home/sagemaker-user/atma/benchmarks/logs/foveal_cpt/retrieval_retrieval_synthetic_nope_lm_output_fc4c87df50.log
nope_lm_output,retrieval,synthetic,passkey,synthetic-filler,8k,0.5,exact_match,0.0,5,/home/sagemaker-user/atma/benchmarks/logs/foveal_cpt/smoke_retrieval_synthetic_nope_lm_output_0b6d6743f0.log
nope_lm_output,retrieval,synthetic,passkey,synthetic-filler,8k,0.5,exact_match,0.0,2,/home/sagemaker-user/atma/benchmarks/logs/foveal_cpt/smoke_retrieval_synthetic_nope_lm_output_640ef86db2.log
nope_lm_output,retrieval,synthetic,passkey,synthetic-filler,8k,0.5,nll_nats_per_token,3.9173148345947264,10,/home/sagemaker-user/atma/benchmarks/logs/foveal_cpt/retrieval_retrieval_synthetic_nope_lm_output_fc4c87df50.log
nope_lm_output,retrieval,synthetic,passkey,synthetic-filler,8k,0.5,nll_nats_per_token,3.8389862823486327,5,/home/sagemaker-user/atma/benchmarks/logs/foveal_cpt/smoke_retrieval_synthetic_nope_lm_output_0b6d6743f0.log
nope_lm_output,retrieval,synthetic,passkey,synthetic-filler,8k,0.5,nll_nats_per_token,3.766283416748047,2,/home/sagemaker-user/atma/benchmarks/logs/foveal_cpt/smoke_retrieval_synthetic_nope_lm_output_640ef86db2.log
nope_lm_output,retrieval,synthetic,passkey,synthetic-filler,8k,0.5,token_accuracy,14.0,10,/home/sagemaker-user/atma/benchmarks/logs/foveal_cpt/retrieval_retrieval_synthetic_nope_lm_output_fc4c87df50.log
nope_lm_output,retrieval,synthetic,passkey,synthetic-filler,8k,0.5,token_accuracy,20.0,5,/home/sagemaker-user/atma/benchmarks/logs/foveal_cpt/smoke_retrieval_synthetic_nope_lm_output_0b6d6743f0.log
nope_lm_output,retrieval,synthetic,passkey,synthetic-filler,8k,0.5,token_accuracy,20.0,2,/home/sagemaker-user/atma/benchmarks/logs/foveal_cpt/smoke_retrieval_synthetic_nope_lm_output_640ef86db2.log
nope_lm_output,retrieval,synthetic,passkey,synthetic-filler,8k,0.9,exact_match,0.0,10,/home/sagemaker-user/atma/benchmarks/logs/foveal_cpt/retrieval_retrieval_synthetic_nope_lm_output_fc4c87df50.log
nope_lm_output,retrieval,synthetic,passkey,synthetic-filler,8k,0.9,nll_nats_per_token,3.966043930053711,10,/home/sagemaker-user/atma/benchmarks/logs/foveal_cpt/retrieval_retrieval_synthetic_nope_lm_output_fc4c87df50.log
nope_lm_output,retrieval,synthetic,passkey,synthetic-filler,8k,0.9,token_accuracy,12.0,10,/home/sagemaker-user/atma/benchmarks/logs/foveal_cpt/retrieval_retrieval_synthetic_nope_lm_output_fc4c87df50.log
nope_lm_output,serving,generation,,,128k,,decode_tokens_per_s,475.18398879270694,1,/home/sagemaker-user/atma/benchmarks/logs/foveal_cpt/serving_serving_generation_nope_lm_output_3391516977.log
nope_lm_output,serving,generation,,,128k,,decode_tokens_per_s,480.3358535697067,1,/home/sagemaker-user/atma/benchmarks/logs/foveal_cpt/serving_serving_generation_nope_lm_output_fdd37ecba0.log
nope_lm_output,serving,generation,,,128k,,oom,False,1,/home/sagemaker-user/atma/benchmarks/logs/foveal_cpt/serving_serving_generation_nope_lm_output_3391516977.log
nope_lm_output,serving,generation,,,128k,,oom,False,1,/home/sagemaker-user/atma/benchmarks/logs/foveal_cpt/serving_serving_generation_nope_lm_output_fdd37ecba0.log
nope_lm_output,serving,generation,,,128k,,peak_allocated_bytes,7655302144,1,/home/sagemaker-user/atma/benchmarks/logs/foveal_cpt/serving_serving_generation_nope_lm_output_3391516977.log
nope_lm_output,serving,generation,,,128k,,peak_allocated_bytes,7655302144,1,/home/sagemaker-user/atma/benchmarks/logs/foveal_cpt/serving_serving_generation_nope_lm_output_fdd37ecba0.log
nope_lm_output,serving,generation,,,128k,,peak_reserved_bytes,8067743744,1,/home/sagemaker-user/atma/benchmarks/logs/foveal_cpt/serving_serving_generation_nope_lm_output_3391516977.log
nope_lm_output,serving,generation,,,128k,,peak_reserved_bytes,8067743744,1,/home/sagemaker-user/atma/benchmarks/logs/foveal_cpt/serving_serving_generation_nope_lm_output_fdd37ecba0.log
nope_lm_output,serving,generation,,,128k,,prefill_tokens_per_s,156141.75816449476,1,/home/sagemaker-user/atma/benchmarks/logs/foveal_cpt/serving_serving_generation_nope_lm_output_3391516977.log
nope_lm_output,serving,generation,,,128k,,prefill_tokens_per_s,157284.4685037193,1,/home/sagemaker-user/atma/benchmarks/logs/foveal_cpt/serving_serving_generation_nope_lm_output_fdd37ecba0.log
nope_lm_output,serving,generation,,,16k,,decode_tokens_per_s,488.7710036918907,1,/home/sagemaker-user/atma/benchmarks/logs/foveal_cpt/serving_serving_generation_nope_lm_output_3391516977.log
nope_lm_output,serving,generation,,,16k,,decode_tokens_per_s,490.3260893363881,1,/home/sagemaker-user/atma/benchmarks/logs/foveal_cpt/serving_serving_generation_nope_lm_output_fdd37ecba0.log
nope_lm_output,serving,generation,,,16k,,oom,False,1,/home/sagemaker-user/atma/benchmarks/logs/foveal_cpt/serving_serving_generation_nope_lm_output_3391516977.log
nope_lm_output,serving,generation,,,16k,,oom,False,1,/home/sagemaker-user/atma/benchmarks/logs/foveal_cpt/serving_serving_generation_nope_lm_output_fdd37ecba0.log
nope_lm_output,serving,generation,,,16k,,peak_allocated_bytes,1637850112,1,/home/sagemaker-user/atma/benchmarks/logs/foveal_cpt/serving_serving_generation_nope_lm_output_3391516977.log
nope_lm_output,serving,generation,,,16k,,peak_allocated_bytes,1637850112,1,/home/sagemaker-user/atma/benchmarks/logs/foveal_cpt/serving_serving_generation_nope_lm_output_fdd37ecba0.log
nope_lm_output,serving,generation,,,16k,,peak_reserved_bytes,1692401664,1,/home/sagemaker-user/atma/benchmarks/logs/foveal_cpt/serving_serving_generation_nope_lm_output_3391516977.log
nope_lm_output,serving,generation,,,16k,,peak_reserved_bytes,1692401664,1,/home/sagemaker-user/atma/benchmarks/logs/foveal_cpt/serving_serving_generation_nope_lm_output_fdd37ecba0.log
nope_lm_output,serving,generation,,,16k,,prefill_tokens_per_s,166007.23078118303,1,/home/sagemaker-user/atma/benchmarks/logs/foveal_cpt/serving_serving_generation_nope_lm_output_3391516977.log
nope_lm_output,serving,generation,,,16k,,prefill_tokens_per_s,170925.04607052068,1,/home/sagemaker-user/atma/benchmarks/logs/foveal_cpt/serving_serving_generation_nope_lm_output_fdd37ecba0.log
nope_lm_output,serving,generation,,,256k,,decode_tokens_per_s,471.1051453051894,1,/home/sagemaker-user/atma/benchmarks/logs/foveal_cpt/serving_serving_generation_nope_lm_output_3391516977.log
nope_lm_output,serving,generation,,,256k,,oom,False,1,/home/sagemaker-user/atma/benchmarks/logs/foveal_cpt/serving_serving_generation_nope_lm_output_3391516977.log
nope_lm_output,serving,generation,,,256k,,peak_allocated_bytes,14532389888,1,/home/sagemaker-user/atma/benchmarks/logs/foveal_cpt/serving_serving_generation_nope_lm_output_3391516977.log
nope_lm_output,serving,generation,,,256k,,peak_reserved_bytes,15313403904,1,/home/sagemaker-user/atma/benchmarks/logs/foveal_cpt/serving_serving_generation_nope_lm_output_3391516977.log
nope_lm_output,serving,generation,,,256k,,prefill_tokens_per_s,149879.32078850735,1,/home/sagemaker-user/atma/benchmarks/logs/foveal_cpt/serving_serving_generation_nope_lm_output_3391516977.log
nope_lm_output,serving,generation,,,2k,,decode_tokens_per_s,485.2936603237174,1,/home/sagemaker-user/atma/benchmarks/logs/foveal_cpt/serving_serving_generation_nope_lm_output_3391516977.log
nope_lm_output,serving,generation,,,2k,,decode_tokens_per_s,489.0086006983832,1,/home/sagemaker-user/atma/benchmarks/logs/foveal_cpt/serving_serving_generation_nope_lm_output_fdd37ecba0.log
nope_lm_output,serving,generation,,,2k,,oom,False,1,/home/sagemaker-user/atma/benchmarks/logs/foveal_cpt/serving_serving_generation_nope_lm_output_3391516977.log
nope_lm_output,serving,generation,,,2k,,oom,False,1,/home/sagemaker-user/atma/benchmarks/logs/foveal_cpt/serving_serving_generation_nope_lm_output_fdd37ecba0.log
nope_lm_output,serving,generation,,,2k,,peak_allocated_bytes,887766016,1,/home/sagemaker-user/atma/benchmarks/logs/foveal_cpt/serving_serving_generation_nope_lm_output_3391516977.log
nope_lm_output,serving,generation,,,2k,,peak_allocated_bytes,887766016,1,/home/sagemaker-user/atma/benchmarks/logs/foveal_cpt/serving_serving_generation_nope_lm_output_fdd37ecba0.log
nope_lm_output,serving,generation,,,2k,,peak_reserved_bytes,924844032,1,/home/sagemaker-user/atma/benchmarks/logs/foveal_cpt/serving_serving_generation_nope_lm_output_3391516977.log
nope_lm_output,serving,generation,,,2k,,peak_reserved_bytes,924844032,1,/home/sagemaker-user/atma/benchmarks/logs/foveal_cpt/serving_serving_generation_nope_lm_output_fdd37ecba0.log
nope_lm_output,serving,generation,,,2k,,prefill_tokens_per_s,12905.328648670375,1,/home/sagemaker-user/atma/benchmarks/logs/foveal_cpt/serving_serving_generation_nope_lm_output_3391516977.log
nope_lm_output,serving,generation,,,2k,,prefill_tokens_per_s,12450.532876428828,1,/home/sagemaker-user/atma/benchmarks/logs/foveal_cpt/serving_serving_generation_nope_lm_output_fdd37ecba0.log
nope_lm_output,serving,generation,,,32k,,decode_tokens_per_s,484.37814876388603,1,/home/sagemaker-user/atma/benchmarks/logs/foveal_cpt/serving_serving_generation_nope_lm_output_3391516977.log
nope_lm_output,serving,generation,,,32k,,decode_tokens_per_s,491.01847684611266,1,/home/sagemaker-user/atma/benchmarks/logs/foveal_cpt/serving_serving_generation_nope_lm_output_fdd37ecba0.log
nope_lm_output,serving,generation,,,32k,,oom,False,1,/home/sagemaker-user/atma/benchmarks/logs/foveal_cpt/serving_serving_generation_nope_lm_output_3391516977.log
nope_lm_output,serving,generation,,,32k,,oom,False,1,/home/sagemaker-user/atma/benchmarks/logs/foveal_cpt/serving_serving_generation_nope_lm_output_fdd37ecba0.log
nope_lm_output,serving,generation,,,32k,,peak_allocated_bytes,2497486336,1,/home/sagemaker-user/atma/benchmarks/logs/foveal_cpt/serving_serving_generation_nope_lm_output_3391516977.log
nope_lm_output,serving,generation,,,32k,,peak_allocated_bytes,2497486336,1,/home/sagemaker-user/atma/benchmarks/logs/foveal_cpt/serving_serving_generation_nope_lm_output_fdd37ecba0.log
nope_lm_output,serving,generation,,,32k,,peak_reserved_bytes,2636120064,1,/home/sagemaker-user/atma/benchmarks/logs/foveal_cpt/serving_serving_generation_nope_lm_output_3391516977.log
nope_lm_output,serving,generation,,,32k,,peak_reserved_bytes,2636120064,1,/home/sagemaker-user/atma/benchmarks/logs/foveal_cpt/serving_serving_generation_nope_lm_output_fdd37ecba0.log
nope_lm_output,serving,generation,,,32k,,prefill_tokens_per_s,157004.93339211468,1,/home/sagemaker-user/atma/benchmarks/logs/foveal_cpt/serving_serving_generation_nope_lm_output_3391516977.log
nope_lm_output,serving,generation,,,32k,,prefill_tokens_per_s,157933.5884020044,1,/home/sagemaker-user/atma/benchmarks/logs/foveal_cpt/serving_serving_generation_nope_lm_output_fdd37ecba0.log
nope_lm_output,serving,generation,,,4k,,decode_tokens_per_s,488.1631402607973,1,/home/sagemaker-user/atma/benchmarks/logs/foveal_cpt/serving_serving_generation_nope_lm_output_3391516977.log
nope_lm_output,serving,generation,,,4k,,decode_tokens_per_s,489.33835560456066,1,/home/sagemaker-user/atma/benchmarks/logs/foveal_cpt/serving_serving_generation_nope_lm_output_fdd37ecba0.log
nope_lm_output,serving,generation,,,4k,,oom,False,1,/home/sagemaker-user/atma/benchmarks/logs/foveal_cpt/serving_serving_generation_nope_lm_output_3391516977.log
nope_lm_output,serving,generation,,,4k,,oom,False,1,/home/sagemaker-user/atma/benchmarks/logs/foveal_cpt/serving_serving_generation_nope_lm_output_fdd37ecba0.log
nope_lm_output,serving,generation,,,4k,,peak_allocated_bytes,993123328,1,/home/sagemaker-user/atma/benchmarks/logs/foveal_cpt/serving_serving_generation_nope_lm_output_3391516977.log
nope_lm_output,serving,generation,,,4k,,peak_allocated_bytes,993123328,1,/home/sagemaker-user/atma/benchmarks/logs/foveal_cpt/serving_serving_generation_nope_lm_output_fdd37ecba0.log
nope_lm_output,serving,generation,,,4k,,peak_reserved_bytes,1088421888,1,/home/sagemaker-user/atma/benchmarks/logs/foveal_cpt/serving_serving_generation_nope_lm_output_3391516977.log
nope_lm_output,serving,generation,,,4k,,peak_reserved_bytes,1088421888,1,/home/sagemaker-user/atma/benchmarks/logs/foveal_cpt/serving_serving_generation_nope_lm_output_fdd37ecba0.log
nope_lm_output,serving,generation,,,4k,,prefill_tokens_per_s,91779.82623457094,1,/home/sagemaker-user/atma/benchmarks/logs/foveal_cpt/serving_serving_generation_nope_lm_output_3391516977.log
nope_lm_output,serving,generation,,,4k,,prefill_tokens_per_s,117130.20297959688,1,/home/sagemaker-user/atma/benchmarks/logs/foveal_cpt/serving_serving_generation_nope_lm_output_fdd37ecba0.log
nope_lm_output,serving,generation,,,64k,,decode_tokens_per_s,481.0112918774053,1,/home/sagemaker-user/atma/benchmarks/logs/foveal_cpt/serving_serving_generation_nope_lm_output_3391516977.log
nope_lm_output,serving,generation,,,64k,,decode_tokens_per_s,483.92954436378534,1,/home/sagemaker-user/atma/benchmarks/logs/foveal_cpt/serving_serving_generation_nope_lm_output_fdd37ecba0.log
nope_lm_output,serving,generation,,,64k,,oom,False,1,/home/sagemaker-user/atma/benchmarks/logs/foveal_cpt/serving_serving_generation_nope_lm_output_3391516977.log
nope_lm_output,serving,generation,,,64k,,oom,False,1,/home/sagemaker-user/atma/benchmarks/logs/foveal_cpt/serving_serving_generation_nope_lm_output_fdd37ecba0.log
nope_lm_output,serving,generation,,,64k,,peak_allocated_bytes,4216758272,1,/home/sagemaker-user/atma/benchmarks/logs/foveal_cpt/serving_serving_generation_nope_lm_output_3391516977.log
nope_lm_output,serving,generation,,,64k,,peak_allocated_bytes,4216758272,1,/home/sagemaker-user/atma/benchmarks/logs/foveal_cpt/serving_serving_generation_nope_lm_output_fdd37ecba0.log
nope_lm_output,serving,generation,,,64k,,peak_reserved_bytes,4441767936,1,/home/sagemaker-user/atma/benchmarks/logs/foveal_cpt/serving_serving_generation_nope_lm_output_3391516977.log
nope_lm_output,serving,generation,,,64k,,peak_reserved_bytes,4441767936,1,/home/sagemaker-user/atma/benchmarks/logs/foveal_cpt/serving_serving_generation_nope_lm_output_fdd37ecba0.log
nope_lm_output,serving,generation,,,64k,,prefill_tokens_per_s,157091.32448416593,1,/home/sagemaker-user/atma/benchmarks/logs/foveal_cpt/serving_serving_generation_nope_lm_output_3391516977.log
nope_lm_output,serving,generation,,,64k,,prefill_tokens_per_s,157458.6780922535,1,/home/sagemaker-user/atma/benchmarks/logs/foveal_cpt/serving_serving_generation_nope_lm_output_fdd37ecba0.log
nope_lm_output,serving,generation,,,8k,,decode_tokens_per_s,482.75126191558445,1,/home/sagemaker-user/atma/benchmarks/logs/foveal_cpt/serving_serving_generation_nope_lm_output_3391516977.log
nope_lm_output,serving,generation,,,8k,,decode_tokens_per_s,489.74678893310335,1,/home/sagemaker-user/atma/benchmarks/logs/foveal_cpt/serving_serving_generation_nope_lm_output_fdd37ecba0.log
nope_lm_output,serving,generation,,,8k,,oom,False,1,/home/sagemaker-user/atma/benchmarks/logs/foveal_cpt/serving_serving_generation_nope_lm_output_3391516977.log
nope_lm_output,serving,generation,,,8k,,oom,False,1,/home/sagemaker-user/atma/benchmarks/logs/foveal_cpt/serving_serving_generation_nope_lm_output_fdd37ecba0.log
nope_lm_output,serving,generation,,,8k,,peak_allocated_bytes,1208032256,1,/home/sagemaker-user/atma/benchmarks/logs/foveal_cpt/serving_serving_generation_nope_lm_output_3391516977.log
nope_lm_output,serving,generation,,,8k,,peak_allocated_bytes,1208032256,1,/home/sagemaker-user/atma/benchmarks/logs/foveal_cpt/serving_serving_generation_nope_lm_output_fdd37ecba0.log
nope_lm_output,serving,generation,,,8k,,peak_reserved_bytes,1254096896,1,/home/sagemaker-user/atma/benchmarks/logs/foveal_cpt/serving_serving_generation_nope_lm_output_3391516977.log
nope_lm_output,serving,generation,,,8k,,peak_reserved_bytes,1254096896,1,/home/sagemaker-user/atma/benchmarks/logs/foveal_cpt/serving_serving_generation_nope_lm_output_fdd37ecba0.log
nope_lm_output,serving,generation,,,8k,,prefill_tokens_per_s,145348.67487023768,1,/home/sagemaker-user/atma/benchmarks/logs/foveal_cpt/serving_serving_generation_nope_lm_output_3391516977.log
nope_lm_output,serving,generation,,,8k,,prefill_tokens_per_s,157853.7756448183,1,/home/sagemaker-user/atma/benchmarks/logs/foveal_cpt/serving_serving_generation_nope_lm_output_fdd37ecba0.log
nope_lm_output,serving,generation,,,,,max_successful_context_tokens,262144,,/home/sagemaker-user/atma/benchmarks/logs/foveal_cpt/serving_serving_generation_nope_lm_output_3391516977.log
nope_lm_output,serving,generation,,,,,max_successful_context_tokens,131072,,/home/sagemaker-user/atma/benchmarks/logs/foveal_cpt/serving_serving_generation_nope_lm_output_fdd37ecba0.log
nope_lm_output_kl,base,zero_shot,arc_challenge,,,,accuracy,0.27424749163879597,299,/home/sagemaker-user/atma/benchmarks/logs/foveal_cpt/base_base_zero_shot_nope_lm_output_kl_38d2ead219.log
nope_lm_output_kl,base,zero_shot,arc_challenge,,,,accuracy_norm,0.3210702341137124,299,/home/sagemaker-user/atma/benchmarks/logs/foveal_cpt/base_base_zero_shot_nope_lm_output_kl_38d2ead219.log
nope_lm_output_kl,base,zero_shot,arc_easy,,,,accuracy,0.5929824561403508,570,/home/sagemaker-user/atma/benchmarks/logs/foveal_cpt/base_base_zero_shot_nope_lm_output_kl_38d2ead219.log
nope_lm_output_kl,base,zero_shot,arc_easy,,,,accuracy_norm,0.5017543859649123,570,/home/sagemaker-user/atma/benchmarks/logs/foveal_cpt/base_base_zero_shot_nope_lm_output_kl_38d2ead219.log
nope_lm_output_kl,base,zero_shot,boolq,,,,accuracy,0.5938837920489297,3270,/home/sagemaker-user/atma/benchmarks/logs/foveal_cpt/base_base_zero_shot_nope_lm_output_kl_38d2ead219.log
nope_lm_output_kl,base,zero_shot,boolq,,,,accuracy_norm,0.5938837920489297,3270,/home/sagemaker-user/atma/benchmarks/logs/foveal_cpt/base_base_zero_shot_nope_lm_output_kl_38d2ead219.log
nope_lm_output_kl,base,zero_shot,hellaswag,,,,accuracy,0.3239394542919737,10042,/home/sagemaker-user/atma/benchmarks/logs/foveal_cpt/base_base_zero_shot_nope_lm_output_kl_38d2ead219.log
nope_lm_output_kl,base,zero_shot,hellaswag,,,,accuracy_norm,0.3754232224656443,10042,/home/sagemaker-user/atma/benchmarks/logs/foveal_cpt/base_base_zero_shot_nope_lm_output_kl_38d2ead219.log
nope_lm_output_kl,base,zero_shot,lambada,,,,accuracy,0.29846691247816803,5153,/home/sagemaker-user/atma/benchmarks/logs/foveal_cpt/base_base_zero_shot_nope_lm_output_kl_38d2ead219.log
nope_lm_output_kl,base,zero_shot,lambada,,,,target_nll,3.0879842787226597,5153,/home/sagemaker-user/atma/benchmarks/logs/foveal_cpt/base_base_zero_shot_nope_lm_output_kl_38d2ead219.log
nope_lm_output_kl,base,zero_shot,lambada,,,,target_perplexity,21.932822929977124,5153,/home/sagemaker-user/atma/benchmarks/logs/foveal_cpt/base_base_zero_shot_nope_lm_output_kl_38d2ead219.log
nope_lm_output_kl,base,zero_shot,openbookqa,,,,accuracy,0.21,500,/home/sagemaker-user/atma/benchmarks/logs/foveal_cpt/base_base_zero_shot_nope_lm_output_kl_38d2ead219.log
nope_lm_output_kl,base,zero_shot,openbookqa,,,,accuracy_norm,0.312,500,/home/sagemaker-user/atma/benchmarks/logs/foveal_cpt/base_base_zero_shot_nope_lm_output_kl_38d2ead219.log
nope_lm_output_kl,base,zero_shot,piqa,,,,accuracy,0.661588683351469,1838,/home/sagemaker-user/atma/benchmarks/logs/foveal_cpt/base_base_zero_shot_nope_lm_output_kl_38d2ead219.log
nope_lm_output_kl,base,zero_shot,piqa,,,,accuracy_norm,0.6681175190424374,1838,/home/sagemaker-user/atma/benchmarks/logs/foveal_cpt/base_base_zero_shot_nope_lm_output_kl_38d2ead219.log
nope_lm_output_kl,base,zero_shot,winogrande,,,,accuracy,0.5209155485398579,1267,/home/sagemaker-user/atma/benchmarks/logs/foveal_cpt/base_base_zero_shot_nope_lm_output_kl_38d2ead219.log
nope_lm_output_kl,base,zero_shot,winogrande,,,,accuracy_norm,0.5232833464877664,1267,/home/sagemaker-user/atma/benchmarks/logs/foveal_cpt/base_base_zero_shot_nope_lm_output_kl_38d2ead219.log
nope_lm_output_kl,longdoc,fixed_target,,codelion/finepdfs-1B,128k,,bits_per_byte,0.8537656395888875,4,/home/sagemaker-user/atma/benchmarks/logs/foveal_cpt/longdoc_longdoc_fixed_target_nope_lm_output_kl_4ffadccdce.log
nope_lm_output_kl,longdoc,fixed_target,,codelion/finepdfs-1B,128k,,nll_nats_per_token,1.0130854845046997,4,/home/sagemaker-user/atma/benchmarks/logs/foveal_cpt/longdoc_longdoc_fixed_target_nope_lm_output_kl_4ffadccdce.log
nope_lm_output_kl,longdoc,fixed_target,,codelion/finepdfs-1B,128k,,perplexity,2.7540856072124527,4,/home/sagemaker-user/atma/benchmarks/logs/foveal_cpt/longdoc_longdoc_fixed_target_nope_lm_output_kl_4ffadccdce.log
nope_lm_output_kl,longdoc,fixed_target,,codelion/finepdfs-1B,16k,,bits_per_byte,0.8380226228226612,4,/home/sagemaker-user/atma/benchmarks/logs/foveal_cpt/longdoc_longdoc_fixed_target_nope_lm_output_kl_4ffadccdce.log
nope_lm_output_kl,longdoc,fixed_target,,codelion/finepdfs-1B,16k,,nll_nats_per_token,0.9944046884775162,4,/home/sagemaker-user/atma/benchmarks/logs/foveal_cpt/longdoc_longdoc_fixed_target_nope_lm_output_kl_4ffadccdce.log
nope_lm_output_kl,longdoc,fixed_target,,codelion/finepdfs-1B,16k,,perplexity,2.70311466689034,4,/home/sagemaker-user/atma/benchmarks/logs/foveal_cpt/longdoc_longdoc_fixed_target_nope_lm_output_kl_4ffadccdce.log
nope_lm_output_kl,longdoc,fixed_target,,codelion/finepdfs-1B,256k,,bits_per_byte,0.9283985801076025,4,/home/sagemaker-user/atma/benchmarks/logs/foveal_cpt/longdoc_longdoc_fixed_target_nope_lm_output_kl_4ffadccdce.log
nope_lm_output_kl,longdoc,fixed_target,,codelion/finepdfs-1B,256k,,nll_nats_per_token,1.1016455590724945,4,/home/sagemaker-user/atma/benchmarks/logs/foveal_cpt/longdoc_longdoc_fixed_target_nope_lm_output_kl_4ffadccdce.log
nope_lm_output_kl,longdoc,fixed_target,,codelion/finepdfs-1B,256k,,perplexity,3.009113626271912,4,/home/sagemaker-user/atma/benchmarks/logs/foveal_cpt/longdoc_longdoc_fixed_target_nope_lm_output_kl_4ffadccdce.log
nope_lm_output_kl,longdoc,fixed_target,,codelion/finepdfs-1B,2k,,bits_per_byte,0.8788103885524509,4,/home/sagemaker-user/atma/benchmarks/logs/foveal_cpt/longdoc_longdoc_fixed_target_nope_lm_output_kl_4ffadccdce.log
nope_lm_output_kl,longdoc,fixed_target,,codelion/finepdfs-1B,2k,,nll_nats_per_token,1.042803794145584,4,/home/sagemaker-user/atma/benchmarks/logs/foveal_cpt/longdoc_longdoc_fixed_target_nope_lm_output_kl_4ffadccdce.log
nope_lm_output_kl,longdoc,fixed_target,,codelion/finepdfs-1B,2k,,perplexity,2.8371606874611244,4,/home/sagemaker-user/atma/benchmarks/logs/foveal_cpt/longdoc_longdoc_fixed_target_nope_lm_output_kl_4ffadccdce.log
nope_lm_output_kl,longdoc,fixed_target,,codelion/finepdfs-1B,32k,,bits_per_byte,0.848743684964541,4,/home/sagemaker-user/atma/benchmarks/logs/foveal_cpt/longdoc_longdoc_fixed_target_nope_lm_output_kl_4ffadccdce.log
nope_lm_output_kl,longdoc,fixed_target,,codelion/finepdfs-1B,32k,,nll_nats_per_token,1.0071263909339905,4,/home/sagemaker-user/atma/benchmarks/logs/foveal_cpt/longdoc_longdoc_fixed_target_nope_lm_output_kl_4ffadccdce.log
nope_lm_output_kl,longdoc,fixed_target,,codelion/finepdfs-1B,32k,,perplexity,2.7377225562752003,4,/home/sagemaker-user/atma/benchmarks/logs/foveal_cpt/longdoc_longdoc_fixed_target_nope_lm_output_kl_4ffadccdce.log
nope_lm_output_kl,longdoc,fixed_target,,codelion/finepdfs-1B,4k,,bits_per_byte,0.828257081769048,4,/home/sagemaker-user/atma/benchmarks/logs/foveal_cpt/longdoc_longdoc_fixed_target_nope_lm_output_kl_4ffadccdce.log
nope_lm_output_kl,longdoc,fixed_target,,codelion/finepdfs-1B,4k,,nll_nats_per_token,0.9828168153762817,4,/home/sagemaker-user/atma/benchmarks/logs/foveal_cpt/longdoc_longdoc_fixed_target_nope_lm_output_kl_4ffadccdce.log
nope_lm_output_kl,longdoc,fixed_target,,codelion/finepdfs-1B,4k,,perplexity,2.671972103669053,4,/home/sagemaker-user/atma/benchmarks/logs/foveal_cpt/longdoc_longdoc_fixed_target_nope_lm_output_kl_4ffadccdce.log
nope_lm_output_kl,longdoc,fixed_target,,codelion/finepdfs-1B,64k,,bits_per_byte,0.8346783743603773,4,/home/sagemaker-user/atma/benchmarks/logs/foveal_cpt/longdoc_longdoc_fixed_target_nope_lm_output_kl_4ffadccdce.log
nope_lm_output_kl,longdoc,fixed_target,,codelion/finepdfs-1B,64k,,nll_nats_per_token,0.9904363751411438,4,/home/sagemaker-user/atma/benchmarks/logs/foveal_cpt/longdoc_longdoc_fixed_target_nope_lm_output_kl_4ffadccdce.log
nope_lm_output_kl,longdoc,fixed_target,,codelion/finepdfs-1B,64k,,perplexity,2.6924091164460866,4,/home/sagemaker-user/atma/benchmarks/logs/foveal_cpt/longdoc_longdoc_fixed_target_nope_lm_output_kl_4ffadccdce.log
nope_lm_output_kl,longdoc,fixed_target,,codelion/finepdfs-1B,8k,,bits_per_byte,0.8197389923956179,4,/home/sagemaker-user/atma/benchmarks/logs/foveal_cpt/longdoc_longdoc_fixed_target_nope_lm_output_kl_4ffadccdce.log
nope_lm_output_kl,longdoc,fixed_target,,codelion/finepdfs-1B,8k,,nll_nats_per_token,0.9727091789245605,4,/home/sagemaker-user/atma/benchmarks/logs/foveal_cpt/longdoc_longdoc_fixed_target_nope_lm_output_kl_4ffadccdce.log
nope_lm_output_kl,longdoc,fixed_target,,codelion/finepdfs-1B,8k,,perplexity,2.6451008124309685,4,/home/sagemaker-user/atma/benchmarks/logs/foveal_cpt/longdoc_longdoc_fixed_target_nope_lm_output_kl_4ffadccdce.log
nope_lm_output_kl,longdoc,fixed_target,,emozilla/pg19,128k,,bits_per_byte,1.126725432821443,4,/home/sagemaker-user/atma/benchmarks/logs/foveal_cpt/longdoc_longdoc_fixed_target_nope_lm_output_kl_4ffadccdce.log
nope_lm_output_kl,longdoc,fixed_target,,emozilla/pg19,128k,,nll_nats_per_token,3.1399625539779663,4,/home/sagemaker-user/atma/benchmarks/logs/foveal_cpt/longdoc_longdoc_fixed_target_nope_lm_output_kl_4ffadccdce.log
nope_lm_output_kl,longdoc,fixed_target,,emozilla/pg19,128k,,perplexity,23.1030017270127,4,/home/sagemaker-user/atma/benchmarks/logs/foveal_cpt/longdoc_longdoc_fixed_target_nope_lm_output_kl_4ffadccdce.log
nope_lm_output_kl,longdoc,fixed_target,,emozilla/pg19,16k,,bits_per_byte,1.102502404731491,4,/home/sagemaker-user/atma/benchmarks/logs/foveal_cpt/longdoc_longdoc_fixed_target_nope_lm_output_kl_4ffadccdce.log
nope_lm_output_kl,longdoc,fixed_target,,emozilla/pg19,16k,,nll_nats_per_token,3.072457730770111,4,/home/sagemaker-user/atma/benchmarks/logs/foveal_cpt/longdoc_longdoc_fixed_target_nope_lm_output_kl_4ffadccdce.log
nope_lm_output_kl,longdoc,fixed_target,,emozilla/pg19,16k,,perplexity,21.594911986678415,4,/home/sagemaker-user/atma/benchmarks/logs/foveal_cpt/longdoc_longdoc_fixed_target_nope_lm_output_kl_4ffadccdce.log
nope_lm_output_kl,longdoc,fixed_target,,emozilla/pg19,256k,,bits_per_byte,1.15106271654324,4,/home/sagemaker-user/atma/benchmarks/logs/foveal_cpt/longdoc_longdoc_fixed_target_nope_lm_output_kl_4ffadccdce.log
nope_lm_output_kl,longdoc,fixed_target,,emozilla/pg19,256k,,nll_nats_per_token,3.2077857851982117,4,/home/sagemaker-user/atma/benchmarks/logs/foveal_cpt/longdoc_longdoc_fixed_target_nope_lm_output_kl_4ffadccdce.log
nope_lm_output_kl,longdoc,fixed_target,,emozilla/pg19,256k,,perplexity,24.724280703084357,4,/home/sagemaker-user/atma/benchmarks/logs/foveal_cpt/longdoc_longdoc_fixed_target_nope_lm_output_kl_4ffadccdce.log
nope_lm_output_kl,longdoc,fixed_target,,emozilla/pg19,2k,,bits_per_byte,1.1135621659557713,4,/home/sagemaker-user/atma/benchmarks/logs/foveal_cpt/longdoc_longdoc_fixed_target_nope_lm_output_kl_4ffadccdce.log
nope_lm_output_kl,longdoc,fixed_target,,emozilla/pg19,2k,,nll_nats_per_token,3.1032791137695312,4,/home/sagemaker-user/atma/benchmarks/logs/foveal_cpt/longdoc_longdoc_fixed_target_nope_lm_output_kl_4ffadccdce.log
nope_lm_output_kl,longdoc,fixed_target,,emozilla/pg19,2k,,perplexity,22.270860362399546,4,/home/sagemaker-user/atma/benchmarks/logs/foveal_cpt/longdoc_longdoc_fixed_target_nope_lm_output_kl_4ffadccdce.log
nope_lm_output_kl,longdoc,fixed_target,,emozilla/pg19,32k,,bits_per_byte,1.0976188213030413,4,/home/sagemaker-user/atma/benchmarks/logs/foveal_cpt/longdoc_longdoc_fixed_target_nope_lm_output_kl_4ffadccdce.log
nope_lm_output_kl,longdoc,fixed_target,,emozilla/pg19,32k,,nll_nats_per_token,3.0588481426239014,4,/home/sagemaker-user/atma/benchmarks/logs/foveal_cpt/longdoc_longdoc_fixed_target_nope_lm_output_kl_4ffadccdce.log
nope_lm_output_kl,longdoc,fixed_target,,emozilla/pg19,32k,,perplexity,21.30300500100414,4,/home/sagemaker-user/atma/benchmarks/logs/foveal_cpt/longdoc_longdoc_fixed_target_nope_lm_output_kl_4ffadccdce.log
nope_lm_output_kl,longdoc,fixed_target,,emozilla/pg19,4k,,bits_per_byte,1.1074483133024338,4,/home/sagemaker-user/atma/benchmarks/logs/foveal_cpt/longdoc_longdoc_fixed_target_nope_lm_output_kl_4ffadccdce.log
nope_lm_output_kl,longdoc,fixed_target,,emozilla/pg19,4k,,nll_nats_per_token,3.0862410068511963,4,/home/sagemaker-user/atma/benchmarks/logs/foveal_cpt/longdoc_longdoc_fixed_target_nope_lm_output_kl_4ffadccdce.log
nope_lm_output_kl,longdoc,fixed_target,,emozilla/pg19,4k,,perplexity,21.894621364233547,4,/home/sagemaker-user/atma/benchmarks/logs/foveal_cpt/longdoc_longdoc_fixed_target_nope_lm_output_kl_4ffadccdce.log
nope_lm_output_kl,longdoc,fixed_target,,emozilla/pg19,64k,,bits_per_byte,1.10774761942599,4,/home/sagemaker-user/atma/benchmarks/logs/foveal_cpt/longdoc_longdoc_fixed_target_nope_lm_output_kl_4ffadccdce.log
nope_lm_output_kl,longdoc,fixed_target,,emozilla/pg19,64k,,nll_nats_per_token,3.087075114250183,4,/home/sagemaker-user/atma/benchmarks/logs/foveal_cpt/longdoc_longdoc_fixed_target_nope_lm_output_kl_4ffadccdce.log
nope_lm_output_kl,longdoc,fixed_target,,emozilla/pg19,64k,,perplexity,21.912891448458424,4,/home/sagemaker-user/atma/benchmarks/logs/foveal_cpt/longdoc_longdoc_fixed_target_nope_lm_output_kl_4ffadccdce.log
nope_lm_output_kl,longdoc,fixed_target,,emozilla/pg19,8k,,bits_per_byte,1.1037139806912661,4,/home/sagemaker-user/atma/benchmarks/logs/foveal_cpt/longdoc_longdoc_fixed_target_nope_lm_output_kl_4ffadccdce.log
nope_lm_output_kl,longdoc,fixed_target,,emozilla/pg19,8k,,nll_nats_per_token,3.0758341550827026,4,/home/sagemaker-user/atma/benchmarks/logs/foveal_cpt/longdoc_longdoc_fixed_target_nope_lm_output_kl_4ffadccdce.log
nope_lm_output_kl,longdoc,fixed_target,,emozilla/pg19,8k,,perplexity,21.667948804796282,4,/home/sagemaker-user/atma/benchmarks/logs/foveal_cpt/longdoc_longdoc_fixed_target_nope_lm_output_kl_4ffadccdce.log
nope_lm_output_kl,longdoc,fixed_target,,hoskinson-center/proof-pile,128k,,bits_per_byte,2.3922675251404044,4,/home/sagemaker-user/atma/benchmarks/logs/foveal_cpt/longdoc_longdoc_fixed_target_nope_lm_output_kl_4ffadccdce.log
nope_lm_output_kl,longdoc,fixed_target,,hoskinson-center/proof-pile,128k,,nll_nats_per_token,4.472588300704956,4,/home/sagemaker-user/atma/benchmarks/logs/foveal_cpt/longdoc_longdoc_fixed_target_nope_lm_output_kl_4ffadccdce.log
nope_lm_output_kl,longdoc,fixed_target,,hoskinson-center/proof-pile,128k,,perplexity,87.58312134829167,4,/home/sagemaker-user/atma/benchmarks/logs/foveal_cpt/longdoc_longdoc_fixed_target_nope_lm_output_kl_4ffadccdce.log
nope_lm_output_kl,longdoc,fixed_target,,hoskinson-center/proof-pile,16k,,bits_per_byte,2.2452004953115114,4,/home/sagemaker-user/atma/benchmarks/logs/foveal_cpt/longdoc_longdoc_fixed_target_nope_lm_output_kl_4ffadccdce.log
nope_lm_output_kl,longdoc,fixed_target,,hoskinson-center/proof-pile,16k,,nll_nats_per_token,4.197631478309631,4,/home/sagemaker-user/atma/benchmarks/logs/foveal_cpt/longdoc_longdoc_fixed_target_nope_lm_output_kl_4ffadccdce.log
nope_lm_output_kl,longdoc,fixed_target,,hoskinson-center/proof-pile,16k,,perplexity,66.52856992346983,4,/home/sagemaker-user/atma/benchmarks/logs/foveal_cpt/longdoc_longdoc_fixed_target_nope_lm_output_kl_4ffadccdce.log
nope_lm_output_kl,longdoc,fixed_target,,hoskinson-center/proof-pile,256k,,bits_per_byte,2.661705025576131,4,/home/sagemaker-user/atma/benchmarks/logs/foveal_cpt/longdoc_longdoc_fixed_target_nope_lm_output_kl_4ffadccdce.log
nope_lm_output_kl,longdoc,fixed_target,,hoskinson-center/proof-pile,256k,,nll_nats_per_token,4.976329207420349,4,/home/sagemaker-user/atma/benchmarks/logs/foveal_cpt/longdoc_longdoc_fixed_target_nope_lm_output_kl_4ffadccdce.log
nope_lm_output_kl,longdoc,fixed_target,,hoskinson-center/proof-pile,256k,,perplexity,144.9413542878887,4,/home/sagemaker-user/atma/benchmarks/logs/foveal_cpt/longdoc_longdoc_fixed_target_nope_lm_output_kl_4ffadccdce.log
nope_lm_output_kl,longdoc,fixed_target,,hoskinson-center/proof-pile,2k,,bits_per_byte,2.2922109289991863,4,/home/sagemaker-user/atma/benchmarks/logs/foveal_cpt/longdoc_longdoc_fixed_target_nope_lm_output_kl_4ffadccdce.log
nope_lm_output_kl,longdoc,fixed_target,,hoskinson-center/proof-pile,2k,,nll_nats_per_token,4.285522282123566,4,/home/sagemaker-user/atma/benchmarks/logs/foveal_cpt/longdoc_longdoc_fixed_target_nope_lm_output_kl_4ffadccdce.log
nope_lm_output_kl,longdoc,fixed_target,,hoskinson-center/proof-pile,2k,,perplexity,72.64047563596674,4,/home/sagemaker-user/atma/benchmarks/logs/foveal_cpt/longdoc_longdoc_fixed_target_nope_lm_output_kl_4ffadccdce.log
nope_lm_output_kl,longdoc,fixed_target,,hoskinson-center/proof-pile,32k,,bits_per_byte,2.254211957816781,4,/home/sagemaker-user/atma/benchmarks/logs/foveal_cpt/longdoc_longdoc_fixed_target_nope_lm_output_kl_4ffadccdce.log
nope_lm_output_kl,longdoc,fixed_target,,hoskinson-center/proof-pile,32k,,nll_nats_per_token,4.214479327201843,4,/home/sagemaker-user/atma/benchmarks/logs/foveal_cpt/longdoc_longdoc_fixed_target_nope_lm_output_kl_4ffadccdce.log
nope_lm_output_kl,longdoc,fixed_target,,hoskinson-center/proof-pile,32k,,perplexity,67.65892853452631,4,/home/sagemaker-user/atma/benchmarks/logs/foveal_cpt/longdoc_longdoc_fixed_target_nope_lm_output_kl_4ffadccdce.log
nope_lm_output_kl,longdoc,fixed_target,,hoskinson-center/proof-pile,4k,,bits_per_byte,2.2707003582226153,4,/home/sagemaker-user/atma/benchmarks/logs/foveal_cpt/longdoc_longdoc_fixed_target_nope_lm_output_kl_4ffadccdce.log
nope_lm_output_kl,longdoc,fixed_target,,hoskinson-center/proof-pile,4k,,nll_nats_per_token,4.245306074619293,4,/home/sagemaker-user/atma/benchmarks/logs/foveal_cpt/longdoc_longdoc_fixed_target_nope_lm_output_kl_4ffadccdce.log
nope_lm_output_kl,longdoc,fixed_target,,hoskinson-center/proof-pile,4k,,perplexity,69.77711387938425,4,/home/sagemaker-user/atma/benchmarks/logs/foveal_cpt/longdoc_longdoc_fixed_target_nope_lm_output_kl_4ffadccdce.log
nope_lm_output_kl,longdoc,fixed_target,,hoskinson-center/proof-pile,64k,,bits_per_byte,2.258008274707047,4,/home/sagemaker-user/atma/benchmarks/logs/foveal_cpt/longdoc_longdoc_fixed_target_nope_lm_output_kl_4ffadccdce.log
nope_lm_output_kl,longdoc,fixed_target,,hoskinson-center/proof-pile,64k,,nll_nats_per_token,4.221576929092407,4,/home/sagemaker-user/atma/benchmarks/logs/foveal_cpt/longdoc_longdoc_fixed_target_nope_lm_output_kl_4ffadccdce.log
nope_lm_output_kl,longdoc,fixed_target,,hoskinson-center/proof-pile,64k,,perplexity,68.14085290415007,4,/home/sagemaker-user/atma/benchmarks/logs/foveal_cpt/longdoc_longdoc_fixed_target_nope_lm_output_kl_4ffadccdce.log
nope_lm_output_kl,longdoc,fixed_target,,hoskinson-center/proof-pile,8k,,bits_per_byte,2.283150465510861,4,/home/sagemaker-user/atma/benchmarks/logs/foveal_cpt/longdoc_longdoc_fixed_target_nope_lm_output_kl_4ffadccdce.log
nope_lm_output_kl,longdoc,fixed_target,,hoskinson-center/proof-pile,8k,,nll_nats_per_token,4.268582820892334,4,/home/sagemaker-user/atma/benchmarks/logs/foveal_cpt/longdoc_longdoc_fixed_target_nope_lm_output_kl_4ffadccdce.log
nope_lm_output_kl,longdoc,fixed_target,,hoskinson-center/proof-pile,8k,,perplexity,71.42034843946314,4,/home/sagemaker-user/atma/benchmarks/logs/foveal_cpt/longdoc_longdoc_fixed_target_nope_lm_output_kl_4ffadccdce.log
nope_lm_output_kl,retrieval,synthetic,niah,synthetic-filler,128k,0.1,exact_match,0.0,10,/home/sagemaker-user/atma/benchmarks/logs/foveal_cpt/retrieval_retrieval_synthetic_nope_lm_output_kl_5741e1a7cf.log
nope_lm_output_kl,retrieval,synthetic,niah,synthetic-filler,128k,0.1,nll_nats_per_token,1.4669057655334472,10,/home/sagemaker-user/atma/benchmarks/logs/foveal_cpt/retrieval_retrieval_synthetic_nope_lm_output_kl_5741e1a7cf.log
nope_lm_output_kl,retrieval,synthetic,niah,synthetic-filler,128k,0.1,token_accuracy,80.0,10,/home/sagemaker-user/atma/benchmarks/logs/foveal_cpt/retrieval_retrieval_synthetic_nope_lm_output_kl_5741e1a7cf.log
nope_lm_output_kl,retrieval,synthetic,niah,synthetic-filler,128k,0.5,exact_match,40.0,10,/home/sagemaker-user/atma/benchmarks/logs/foveal_cpt/retrieval_retrieval_synthetic_nope_lm_output_kl_5741e1a7cf.log
nope_lm_output_kl,retrieval,synthetic,niah,synthetic-filler,128k,0.5,nll_nats_per_token,1.0965127635002136,10,/home/sagemaker-user/atma/benchmarks/logs/foveal_cpt/retrieval_retrieval_synthetic_nope_lm_output_kl_5741e1a7cf.log
nope_lm_output_kl,retrieval,synthetic,niah,synthetic-filler,128k,0.5,token_accuracy,88.0,10,/home/sagemaker-user/atma/benchmarks/logs/foveal_cpt/retrieval_retrieval_synthetic_nope_lm_output_kl_5741e1a7cf.log
nope_lm_output_kl,retrieval,synthetic,niah,synthetic-filler,128k,0.9,exact_match,30.0,10,/home/sagemaker-user/atma/benchmarks/logs/foveal_cpt/retrieval_retrieval_synthetic_nope_lm_output_kl_5741e1a7cf.log
nope_lm_output_kl,retrieval,synthetic,niah,synthetic-filler,128k,0.9,nll_nats_per_token,1.2327281880378722,10,/home/sagemaker-user/atma/benchmarks/logs/foveal_cpt/retrieval_retrieval_synthetic_nope_lm_output_kl_5741e1a7cf.log
nope_lm_output_kl,retrieval,synthetic,niah,synthetic-filler,128k,0.9,token_accuracy,86.0,10,/home/sagemaker-user/atma/benchmarks/logs/foveal_cpt/retrieval_retrieval_synthetic_nope_lm_output_kl_5741e1a7cf.log
nope_lm_output_kl,retrieval,synthetic,niah,synthetic-filler,16k,0.1,exact_match,0.0,10,/home/sagemaker-user/atma/benchmarks/logs/foveal_cpt/retrieval_retrieval_synthetic_nope_lm_output_kl_5741e1a7cf.log
nope_lm_output_kl,retrieval,synthetic,niah,synthetic-filler,16k,0.1,nll_nats_per_token,1.5138980102539064,10,/home/sagemaker-user/atma/benchmarks/logs/foveal_cpt/retrieval_retrieval_synthetic_nope_lm_output_kl_5741e1a7cf.log
nope_lm_output_kl,retrieval,synthetic,niah,synthetic-filler,16k,0.1,token_accuracy,80.0,10,/home/sagemaker-user/atma/benchmarks/logs/foveal_cpt/retrieval_retrieval_synthetic_nope_lm_output_kl_5741e1a7cf.log
nope_lm_output_kl,retrieval,synthetic,niah,synthetic-filler,16k,0.5,exact_match,0.0,10,/home/sagemaker-user/atma/benchmarks/logs/foveal_cpt/retrieval_retrieval_synthetic_nope_lm_output_kl_5741e1a7cf.log
nope_lm_output_kl,retrieval,synthetic,niah,synthetic-filler,16k,0.5,nll_nats_per_token,1.4553695011138916,10,/home/sagemaker-user/atma/benchmarks/logs/foveal_cpt/retrieval_retrieval_synthetic_nope_lm_output_kl_5741e1a7cf.log
nope_lm_output_kl,retrieval,synthetic,niah,synthetic-filler,16k,0.5,token_accuracy,80.0,10,/home/sagemaker-user/atma/benchmarks/logs/foveal_cpt/retrieval_retrieval_synthetic_nope_lm_output_kl_5741e1a7cf.log
nope_lm_output_kl,retrieval,synthetic,niah,synthetic-filler,16k,0.9,exact_match,100.0,10,/home/sagemaker-user/atma/benchmarks/logs/foveal_cpt/retrieval_retrieval_synthetic_nope_lm_output_kl_5741e1a7cf.log
nope_lm_output_kl,retrieval,synthetic,niah,synthetic-filler,16k,0.9,nll_nats_per_token,0.43989832878112795,10,/home/sagemaker-user/atma/benchmarks/logs/foveal_cpt/retrieval_retrieval_synthetic_nope_lm_output_kl_5741e1a7cf.log
nope_lm_output_kl,retrieval,synthetic,niah,synthetic-filler,16k,0.9,token_accuracy,100.0,10,/home/sagemaker-user/atma/benchmarks/logs/foveal_cpt/retrieval_retrieval_synthetic_nope_lm_output_kl_5741e1a7cf.log
nope_lm_output_kl,retrieval,synthetic,niah,synthetic-filler,256k,0.1,exact_match,10.0,10,/home/sagemaker-user/atma/benchmarks/logs/foveal_cpt/retrieval_retrieval_synthetic_nope_lm_output_kl_5741e1a7cf.log
nope_lm_output_kl,retrieval,synthetic,niah,synthetic-filler,256k,0.1,nll_nats_per_token,1.1879007625579834,10,/home/sagemaker-user/atma/benchmarks/logs/foveal_cpt/retrieval_retrieval_synthetic_nope_lm_output_kl_5741e1a7cf.log
nope_lm_output_kl,retrieval,synthetic,niah,synthetic-filler,256k,0.1,token_accuracy,80.0,10,/home/sagemaker-user/atma/benchmarks/logs/foveal_cpt/retrieval_retrieval_synthetic_nope_lm_output_kl_5741e1a7cf.log
nope_lm_output_kl,retrieval,synthetic,niah,synthetic-filler,256k,0.5,exact_match,20.0,10,/home/sagemaker-user/atma/benchmarks/logs/foveal_cpt/retrieval_retrieval_synthetic_nope_lm_output_kl_5741e1a7cf.log
nope_lm_output_kl,retrieval,synthetic,niah,synthetic-filler,256k,0.5,nll_nats_per_token,1.199966983795166,10,/home/sagemaker-user/atma/benchmarks/logs/foveal_cpt/retrieval_retrieval_synthetic_nope_lm_output_kl_5741e1a7cf.log
nope_lm_output_kl,retrieval,synthetic,niah,synthetic-filler,256k,0.5,token_accuracy,84.0,10,/home/sagemaker-user/atma/benchmarks/logs/foveal_cpt/retrieval_retrieval_synthetic_nope_lm_output_kl_5741e1a7cf.log
nope_lm_output_kl,retrieval,synthetic,niah,synthetic-filler,256k,0.9,exact_match,100.0,10,/home/sagemaker-user/atma/benchmarks/logs/foveal_cpt/retrieval_retrieval_synthetic_nope_lm_output_kl_5741e1a7cf.log
nope_lm_output_kl,retrieval,synthetic,niah,synthetic-filler,256k,0.9,nll_nats_per_token,0.5007809185981751,10,/home/sagemaker-user/atma/benchmarks/logs/foveal_cpt/retrieval_retrieval_synthetic_nope_lm_output_kl_5741e1a7cf.log
nope_lm_output_kl,retrieval,synthetic,niah,synthetic-filler,256k,0.9,token_accuracy,100.0,10,/home/sagemaker-user/atma/benchmarks/logs/foveal_cpt/retrieval_retrieval_synthetic_nope_lm_output_kl_5741e1a7cf.log
nope_lm_output_kl,retrieval,synthetic,niah,synthetic-filler,2k,0.1,exact_match,100.0,10,/home/sagemaker-user/atma/benchmarks/logs/foveal_cpt/retrieval_retrieval_synthetic_nope_lm_output_kl_5741e1a7cf.log
nope_lm_output_kl,retrieval,synthetic,niah,synthetic-filler,2k,0.1,nll_nats_per_token,0.2536634361743927,10,/home/sagemaker-user/atma/benchmarks/logs/foveal_cpt/retrieval_retrieval_synthetic_nope_lm_output_kl_5741e1a7cf.log
nope_lm_output_kl,retrieval,synthetic,niah,synthetic-filler,2k,0.1,token_accuracy,100.0,10,/home/sagemaker-user/atma/benchmarks/logs/foveal_cpt/retrieval_retrieval_synthetic_nope_lm_output_kl_5741e1a7cf.log
nope_lm_output_kl,retrieval,synthetic,niah,synthetic-filler,2k,0.5,exact_match,100.0,10,/home/sagemaker-user/atma/benchmarks/logs/foveal_cpt/retrieval_retrieval_synthetic_nope_lm_output_kl_5741e1a7cf.log
nope_lm_output_kl,retrieval,synthetic,niah,synthetic-filler,2k,0.5,exact_match,100.0,2,/home/sagemaker-user/atma/benchmarks/logs/foveal_cpt/smoke_retrieval_synthetic_nope_lm_output_kl_0823e93d97.log
nope_lm_output_kl,retrieval,synthetic,niah,synthetic-filler,2k,0.5,exact_match,100.0,5,/home/sagemaker-user/atma/benchmarks/logs/foveal_cpt/smoke_retrieval_synthetic_nope_lm_output_kl_2c779f336e.log
nope_lm_output_kl,retrieval,synthetic,niah,synthetic-filler,2k,0.5,nll_nats_per_token,0.355936154127121,10,/home/sagemaker-user/atma/benchmarks/logs/foveal_cpt/retrieval_retrieval_synthetic_nope_lm_output_kl_5741e1a7cf.log
nope_lm_output_kl,retrieval,synthetic,niah,synthetic-filler,2k,0.5,nll_nats_per_token,0.3697183609008789,2,/home/sagemaker-user/atma/benchmarks/logs/foveal_cpt/smoke_retrieval_synthetic_nope_lm_output_kl_0823e93d97.log
nope_lm_output_kl,retrieval,synthetic,niah,synthetic-filler,2k,0.5,nll_nats_per_token,0.31361950159072877,5,/home/sagemaker-user/atma/benchmarks/logs/foveal_cpt/smoke_retrieval_synthetic_nope_lm_output_kl_2c779f336e.log
nope_lm_output_kl,retrieval,synthetic,niah,synthetic-filler,2k,0.5,token_accuracy,100.0,10,/home/sagemaker-user/atma/benchmarks/logs/foveal_cpt/retrieval_retrieval_synthetic_nope_lm_output_kl_5741e1a7cf.log
nope_lm_output_kl,retrieval,synthetic,niah,synthetic-filler,2k,0.5,token_accuracy,100.0,2,/home/sagemaker-user/atma/benchmarks/logs/foveal_cpt/smoke_retrieval_synthetic_nope_lm_output_kl_0823e93d97.log
nope_lm_output_kl,retrieval,synthetic,niah,synthetic-filler,2k,0.5,token_accuracy,100.0,5,/home/sagemaker-user/atma/benchmarks/logs/foveal_cpt/smoke_retrieval_synthetic_nope_lm_output_kl_2c779f336e.log
nope_lm_output_kl,retrieval,synthetic,niah,synthetic-filler,2k,0.9,exact_match,90.0,10,/home/sagemaker-user/atma/benchmarks/logs/foveal_cpt/retrieval_retrieval_synthetic_nope_lm_output_kl_5741e1a7cf.log
nope_lm_output_kl,retrieval,synthetic,niah,synthetic-filler,2k,0.9,nll_nats_per_token,0.2585201406478882,10,/home/sagemaker-user/atma/benchmarks/logs/foveal_cpt/retrieval_retrieval_synthetic_nope_lm_output_kl_5741e1a7cf.log
nope_lm_output_kl,retrieval,synthetic,niah,synthetic-filler,2k,0.9,token_accuracy,98.0,10,/home/sagemaker-user/atma/benchmarks/logs/foveal_cpt/retrieval_retrieval_synthetic_nope_lm_output_kl_5741e1a7cf.log
nope_lm_output_kl,retrieval,synthetic,niah,synthetic-filler,32k,0.1,exact_match,0.0,10,/home/sagemaker-user/atma/benchmarks/logs/foveal_cpt/retrieval_retrieval_synthetic_nope_lm_output_kl_5741e1a7cf.log
nope_lm_output_kl,retrieval,synthetic,niah,synthetic-filler,32k,0.1,nll_nats_per_token,1.4517019557952882,10,/home/sagemaker-user/atma/benchmarks/logs/foveal_cpt/retrieval_retrieval_synthetic_nope_lm_output_kl_5741e1a7cf.log
nope_lm_output_kl,retrieval,synthetic,niah,synthetic-filler,32k,0.1,token_accuracy,80.0,10,/home/sagemaker-user/atma/benchmarks/logs/foveal_cpt/retrieval_retrieval_synthetic_nope_lm_output_kl_5741e1a7cf.log
nope_lm_output_kl,retrieval,synthetic,niah,synthetic-filler,32k,0.5,exact_match,0.0,10,/home/sagemaker-user/atma/benchmarks/logs/foveal_cpt/retrieval_retrieval_synthetic_nope_lm_output_kl_5741e1a7cf.log
nope_lm_output_kl,retrieval,synthetic,niah,synthetic-filler,32k,0.5,nll_nats_per_token,1.3491313743591309,10,/home/sagemaker-user/atma/benchmarks/logs/foveal_cpt/retrieval_retrieval_synthetic_nope_lm_output_kl_5741e1a7cf.log
nope_lm_output_kl,retrieval,synthetic,niah,synthetic-filler,32k,0.5,token_accuracy,80.0,10,/home/sagemaker-user/atma/benchmarks/logs/foveal_cpt/retrieval_retrieval_synthetic_nope_lm_output_kl_5741e1a7cf.log
nope_lm_output_kl,retrieval,synthetic,niah,synthetic-filler,32k,0.9,exact_match,80.0,10,/home/sagemaker-user/atma/benchmarks/logs/foveal_cpt/retrieval_retrieval_synthetic_nope_lm_output_kl_5741e1a7cf.log
nope_lm_output_kl,retrieval,synthetic,niah,synthetic-filler,32k,0.9,nll_nats_per_token,0.642061800956726,10,/home/sagemaker-user/atma/benchmarks/logs/foveal_cpt/retrieval_retrieval_synthetic_nope_lm_output_kl_5741e1a7cf.log
nope_lm_output_kl,retrieval,synthetic,niah,synthetic-filler,32k,0.9,token_accuracy,96.0,10,/home/sagemaker-user/atma/benchmarks/logs/foveal_cpt/retrieval_retrieval_synthetic_nope_lm_output_kl_5741e1a7cf.log
nope_lm_output_kl,retrieval,synthetic,niah,synthetic-filler,4k,0.1,exact_match,90.0,10,/home/sagemaker-user/atma/benchmarks/logs/foveal_cpt/retrieval_retrieval_synthetic_nope_lm_output_kl_5741e1a7cf.log
nope_lm_output_kl,retrieval,synthetic,niah,synthetic-filler,4k,0.1,nll_nats_per_token,0.24776433587074279,10,/home/sagemaker-user/atma/benchmarks/logs/foveal_cpt/retrieval_retrieval_synthetic_nope_lm_output_kl_5741e1a7cf.log
nope_lm_output_kl,retrieval,synthetic,niah,synthetic-filler,4k,0.1,token_accuracy,98.0,10,/home/sagemaker-user/atma/benchmarks/logs/foveal_cpt/retrieval_retrieval_synthetic_nope_lm_output_kl_5741e1a7cf.log
nope_lm_output_kl,retrieval,synthetic,niah,synthetic-filler,4k,0.5,exact_match,100.0,10,/home/sagemaker-user/atma/benchmarks/logs/foveal_cpt/retrieval_retrieval_synthetic_nope_lm_output_kl_5741e1a7cf.log
nope_lm_output_kl,retrieval,synthetic,niah,synthetic-filler,4k,0.5,nll_nats_per_token,0.29867430448532106,10,/home/sagemaker-user/atma/benchmarks/logs/foveal_cpt/retrieval_retrieval_synthetic_nope_lm_output_kl_5741e1a7cf.log
nope_lm_output_kl,retrieval,synthetic,niah,synthetic-filler,4k,0.5,token_accuracy,100.0,10,/home/sagemaker-user/atma/benchmarks/logs/foveal_cpt/retrieval_retrieval_synthetic_nope_lm_output_kl_5741e1a7cf.log
nope_lm_output_kl,retrieval,synthetic,niah,synthetic-filler,4k,0.9,exact_match,90.0,10,/home/sagemaker-user/atma/benchmarks/logs/foveal_cpt/retrieval_retrieval_synthetic_nope_lm_output_kl_5741e1a7cf.log
nope_lm_output_kl,retrieval,synthetic,niah,synthetic-filler,4k,0.9,nll_nats_per_token,0.26254106640815733,10,/home/sagemaker-user/atma/benchmarks/logs/foveal_cpt/retrieval_retrieval_synthetic_nope_lm_output_kl_5741e1a7cf.log
nope_lm_output_kl,retrieval,synthetic,niah,synthetic-filler,4k,0.9,token_accuracy,98.0,10,/home/sagemaker-user/atma/benchmarks/logs/foveal_cpt/retrieval_retrieval_synthetic_nope_lm_output_kl_5741e1a7cf.log
nope_lm_output_kl,retrieval,synthetic,niah,synthetic-filler,64k,0.1,exact_match,0.0,10,/home/sagemaker-user/atma/benchmarks/logs/foveal_cpt/retrieval_retrieval_synthetic_nope_lm_output_kl_5741e1a7cf.log
nope_lm_output_kl,retrieval,synthetic,niah,synthetic-filler,64k,0.1,nll_nats_per_token,1.669935760498047,10,/home/sagemaker-user/atma/benchmarks/logs/foveal_cpt/retrieval_retrieval_synthetic_nope_lm_output_kl_5741e1a7cf.log
nope_lm_output_kl,retrieval,synthetic,niah,synthetic-filler,64k,0.1,token_accuracy,80.0,10,/home/sagemaker-user/atma/benchmarks/logs/foveal_cpt/retrieval_retrieval_synthetic_nope_lm_output_kl_5741e1a7cf.log
nope_lm_output_kl,retrieval,synthetic,niah,synthetic-filler,64k,0.5,exact_match,0.0,10,/home/sagemaker-user/atma/benchmarks/logs/foveal_cpt/retrieval_retrieval_synthetic_nope_lm_output_kl_5741e1a7cf.log
nope_lm_output_kl,retrieval,synthetic,niah,synthetic-filler,64k,0.5,nll_nats_per_token,1.4483039951324463,10,/home/sagemaker-user/atma/benchmarks/logs/foveal_cpt/retrieval_retrieval_synthetic_nope_lm_output_kl_5741e1a7cf.log
nope_lm_output_kl,retrieval,synthetic,niah,synthetic-filler,64k,0.5,token_accuracy,80.0,10,/home/sagemaker-user/atma/benchmarks/logs/foveal_cpt/retrieval_retrieval_synthetic_nope_lm_output_kl_5741e1a7cf.log
nope_lm_output_kl,retrieval,synthetic,niah,synthetic-filler,64k,0.9,exact_match,30.0,10,/home/sagemaker-user/atma/benchmarks/logs/foveal_cpt/retrieval_retrieval_synthetic_nope_lm_output_kl_5741e1a7cf.log
nope_lm_output_kl,retrieval,synthetic,niah,synthetic-filler,64k,0.9,nll_nats_per_token,1.2435546255111694,10,/home/sagemaker-user/atma/benchmarks/logs/foveal_cpt/retrieval_retrieval_synthetic_nope_lm_output_kl_5741e1a7cf.log
nope_lm_output_kl,retrieval,synthetic,niah,synthetic-filler,64k,0.9,token_accuracy,84.0,10,/home/sagemaker-user/atma/benchmarks/logs/foveal_cpt/retrieval_retrieval_synthetic_nope_lm_output_kl_5741e1a7cf.log
nope_lm_output_kl,retrieval,synthetic,niah,synthetic-filler,8k,0.1,exact_match,0.0,10,/home/sagemaker-user/atma/benchmarks/logs/foveal_cpt/retrieval_retrieval_synthetic_nope_lm_output_kl_5741e1a7cf.log
nope_lm_output_kl,retrieval,synthetic,niah,synthetic-filler,8k,0.1,nll_nats_per_token,1.3263540649414063,10,/home/sagemaker-user/atma/benchmarks/logs/foveal_cpt/retrieval_retrieval_synthetic_nope_lm_output_kl_5741e1a7cf.log
nope_lm_output_kl,retrieval,synthetic,niah,synthetic-filler,8k,0.1,token_accuracy,78.0,10,/home/sagemaker-user/atma/benchmarks/logs/foveal_cpt/retrieval_retrieval_synthetic_nope_lm_output_kl_5741e1a7cf.log
nope_lm_output_kl,retrieval,synthetic,niah,synthetic-filler,8k,0.5,exact_match,0.0,10,/home/sagemaker-user/atma/benchmarks/logs/foveal_cpt/retrieval_retrieval_synthetic_nope_lm_output_kl_5741e1a7cf.log
nope_lm_output_kl,retrieval,synthetic,niah,synthetic-filler,8k,0.5,exact_match,0.0,2,/home/sagemaker-user/atma/benchmarks/logs/foveal_cpt/smoke_retrieval_synthetic_nope_lm_output_kl_0823e93d97.log
nope_lm_output_kl,retrieval,synthetic,niah,synthetic-filler,8k,0.5,exact_match,0.0,5,/home/sagemaker-user/atma/benchmarks/logs/foveal_cpt/smoke_retrieval_synthetic_nope_lm_output_kl_2c779f336e.log
nope_lm_output_kl,retrieval,synthetic,niah,synthetic-filler,8k,0.5,nll_nats_per_token,1.2712549877166748,10,/home/sagemaker-user/atma/benchmarks/logs/foveal_cpt/retrieval_retrieval_synthetic_nope_lm_output_kl_5741e1a7cf.log
nope_lm_output_kl,retrieval,synthetic,niah,synthetic-filler,8k,0.5,nll_nats_per_token,1.3342690467834473,2,/home/sagemaker-user/atma/benchmarks/logs/foveal_cpt/smoke_retrieval_synthetic_nope_lm_output_kl_0823e93d97.log
nope_lm_output_kl,retrieval,synthetic,niah,synthetic-filler,8k,0.5,nll_nats_per_token,1.2562206840515138,5,/home/sagemaker-user/atma/benchmarks/logs/foveal_cpt/smoke_retrieval_synthetic_nope_lm_output_kl_2c779f336e.log
nope_lm_output_kl,retrieval,synthetic,niah,synthetic-filler,8k,0.5,token_accuracy,80.0,10,/home/sagemaker-user/atma/benchmarks/logs/foveal_cpt/retrieval_retrieval_synthetic_nope_lm_output_kl_5741e1a7cf.log
nope_lm_output_kl,retrieval,synthetic,niah,synthetic-filler,8k,0.5,token_accuracy,80.0,2,/home/sagemaker-user/atma/benchmarks/logs/foveal_cpt/smoke_retrieval_synthetic_nope_lm_output_kl_0823e93d97.log
nope_lm_output_kl,retrieval,synthetic,niah,synthetic-filler,8k,0.5,token_accuracy,80.0,5,/home/sagemaker-user/atma/benchmarks/logs/foveal_cpt/smoke_retrieval_synthetic_nope_lm_output_kl_2c779f336e.log
nope_lm_output_kl,retrieval,synthetic,niah,synthetic-filler,8k,0.9,exact_match,100.0,10,/home/sagemaker-user/atma/benchmarks/logs/foveal_cpt/retrieval_retrieval_synthetic_nope_lm_output_kl_5741e1a7cf.log
nope_lm_output_kl,retrieval,synthetic,niah,synthetic-filler,8k,0.9,nll_nats_per_token,0.5276773619651794,10,/home/sagemaker-user/atma/benchmarks/logs/foveal_cpt/retrieval_retrieval_synthetic_nope_lm_output_kl_5741e1a7cf.log
nope_lm_output_kl,retrieval,synthetic,niah,synthetic-filler,8k,0.9,token_accuracy,100.0,10,/home/sagemaker-user/atma/benchmarks/logs/foveal_cpt/retrieval_retrieval_synthetic_nope_lm_output_kl_5741e1a7cf.log
nope_lm_output_kl,retrieval,synthetic,passkey,synthetic-filler,128k,0.1,exact_match,0.0,10,/home/sagemaker-user/atma/benchmarks/logs/foveal_cpt/retrieval_retrieval_synthetic_nope_lm_output_kl_5741e1a7cf.log
nope_lm_output_kl,retrieval,synthetic,passkey,synthetic-filler,128k,0.1,nll_nats_per_token,1.3823404979705811,10,/home/sagemaker-user/atma/benchmarks/logs/foveal_cpt/retrieval_retrieval_synthetic_nope_lm_output_kl_5741e1a7cf.log
nope_lm_output_kl,retrieval,synthetic,passkey,synthetic-filler,128k,0.1,token_accuracy,76.0,10,/home/sagemaker-user/atma/benchmarks/logs/foveal_cpt/retrieval_retrieval_synthetic_nope_lm_output_kl_5741e1a7cf.log
nope_lm_output_kl,retrieval,synthetic,passkey,synthetic-filler,128k,0.5,exact_match,0.0,10,/home/sagemaker-user/atma/benchmarks/logs/foveal_cpt/retrieval_retrieval_synthetic_nope_lm_output_kl_5741e1a7cf.log
nope_lm_output_kl,retrieval,synthetic,passkey,synthetic-filler,128k,0.5,nll_nats_per_token,1.3858894252777099,10,/home/sagemaker-user/atma/benchmarks/logs/foveal_cpt/retrieval_retrieval_synthetic_nope_lm_output_kl_5741e1a7cf.log
nope_lm_output_kl,retrieval,synthetic,passkey,synthetic-filler,128k,0.5,token_accuracy,72.0,10,/home/sagemaker-user/atma/benchmarks/logs/foveal_cpt/retrieval_retrieval_synthetic_nope_lm_output_kl_5741e1a7cf.log
nope_lm_output_kl,retrieval,synthetic,passkey,synthetic-filler,128k,0.9,exact_match,70.0,10,/home/sagemaker-user/atma/benchmarks/logs/foveal_cpt/retrieval_retrieval_synthetic_nope_lm_output_kl_5741e1a7cf.log
nope_lm_output_kl,retrieval,synthetic,passkey,synthetic-filler,128k,0.9,nll_nats_per_token,0.6222344088554382,10,/home/sagemaker-user/atma/benchmarks/logs/foveal_cpt/retrieval_retrieval_synthetic_nope_lm_output_kl_5741e1a7cf.log
nope_lm_output_kl,retrieval,synthetic,passkey,synthetic-filler,128k,0.9,token_accuracy,94.0,10,/home/sagemaker-user/atma/benchmarks/logs/foveal_cpt/retrieval_retrieval_synthetic_nope_lm_output_kl_5741e1a7cf.log
nope_lm_output_kl,retrieval,synthetic,passkey,synthetic-filler,16k,0.1,exact_match,0.0,10,/home/sagemaker-user/atma/benchmarks/logs/foveal_cpt/retrieval_retrieval_synthetic_nope_lm_output_kl_5741e1a7cf.log
nope_lm_output_kl,retrieval,synthetic,passkey,synthetic-filler,16k,0.1,nll_nats_per_token,1.4531403160095215,10,/home/sagemaker-user/atma/benchmarks/logs/foveal_cpt/retrieval_retrieval_synthetic_nope_lm_output_kl_5741e1a7cf.log
nope_lm_output_kl,retrieval,synthetic,passkey,synthetic-filler,16k,0.1,token_accuracy,78.0,10,/home/sagemaker-user/atma/benchmarks/logs/foveal_cpt/retrieval_retrieval_synthetic_nope_lm_output_kl_5741e1a7cf.log
nope_lm_output_kl,retrieval,synthetic,passkey,synthetic-filler,16k,0.5,exact_match,0.0,10,/home/sagemaker-user/atma/benchmarks/logs/foveal_cpt/retrieval_retrieval_synthetic_nope_lm_output_kl_5741e1a7cf.log
nope_lm_output_kl,retrieval,synthetic,passkey,synthetic-filler,16k,0.5,nll_nats_per_token,1.457402410507202,10,/home/sagemaker-user/atma/benchmarks/logs/foveal_cpt/retrieval_retrieval_synthetic_nope_lm_output_kl_5741e1a7cf.log
nope_lm_output_kl,retrieval,synthetic,passkey,synthetic-filler,16k,0.5,token_accuracy,76.0,10,/home/sagemaker-user/atma/benchmarks/logs/foveal_cpt/retrieval_retrieval_synthetic_nope_lm_output_kl_5741e1a7cf.log
nope_lm_output_kl,retrieval,synthetic,passkey,synthetic-filler,16k,0.9,exact_match,10.0,10,/home/sagemaker-user/atma/benchmarks/logs/foveal_cpt/retrieval_retrieval_synthetic_nope_lm_output_kl_5741e1a7cf.log
nope_lm_output_kl,retrieval,synthetic,passkey,synthetic-filler,16k,0.9,nll_nats_per_token,1.3923789978027343,10,/home/sagemaker-user/atma/benchmarks/logs/foveal_cpt/retrieval_retrieval_synthetic_nope_lm_output_kl_5741e1a7cf.log
nope_lm_output_kl,retrieval,synthetic,passkey,synthetic-filler,16k,0.9,token_accuracy,76.0,10,/home/sagemaker-user/atma/benchmarks/logs/foveal_cpt/retrieval_retrieval_synthetic_nope_lm_output_kl_5741e1a7cf.log
nope_lm_output_kl,retrieval,synthetic,passkey,synthetic-filler,256k,0.1,exact_match,0.0,10,/home/sagemaker-user/atma/benchmarks/logs/foveal_cpt/retrieval_retrieval_synthetic_nope_lm_output_kl_5741e1a7cf.log
nope_lm_output_kl,retrieval,synthetic,passkey,synthetic-filler,256k,0.1,nll_nats_per_token,1.5343281841278076,10,/home/sagemaker-user/atma/benchmarks/logs/foveal_cpt/retrieval_retrieval_synthetic_nope_lm_output_kl_5741e1a7cf.log
nope_lm_output_kl,retrieval,synthetic,passkey,synthetic-filler,256k,0.1,token_accuracy,76.0,10,/home/sagemaker-user/atma/benchmarks/logs/foveal_cpt/retrieval_retrieval_synthetic_nope_lm_output_kl_5741e1a7cf.log
nope_lm_output_kl,retrieval,synthetic,passkey,synthetic-filler,256k,0.5,exact_match,0.0,10,/home/sagemaker-user/atma/benchmarks/logs/foveal_cpt/retrieval_retrieval_synthetic_nope_lm_output_kl_5741e1a7cf.log
nope_lm_output_kl,retrieval,synthetic,passkey,synthetic-filler,256k,0.5,nll_nats_per_token,1.2955564212799073,10,/home/sagemaker-user/atma/benchmarks/logs/foveal_cpt/retrieval_retrieval_synthetic_nope_lm_output_kl_5741e1a7cf.log
nope_lm_output_kl,retrieval,synthetic,passkey,synthetic-filler,256k,0.5,token_accuracy,76.0,10,/home/sagemaker-user/atma/benchmarks/logs/foveal_cpt/retrieval_retrieval_synthetic_nope_lm_output_kl_5741e1a7cf.log
nope_lm_output_kl,retrieval,synthetic,passkey,synthetic-filler,256k,0.9,exact_match,20.0,10,/home/sagemaker-user/atma/benchmarks/logs/foveal_cpt/retrieval_retrieval_synthetic_nope_lm_output_kl_5741e1a7cf.log
nope_lm_output_kl,retrieval,synthetic,passkey,synthetic-filler,256k,0.9,nll_nats_per_token,1.3085560584068299,10,/home/sagemaker-user/atma/benchmarks/logs/foveal_cpt/retrieval_retrieval_synthetic_nope_lm_output_kl_5741e1a7cf.log
nope_lm_output_kl,retrieval,synthetic,passkey,synthetic-filler,256k,0.9,token_accuracy,80.0,10,/home/sagemaker-user/atma/benchmarks/logs/foveal_cpt/retrieval_retrieval_synthetic_nope_lm_output_kl_5741e1a7cf.log
nope_lm_output_kl,retrieval,synthetic,passkey,synthetic-filler,2k,0.1,exact_match,90.0,10,/home/sagemaker-user/atma/benchmarks/logs/foveal_cpt/retrieval_retrieval_synthetic_nope_lm_output_kl_5741e1a7cf.log
nope_lm_output_kl,retrieval,synthetic,passkey,synthetic-filler,2k,0.1,nll_nats_per_token,0.23212023973464965,10,/home/sagemaker-user/atma/benchmarks/logs/foveal_cpt/retrieval_retrieval_synthetic_nope_lm_output_kl_5741e1a7cf.log
nope_lm_output_kl,retrieval,synthetic,passkey,synthetic-filler,2k,0.1,token_accuracy,98.0,10,/home/sagemaker-user/atma/benchmarks/logs/foveal_cpt/retrieval_retrieval_synthetic_nope_lm_output_kl_5741e1a7cf.log
nope_lm_output_kl,retrieval,synthetic,passkey,synthetic-filler,2k,0.5,exact_match,70.0,10,/home/sagemaker-user/atma/benchmarks/logs/foveal_cpt/retrieval_retrieval_synthetic_nope_lm_output_kl_5741e1a7cf.log
nope_lm_output_kl,retrieval,synthetic,passkey,synthetic-filler,2k,0.5,exact_match,50.0,2,/home/sagemaker-user/atma/benchmarks/logs/foveal_cpt/smoke_retrieval_synthetic_nope_lm_output_kl_0823e93d97.log
nope_lm_output_kl,retrieval,synthetic,passkey,synthetic-filler,2k,0.5,exact_match,80.0,5,/home/sagemaker-user/atma/benchmarks/logs/foveal_cpt/smoke_retrieval_synthetic_nope_lm_output_kl_2c779f336e.log
nope_lm_output_kl,retrieval,synthetic,passkey,synthetic-filler,2k,0.5,nll_nats_per_token,0.6370323944091797,10,/home/sagemaker-user/atma/benchmarks/logs/foveal_cpt/retrieval_retrieval_synthetic_nope_lm_output_kl_5741e1a7cf.log
nope_lm_output_kl,retrieval,synthetic,passkey,synthetic-filler,2k,0.5,nll_nats_per_token,0.94475417137146,2,/home/sagemaker-user/atma/benchmarks/logs/foveal_cpt/smoke_retrieval_synthetic_nope_lm_output_kl_0823e93d97.log
nope_lm_output_kl,retrieval,synthetic,passkey,synthetic-filler,2k,0.5,nll_nats_per_token,0.6471719408035278,5,/home/sagemaker-user/atma/benchmarks/logs/foveal_cpt/smoke_retrieval_synthetic_nope_lm_output_kl_2c779f336e.log
nope_lm_output_kl,retrieval,synthetic,passkey,synthetic-filler,2k,0.5,token_accuracy,94.0,10,/home/sagemaker-user/atma/benchmarks/logs/foveal_cpt/retrieval_retrieval_synthetic_nope_lm_output_kl_5741e1a7cf.log
nope_lm_output_kl,retrieval,synthetic,passkey,synthetic-filler,2k,0.5,token_accuracy,90.0,2,/home/sagemaker-user/atma/benchmarks/logs/foveal_cpt/smoke_retrieval_synthetic_nope_lm_output_kl_0823e93d97.log
nope_lm_output_kl,retrieval,synthetic,passkey,synthetic-filler,2k,0.5,token_accuracy,96.0,5,/home/sagemaker-user/atma/benchmarks/logs/foveal_cpt/smoke_retrieval_synthetic_nope_lm_output_kl_2c779f336e.log
nope_lm_output_kl,retrieval,synthetic,passkey,synthetic-filler,2k,0.9,exact_match,90.0,10,/home/sagemaker-user/atma/benchmarks/logs/foveal_cpt/retrieval_retrieval_synthetic_nope_lm_output_kl_5741e1a7cf.log
nope_lm_output_kl,retrieval,synthetic,passkey,synthetic-filler,2k,0.9,nll_nats_per_token,0.2349706172943115,10,/home/sagemaker-user/atma/benchmarks/logs/foveal_cpt/retrieval_retrieval_synthetic_nope_lm_output_kl_5741e1a7cf.log
nope_lm_output_kl,retrieval,synthetic,passkey,synthetic-filler,2k,0.9,token_accuracy,98.0,10,/home/sagemaker-user/atma/benchmarks/logs/foveal_cpt/retrieval_retrieval_synthetic_nope_lm_output_kl_5741e1a7cf.log
nope_lm_output_kl,retrieval,synthetic,passkey,synthetic-filler,32k,0.1,exact_match,0.0,10,/home/sagemaker-user/atma/benchmarks/logs/foveal_cpt/retrieval_retrieval_synthetic_nope_lm_output_kl_5741e1a7cf.log
nope_lm_output_kl,retrieval,synthetic,passkey,synthetic-filler,32k,0.1,nll_nats_per_token,1.3969959831237793,10,/home/sagemaker-user/atma/benchmarks/logs/foveal_cpt/retrieval_retrieval_synthetic_nope_lm_output_kl_5741e1a7cf.log
nope_lm_output_kl,retrieval,synthetic,passkey,synthetic-filler,32k,0.1,token_accuracy,78.0,10,/home/sagemaker-user/atma/benchmarks/logs/foveal_cpt/retrieval_retrieval_synthetic_nope_lm_output_kl_5741e1a7cf.log
nope_lm_output_kl,retrieval,synthetic,passkey,synthetic-filler,32k,0.5,exact_match,0.0,10,/home/sagemaker-user/atma/benchmarks/logs/foveal_cpt/retrieval_retrieval_synthetic_nope_lm_output_kl_5741e1a7cf.log
nope_lm_output_kl,retrieval,synthetic,passkey,synthetic-filler,32k,0.5,nll_nats_per_token,1.381716356277466,10,/home/sagemaker-user/atma/benchmarks/logs/foveal_cpt/retrieval_retrieval_synthetic_nope_lm_output_kl_5741e1a7cf.log
nope_lm_output_kl,retrieval,synthetic,passkey,synthetic-filler,32k,0.5,token_accuracy,78.0,10,/home/sagemaker-user/atma/benchmarks/logs/foveal_cpt/retrieval_retrieval_synthetic_nope_lm_output_kl_5741e1a7cf.log
nope_lm_output_kl,retrieval,synthetic,passkey,synthetic-filler,32k,0.9,exact_match,0.0,10,/home/sagemaker-user/atma/benchmarks/logs/foveal_cpt/retrieval_retrieval_synthetic_nope_lm_output_kl_5741e1a7cf.log
nope_lm_output_kl,retrieval,synthetic,passkey,synthetic-filler,32k,0.9,nll_nats_per_token,1.4130334758758545,10,/home/sagemaker-user/atma/benchmarks/logs/foveal_cpt/retrieval_retrieval_synthetic_nope_lm_output_kl_5741e1a7cf.log
nope_lm_output_kl,retrieval,synthetic,passkey,synthetic-filler,32k,0.9,token_accuracy,76.0,10,/home/sagemaker-user/atma/benchmarks/logs/foveal_cpt/retrieval_retrieval_synthetic_nope_lm_output_kl_5741e1a7cf.log
nope_lm_output_kl,retrieval,synthetic,passkey,synthetic-filler,4k,0.1,exact_match,90.0,10,/home/sagemaker-user/atma/benchmarks/logs/foveal_cpt/retrieval_retrieval_synthetic_nope_lm_output_kl_5741e1a7cf.log
nope_lm_output_kl,retrieval,synthetic,passkey,synthetic-filler,4k,0.1,nll_nats_per_token,0.20382974147796631,10,/home/sagemaker-user/atma/benchmarks/logs/foveal_cpt/retrieval_retrieval_synthetic_nope_lm_output_kl_5741e1a7cf.log
nope_lm_output_kl,retrieval,synthetic,passkey,synthetic-filler,4k,0.1,token_accuracy,98.0,10,/home/sagemaker-user/atma/benchmarks/logs/foveal_cpt/retrieval_retrieval_synthetic_nope_lm_output_kl_5741e1a7cf.log
nope_lm_output_kl,retrieval,synthetic,passkey,synthetic-filler,4k,0.5,exact_match,0.0,10,/home/sagemaker-user/atma/benchmarks/logs/foveal_cpt/retrieval_retrieval_synthetic_nope_lm_output_kl_5741e1a7cf.log
nope_lm_output_kl,retrieval,synthetic,passkey,synthetic-filler,4k,0.5,nll_nats_per_token,1.2506684398651122,10,/home/sagemaker-user/atma/benchmarks/logs/foveal_cpt/retrieval_retrieval_synthetic_nope_lm_output_kl_5741e1a7cf.log
nope_lm_output_kl,retrieval,synthetic,passkey,synthetic-filler,4k,0.5,token_accuracy,78.0,10,/home/sagemaker-user/atma/benchmarks/logs/foveal_cpt/retrieval_retrieval_synthetic_nope_lm_output_kl_5741e1a7cf.log
nope_lm_output_kl,retrieval,synthetic,passkey,synthetic-filler,4k,0.9,exact_match,80.0,10,/home/sagemaker-user/atma/benchmarks/logs/foveal_cpt/retrieval_retrieval_synthetic_nope_lm_output_kl_5741e1a7cf.log
nope_lm_output_kl,retrieval,synthetic,passkey,synthetic-filler,4k,0.9,nll_nats_per_token,0.266784029006958,10,/home/sagemaker-user/atma/benchmarks/logs/foveal_cpt/retrieval_retrieval_synthetic_nope_lm_output_kl_5741e1a7cf.log
nope_lm_output_kl,retrieval,synthetic,passkey,synthetic-filler,4k,0.9,token_accuracy,96.0,10,/home/sagemaker-user/atma/benchmarks/logs/foveal_cpt/retrieval_retrieval_synthetic_nope_lm_output_kl_5741e1a7cf.log
nope_lm_output_kl,retrieval,synthetic,passkey,synthetic-filler,64k,0.1,exact_match,0.0,10,/home/sagemaker-user/atma/benchmarks/logs/foveal_cpt/retrieval_retrieval_synthetic_nope_lm_output_kl_5741e1a7cf.log
nope_lm_output_kl,retrieval,synthetic,passkey,synthetic-filler,64k,0.1,nll_nats_per_token,1.5961653232574462,10,/home/sagemaker-user/atma/benchmarks/logs/foveal_cpt/retrieval_retrieval_synthetic_nope_lm_output_kl_5741e1a7cf.log
nope_lm_output_kl,retrieval,synthetic,passkey,synthetic-filler,64k,0.1,token_accuracy,76.0,10,/home/sagemaker-user/atma/benchmarks/logs/foveal_cpt/retrieval_retrieval_synthetic_nope_lm_output_kl_5741e1a7cf.log
nope_lm_output_kl,retrieval,synthetic,passkey,synthetic-filler,64k,0.5,exact_match,0.0,10,/home/sagemaker-user/atma/benchmarks/logs/foveal_cpt/retrieval_retrieval_synthetic_nope_lm_output_kl_5741e1a7cf.log
nope_lm_output_kl,retrieval,synthetic,passkey,synthetic-filler,64k,0.5,nll_nats_per_token,1.3460443210601807,10,/home/sagemaker-user/atma/benchmarks/logs/foveal_cpt/retrieval_retrieval_synthetic_nope_lm_output_kl_5741e1a7cf.log
nope_lm_output_kl,retrieval,synthetic,passkey,synthetic-filler,64k,0.5,token_accuracy,78.0,10,/home/sagemaker-user/atma/benchmarks/logs/foveal_cpt/retrieval_retrieval_synthetic_nope_lm_output_kl_5741e1a7cf.log
nope_lm_output_kl,retrieval,synthetic,passkey,synthetic-filler,64k,0.9,exact_match,60.0,10,/home/sagemaker-user/atma/benchmarks/logs/foveal_cpt/retrieval_retrieval_synthetic_nope_lm_output_kl_5741e1a7cf.log
nope_lm_output_kl,retrieval,synthetic,passkey,synthetic-filler,64k,0.9,nll_nats_per_token,0.7793832516670227,10,/home/sagemaker-user/atma/benchmarks/logs/foveal_cpt/retrieval_retrieval_synthetic_nope_lm_output_kl_5741e1a7cf.log
nope_lm_output_kl,retrieval,synthetic,passkey,synthetic-filler,64k,0.9,token_accuracy,88.0,10,/home/sagemaker-user/atma/benchmarks/logs/foveal_cpt/retrieval_retrieval_synthetic_nope_lm_output_kl_5741e1a7cf.log
nope_lm_output_kl,retrieval,synthetic,passkey,synthetic-filler,8k,0.1,exact_match,0.0,10,/home/sagemaker-user/atma/benchmarks/logs/foveal_cpt/retrieval_retrieval_synthetic_nope_lm_output_kl_5741e1a7cf.log
nope_lm_output_kl,retrieval,synthetic,passkey,synthetic-filler,8k,0.1,nll_nats_per_token,1.5395440196990966,10,/home/sagemaker-user/atma/benchmarks/logs/foveal_cpt/retrieval_retrieval_synthetic_nope_lm_output_kl_5741e1a7cf.log
nope_lm_output_kl,retrieval,synthetic,passkey,synthetic-filler,8k,0.1,token_accuracy,78.0,10,/home/sagemaker-user/atma/benchmarks/logs/foveal_cpt/retrieval_retrieval_synthetic_nope_lm_output_kl_5741e1a7cf.log
nope_lm_output_kl,retrieval,synthetic,passkey,synthetic-filler,8k,0.5,exact_match,0.0,10,/home/sagemaker-user/atma/benchmarks/logs/foveal_cpt/retrieval_retrieval_synthetic_nope_lm_output_kl_5741e1a7cf.log
nope_lm_output_kl,retrieval,synthetic,passkey,synthetic-filler,8k,0.5,exact_match,0.0,2,/home/sagemaker-user/atma/benchmarks/logs/foveal_cpt/smoke_retrieval_synthetic_nope_lm_output_kl_0823e93d97.log
nope_lm_output_kl,retrieval,synthetic,passkey,synthetic-filler,8k,0.5,exact_match,0.0,5,/home/sagemaker-user/atma/benchmarks/logs/foveal_cpt/smoke_retrieval_synthetic_nope_lm_output_kl_2c779f336e.log
nope_lm_output_kl,retrieval,synthetic,passkey,synthetic-filler,8k,0.5,nll_nats_per_token,1.2947438526153565,10,/home/sagemaker-user/atma/benchmarks/logs/foveal_cpt/retrieval_retrieval_synthetic_nope_lm_output_kl_5741e1a7cf.log
nope_lm_output_kl,retrieval,synthetic,passkey,synthetic-filler,8k,0.5,nll_nats_per_token,1.2466695308685303,2,/home/sagemaker-user/atma/benchmarks/logs/foveal_cpt/smoke_retrieval_synthetic_nope_lm_output_kl_0823e93d97.log
nope_lm_output_kl,retrieval,synthetic,passkey,synthetic-filler,8k,0.5,nll_nats_per_token,1.2885743141174317,5,/home/sagemaker-user/atma/benchmarks/logs/foveal_cpt/smoke_retrieval_synthetic_nope_lm_output_kl_2c779f336e.log
nope_lm_output_kl,retrieval,synthetic,passkey,synthetic-filler,8k,0.5,token_accuracy,74.0,10,/home/sagemaker-user/atma/benchmarks/logs/foveal_cpt/retrieval_retrieval_synthetic_nope_lm_output_kl_5741e1a7cf.log
nope_lm_output_kl,retrieval,synthetic,passkey,synthetic-filler,8k,0.5,token_accuracy,80.0,2,/home/sagemaker-user/atma/benchmarks/logs/foveal_cpt/smoke_retrieval_synthetic_nope_lm_output_kl_0823e93d97.log
nope_lm_output_kl,retrieval,synthetic,passkey,synthetic-filler,8k,0.5,token_accuracy,76.0,5,/home/sagemaker-user/atma/benchmarks/logs/foveal_cpt/smoke_retrieval_synthetic_nope_lm_output_kl_2c779f336e.log
nope_lm_output_kl,retrieval,synthetic,passkey,synthetic-filler,8k,0.9,exact_match,90.0,10,/home/sagemaker-user/atma/benchmarks/logs/foveal_cpt/retrieval_retrieval_synthetic_nope_lm_output_kl_5741e1a7cf.log
nope_lm_output_kl,retrieval,synthetic,passkey,synthetic-filler,8k,0.9,nll_nats_per_token,0.5706135845184326,10,/home/sagemaker-user/atma/benchmarks/logs/foveal_cpt/retrieval_retrieval_synthetic_nope_lm_output_kl_5741e1a7cf.log
nope_lm_output_kl,retrieval,synthetic,passkey,synthetic-filler,8k,0.9,token_accuracy,98.0,10,/home/sagemaker-user/atma/benchmarks/logs/foveal_cpt/retrieval_retrieval_synthetic_nope_lm_output_kl_5741e1a7cf.log
nope_lm_output_kl,serving,generation,,,128k,,decode_tokens_per_s,480.91266935427956,1,/home/sagemaker-user/atma/benchmarks/logs/foveal_cpt/serving_serving_generation_nope_lm_output_kl_11df92a7d2.log
nope_lm_output_kl,serving,generation,,,128k,,decode_tokens_per_s,478.2396624177395,1,/home/sagemaker-user/atma/benchmarks/logs/foveal_cpt/serving_serving_generation_nope_lm_output_kl_ff976bb83a.log
nope_lm_output_kl,serving,generation,,,128k,,oom,False,1,/home/sagemaker-user/atma/benchmarks/logs/foveal_cpt/serving_serving_generation_nope_lm_output_kl_11df92a7d2.log
nope_lm_output_kl,serving,generation,,,128k,,oom,False,1,/home/sagemaker-user/atma/benchmarks/logs/foveal_cpt/serving_serving_generation_nope_lm_output_kl_ff976bb83a.log
nope_lm_output_kl,serving,generation,,,128k,,peak_allocated_bytes,7655302144,1,/home/sagemaker-user/atma/benchmarks/logs/foveal_cpt/serving_serving_generation_nope_lm_output_kl_11df92a7d2.log
nope_lm_output_kl,serving,generation,,,128k,,peak_allocated_bytes,7655302144,1,/home/sagemaker-user/atma/benchmarks/logs/foveal_cpt/serving_serving_generation_nope_lm_output_kl_ff976bb83a.log
nope_lm_output_kl,serving,generation,,,128k,,peak_reserved_bytes,8067743744,1,/home/sagemaker-user/atma/benchmarks/logs/foveal_cpt/serving_serving_generation_nope_lm_output_kl_11df92a7d2.log
nope_lm_output_kl,serving,generation,,,128k,,peak_reserved_bytes,8067743744,1,/home/sagemaker-user/atma/benchmarks/logs/foveal_cpt/serving_serving_generation_nope_lm_output_kl_ff976bb83a.log
nope_lm_output_kl,serving,generation,,,128k,,prefill_tokens_per_s,157285.79328234037,1,/home/sagemaker-user/atma/benchmarks/logs/foveal_cpt/serving_serving_generation_nope_lm_output_kl_11df92a7d2.log
nope_lm_output_kl,serving,generation,,,128k,,prefill_tokens_per_s,156192.05652428098,1,/home/sagemaker-user/atma/benchmarks/logs/foveal_cpt/serving_serving_generation_nope_lm_output_kl_ff976bb83a.log
nope_lm_output_kl,serving,generation,,,16k,,decode_tokens_per_s,488.67928808616534,1,/home/sagemaker-user/atma/benchmarks/logs/foveal_cpt/serving_serving_generation_nope_lm_output_kl_11df92a7d2.log
nope_lm_output_kl,serving,generation,,,16k,,decode_tokens_per_s,485.24480573426763,1,/home/sagemaker-user/atma/benchmarks/logs/foveal_cpt/serving_serving_generation_nope_lm_output_kl_ff976bb83a.log
nope_lm_output_kl,serving,generation,,,16k,,oom,False,1,/home/sagemaker-user/atma/benchmarks/logs/foveal_cpt/serving_serving_generation_nope_lm_output_kl_11df92a7d2.log
nope_lm_output_kl,serving,generation,,,16k,,oom,False,1,/home/sagemaker-user/atma/benchmarks/logs/foveal_cpt/serving_serving_generation_nope_lm_output_kl_ff976bb83a.log
nope_lm_output_kl,serving,generation,,,16k,,peak_allocated_bytes,1637850112,1,/home/sagemaker-user/atma/benchmarks/logs/foveal_cpt/serving_serving_generation_nope_lm_output_kl_11df92a7d2.log
nope_lm_output_kl,serving,generation,,,16k,,peak_allocated_bytes,1637850112,1,/home/sagemaker-user/atma/benchmarks/logs/foveal_cpt/serving_serving_generation_nope_lm_output_kl_ff976bb83a.log
nope_lm_output_kl,serving,generation,,,16k,,peak_reserved_bytes,1692401664,1,/home/sagemaker-user/atma/benchmarks/logs/foveal_cpt/serving_serving_generation_nope_lm_output_kl_11df92a7d2.log
nope_lm_output_kl,serving,generation,,,16k,,peak_reserved_bytes,1692401664,1,/home/sagemaker-user/atma/benchmarks/logs/foveal_cpt/serving_serving_generation_nope_lm_output_kl_ff976bb83a.log
nope_lm_output_kl,serving,generation,,,16k,,prefill_tokens_per_s,165047.94058567064,1,/home/sagemaker-user/atma/benchmarks/logs/foveal_cpt/serving_serving_generation_nope_lm_output_kl_11df92a7d2.log
nope_lm_output_kl,serving,generation,,,16k,,prefill_tokens_per_s,171084.39396506856,1,/home/sagemaker-user/atma/benchmarks/logs/foveal_cpt/serving_serving_generation_nope_lm_output_kl_ff976bb83a.log
nope_lm_output_kl,serving,generation,,,256k,,decode_tokens_per_s,469.34516097234336,1,/home/sagemaker-user/atma/benchmarks/logs/foveal_cpt/serving_serving_generation_nope_lm_output_kl_ff976bb83a.log
nope_lm_output_kl,serving,generation,,,256k,,oom,False,1,/home/sagemaker-user/atma/benchmarks/logs/foveal_cpt/serving_serving_generation_nope_lm_output_kl_ff976bb83a.log
nope_lm_output_kl,serving,generation,,,256k,,peak_allocated_bytes,14532389888,1,/home/sagemaker-user/atma/benchmarks/logs/foveal_cpt/serving_serving_generation_nope_lm_output_kl_ff976bb83a.log
nope_lm_output_kl,serving,generation,,,256k,,peak_reserved_bytes,15313403904,1,/home/sagemaker-user/atma/benchmarks/logs/foveal_cpt/serving_serving_generation_nope_lm_output_kl_ff976bb83a.log
nope_lm_output_kl,serving,generation,,,256k,,prefill_tokens_per_s,150007.4671107434,1,/home/sagemaker-user/atma/benchmarks/logs/foveal_cpt/serving_serving_generation_nope_lm_output_kl_ff976bb83a.log
nope_lm_output_kl,serving,generation,,,2k,,decode_tokens_per_s,488.4077884581646,1,/home/sagemaker-user/atma/benchmarks/logs/foveal_cpt/serving_serving_generation_nope_lm_output_kl_11df92a7d2.log
nope_lm_output_kl,serving,generation,,,2k,,decode_tokens_per_s,486.7762634916343,1,/home/sagemaker-user/atma/benchmarks/logs/foveal_cpt/serving_serving_generation_nope_lm_output_kl_ff976bb83a.log
nope_lm_output_kl,serving,generation,,,2k,,oom,False,1,/home/sagemaker-user/atma/benchmarks/logs/foveal_cpt/serving_serving_generation_nope_lm_output_kl_11df92a7d2.log
nope_lm_output_kl,serving,generation,,,2k,,oom,False,1,/home/sagemaker-user/atma/benchmarks/logs/foveal_cpt/serving_serving_generation_nope_lm_output_kl_ff976bb83a.log
nope_lm_output_kl,serving,generation,,,2k,,peak_allocated_bytes,887766016,1,/home/sagemaker-user/atma/benchmarks/logs/foveal_cpt/serving_serving_generation_nope_lm_output_kl_11df92a7d2.log
nope_lm_output_kl,serving,generation,,,2k,,peak_allocated_bytes,887766016,1,/home/sagemaker-user/atma/benchmarks/logs/foveal_cpt/serving_serving_generation_nope_lm_output_kl_ff976bb83a.log
nope_lm_output_kl,serving,generation,,,2k,,peak_reserved_bytes,924844032,1,/home/sagemaker-user/atma/benchmarks/logs/foveal_cpt/serving_serving_generation_nope_lm_output_kl_11df92a7d2.log
nope_lm_output_kl,serving,generation,,,2k,,peak_reserved_bytes,924844032,1,/home/sagemaker-user/atma/benchmarks/logs/foveal_cpt/serving_serving_generation_nope_lm_output_kl_ff976bb83a.log
nope_lm_output_kl,serving,generation,,,2k,,prefill_tokens_per_s,12985.581909429498,1,/home/sagemaker-user/atma/benchmarks/logs/foveal_cpt/serving_serving_generation_nope_lm_output_kl_11df92a7d2.log
nope_lm_output_kl,serving,generation,,,2k,,prefill_tokens_per_s,13005.034279532936,1,/home/sagemaker-user/atma/benchmarks/logs/foveal_cpt/serving_serving_generation_nope_lm_output_kl_ff976bb83a.log
nope_lm_output_kl,serving,generation,,,32k,,decode_tokens_per_s,489.5124309372036,1,/home/sagemaker-user/atma/benchmarks/logs/foveal_cpt/serving_serving_generation_nope_lm_output_kl_11df92a7d2.log
nope_lm_output_kl,serving,generation,,,32k,,decode_tokens_per_s,483.91479003768575,1,/home/sagemaker-user/atma/benchmarks/logs/foveal_cpt/serving_serving_generation_nope_lm_output_kl_ff976bb83a.log
nope_lm_output_kl,serving,generation,,,32k,,oom,False,1,/home/sagemaker-user/atma/benchmarks/logs/foveal_cpt/serving_serving_generation_nope_lm_output_kl_11df92a7d2.log
nope_lm_output_kl,serving,generation,,,32k,,oom,False,1,/home/sagemaker-user/atma/benchmarks/logs/foveal_cpt/serving_serving_generation_nope_lm_output_kl_ff976bb83a.log
nope_lm_output_kl,serving,generation,,,32k,,peak_allocated_bytes,2497486336,1,/home/sagemaker-user/atma/benchmarks/logs/foveal_cpt/serving_serving_generation_nope_lm_output_kl_11df92a7d2.log
nope_lm_output_kl,serving,generation,,,32k,,peak_allocated_bytes,2497486336,1,/home/sagemaker-user/atma/benchmarks/logs/foveal_cpt/serving_serving_generation_nope_lm_output_kl_ff976bb83a.log
nope_lm_output_kl,serving,generation,,,32k,,peak_reserved_bytes,2636120064,1,/home/sagemaker-user/atma/benchmarks/logs/foveal_cpt/serving_serving_generation_nope_lm_output_kl_11df92a7d2.log
nope_lm_output_kl,serving,generation,,,32k,,peak_reserved_bytes,2636120064,1,/home/sagemaker-user/atma/benchmarks/logs/foveal_cpt/serving_serving_generation_nope_lm_output_kl_ff976bb83a.log
nope_lm_output_kl,serving,generation,,,32k,,prefill_tokens_per_s,157771.18045553204,1,/home/sagemaker-user/atma/benchmarks/logs/foveal_cpt/serving_serving_generation_nope_lm_output_kl_11df92a7d2.log
nope_lm_output_kl,serving,generation,,,32k,,prefill_tokens_per_s,157615.59571772598,1,/home/sagemaker-user/atma/benchmarks/logs/foveal_cpt/serving_serving_generation_nope_lm_output_kl_ff976bb83a.log
nope_lm_output_kl,serving,generation,,,4k,,decode_tokens_per_s,490.8602451110002,1,/home/sagemaker-user/atma/benchmarks/logs/foveal_cpt/serving_serving_generation_nope_lm_output_kl_11df92a7d2.log
nope_lm_output_kl,serving,generation,,,4k,,decode_tokens_per_s,488.2736190773099,1,/home/sagemaker-user/atma/benchmarks/logs/foveal_cpt/serving_serving_generation_nope_lm_output_kl_ff976bb83a.log
nope_lm_output_kl,serving,generation,,,4k,,oom,False,1,/home/sagemaker-user/atma/benchmarks/logs/foveal_cpt/serving_serving_generation_nope_lm_output_kl_11df92a7d2.log
nope_lm_output_kl,serving,generation,,,4k,,oom,False,1,/home/sagemaker-user/atma/benchmarks/logs/foveal_cpt/serving_serving_generation_nope_lm_output_kl_ff976bb83a.log
nope_lm_output_kl,serving,generation,,,4k,,peak_allocated_bytes,993123328,1,/home/sagemaker-user/atma/benchmarks/logs/foveal_cpt/serving_serving_generation_nope_lm_output_kl_11df92a7d2.log
nope_lm_output_kl,serving,generation,,,4k,,peak_allocated_bytes,993123328,1,/home/sagemaker-user/atma/benchmarks/logs/foveal_cpt/serving_serving_generation_nope_lm_output_kl_ff976bb83a.log
nope_lm_output_kl,serving,generation,,,4k,,peak_reserved_bytes,1088421888,1,/home/sagemaker-user/atma/benchmarks/logs/foveal_cpt/serving_serving_generation_nope_lm_output_kl_11df92a7d2.log
nope_lm_output_kl,serving,generation,,,4k,,peak_reserved_bytes,1088421888,1,/home/sagemaker-user/atma/benchmarks/logs/foveal_cpt/serving_serving_generation_nope_lm_output_kl_ff976bb83a.log
nope_lm_output_kl,serving,generation,,,4k,,prefill_tokens_per_s,126285.9148997579,1,/home/sagemaker-user/atma/benchmarks/logs/foveal_cpt/serving_serving_generation_nope_lm_output_kl_11df92a7d2.log
nope_lm_output_kl,serving,generation,,,4k,,prefill_tokens_per_s,127055.09245421307,1,/home/sagemaker-user/atma/benchmarks/logs/foveal_cpt/serving_serving_generation_nope_lm_output_kl_ff976bb83a.log
nope_lm_output_kl,serving,generation,,,64k,,decode_tokens_per_s,480.77638942039516,1,/home/sagemaker-user/atma/benchmarks/logs/foveal_cpt/serving_serving_generation_nope_lm_output_kl_11df92a7d2.log
nope_lm_output_kl,serving,generation,,,64k,,decode_tokens_per_s,481.98219726531414,1,/home/sagemaker-user/atma/benchmarks/logs/foveal_cpt/serving_serving_generation_nope_lm_output_kl_ff976bb83a.log
nope_lm_output_kl,serving,generation,,,64k,,oom,False,1,/home/sagemaker-user/atma/benchmarks/logs/foveal_cpt/serving_serving_generation_nope_lm_output_kl_11df92a7d2.log
nope_lm_output_kl,serving,generation,,,64k,,oom,False,1,/home/sagemaker-user/atma/benchmarks/logs/foveal_cpt/serving_serving_generation_nope_lm_output_kl_ff976bb83a.log
nope_lm_output_kl,serving,generation,,,64k,,peak_allocated_bytes,4216758272,1,/home/sagemaker-user/atma/benchmarks/logs/foveal_cpt/serving_serving_generation_nope_lm_output_kl_11df92a7d2.log
nope_lm_output_kl,serving,generation,,,64k,,peak_allocated_bytes,4216758272,1,/home/sagemaker-user/atma/benchmarks/logs/foveal_cpt/serving_serving_generation_nope_lm_output_kl_ff976bb83a.log
nope_lm_output_kl,serving,generation,,,64k,,peak_reserved_bytes,4441767936,1,/home/sagemaker-user/atma/benchmarks/logs/foveal_cpt/serving_serving_generation_nope_lm_output_kl_11df92a7d2.log
nope_lm_output_kl,serving,generation,,,64k,,peak_reserved_bytes,4441767936,1,/home/sagemaker-user/atma/benchmarks/logs/foveal_cpt/serving_serving_generation_nope_lm_output_kl_ff976bb83a.log
nope_lm_output_kl,serving,generation,,,64k,,prefill_tokens_per_s,157709.8524940819,1,/home/sagemaker-user/atma/benchmarks/logs/foveal_cpt/serving_serving_generation_nope_lm_output_kl_11df92a7d2.log
nope_lm_output_kl,serving,generation,,,64k,,prefill_tokens_per_s,156261.23701484702,1,/home/sagemaker-user/atma/benchmarks/logs/foveal_cpt/serving_serving_generation_nope_lm_output_kl_ff976bb83a.log
nope_lm_output_kl,serving,generation,,,8k,,decode_tokens_per_s,490.8530348834198,1,/home/sagemaker-user/atma/benchmarks/logs/foveal_cpt/serving_serving_generation_nope_lm_output_kl_11df92a7d2.log
nope_lm_output_kl,serving,generation,,,8k,,decode_tokens_per_s,488.61643684430015,1,/home/sagemaker-user/atma/benchmarks/logs/foveal_cpt/serving_serving_generation_nope_lm_output_kl_ff976bb83a.log
nope_lm_output_kl,serving,generation,,,8k,,oom,False,1,/home/sagemaker-user/atma/benchmarks/logs/foveal_cpt/serving_serving_generation_nope_lm_output_kl_11df92a7d2.log
nope_lm_output_kl,serving,generation,,,8k,,oom,False,1,/home/sagemaker-user/atma/benchmarks/logs/foveal_cpt/serving_serving_generation_nope_lm_output_kl_ff976bb83a.log
nope_lm_output_kl,serving,generation,,,8k,,peak_allocated_bytes,1208032256,1,/home/sagemaker-user/atma/benchmarks/logs/foveal_cpt/serving_serving_generation_nope_lm_output_kl_11df92a7d2.log
nope_lm_output_kl,serving,generation,,,8k,,peak_allocated_bytes,1208032256,1,/home/sagemaker-user/atma/benchmarks/logs/foveal_cpt/serving_serving_generation_nope_lm_output_kl_ff976bb83a.log
nope_lm_output_kl,serving,generation,,,8k,,peak_reserved_bytes,1254096896,1,/home/sagemaker-user/atma/benchmarks/logs/foveal_cpt/serving_serving_generation_nope_lm_output_kl_11df92a7d2.log
nope_lm_output_kl,serving,generation,,,8k,,peak_reserved_bytes,1254096896,1,/home/sagemaker-user/atma/benchmarks/logs/foveal_cpt/serving_serving_generation_nope_lm_output_kl_ff976bb83a.log
nope_lm_output_kl,serving,generation,,,8k,,prefill_tokens_per_s,152173.52917229512,1,/home/sagemaker-user/atma/benchmarks/logs/foveal_cpt/serving_serving_generation_nope_lm_output_kl_11df92a7d2.log
nope_lm_output_kl,serving,generation,,,8k,,prefill_tokens_per_s,160593.28869740688,1,/home/sagemaker-user/atma/benchmarks/logs/foveal_cpt/serving_serving_generation_nope_lm_output_kl_ff976bb83a.log
nope_lm_output_kl,serving,generation,,,,,max_successful_context_tokens,131072,,/home/sagemaker-user/atma/benchmarks/logs/foveal_cpt/serving_serving_generation_nope_lm_output_kl_11df92a7d2.log
nope_lm_output_kl,serving,generation,,,,,max_successful_context_tokens,262144,,/home/sagemaker-user/atma/benchmarks/logs/foveal_cpt/serving_serving_generation_nope_lm_output_kl_ff976bb83a.log
nope_local,base,zero_shot,arc_challenge,,,,accuracy,0.26421404682274247,299,/home/sagemaker-user/atma/benchmarks/logs/foveal_cpt/base_base_zero_shot_nope_local_fa933ef322.log
nope_local,base,zero_shot,arc_challenge,,,,accuracy_norm,0.3110367892976589,299,/home/sagemaker-user/atma/benchmarks/logs/foveal_cpt/base_base_zero_shot_nope_local_fa933ef322.log
nope_local,base,zero_shot,arc_easy,,,,accuracy,0.5842105263157895,570,/home/sagemaker-user/atma/benchmarks/logs/foveal_cpt/base_base_zero_shot_nope_local_fa933ef322.log
nope_local,base,zero_shot,arc_easy,,,,accuracy_norm,0.4964912280701754,570,/home/sagemaker-user/atma/benchmarks/logs/foveal_cpt/base_base_zero_shot_nope_local_fa933ef322.log
nope_local,base,zero_shot,boolq,,,,accuracy,0.5975535168195719,3270,/home/sagemaker-user/atma/benchmarks/logs/foveal_cpt/base_base_zero_shot_nope_local_fa933ef322.log
nope_local,base,zero_shot,boolq,,,,accuracy_norm,0.5975535168195719,3270,/home/sagemaker-user/atma/benchmarks/logs/foveal_cpt/base_base_zero_shot_nope_local_fa933ef322.log
nope_local,base,zero_shot,hellaswag,,,,accuracy,0.3265285799641506,10042,/home/sagemaker-user/atma/benchmarks/logs/foveal_cpt/base_base_zero_shot_nope_local_fa933ef322.log
nope_local,base,zero_shot,hellaswag,,,,accuracy_norm,0.3805018920533758,10042,/home/sagemaker-user/atma/benchmarks/logs/foveal_cpt/base_base_zero_shot_nope_local_fa933ef322.log
nope_local,base,zero_shot,lambada,,,,accuracy,0.2965262953619251,5153,/home/sagemaker-user/atma/benchmarks/logs/foveal_cpt/base_base_zero_shot_nope_local_fa933ef322.log
nope_local,base,zero_shot,lambada,,,,target_nll,3.044268903877262,5153,/home/sagemaker-user/atma/benchmarks/logs/foveal_cpt/base_base_zero_shot_nope_local_fa933ef322.log
nope_local,base,zero_shot,lambada,,,,target_perplexity,20.994676464107403,5153,/home/sagemaker-user/atma/benchmarks/logs/foveal_cpt/base_base_zero_shot_nope_local_fa933ef322.log
nope_local,base,zero_shot,openbookqa,,,,accuracy,0.216,500,/home/sagemaker-user/atma/benchmarks/logs/foveal_cpt/base_base_zero_shot_nope_local_fa933ef322.log
nope_local,base,zero_shot,openbookqa,,,,accuracy_norm,0.318,500,/home/sagemaker-user/atma/benchmarks/logs/foveal_cpt/base_base_zero_shot_nope_local_fa933ef322.log
nope_local,base,zero_shot,piqa,,,,accuracy,0.6621327529923831,1838,/home/sagemaker-user/atma/benchmarks/logs/foveal_cpt/base_base_zero_shot_nope_local_fa933ef322.log
nope_local,base,zero_shot,piqa,,,,accuracy_norm,0.6643090315560392,1838,/home/sagemaker-user/atma/benchmarks/logs/foveal_cpt/base_base_zero_shot_nope_local_fa933ef322.log
nope_local,base,zero_shot,winogrande,,,,accuracy,0.5153906866614049,1267,/home/sagemaker-user/atma/benchmarks/logs/foveal_cpt/base_base_zero_shot_nope_local_fa933ef322.log
nope_local,base,zero_shot,winogrande,,,,accuracy_norm,0.5146014206787688,1267,/home/sagemaker-user/atma/benchmarks/logs/foveal_cpt/base_base_zero_shot_nope_local_fa933ef322.log
nope_local,longdoc,fixed_target,,codelion/finepdfs-1B,128k,,bits_per_byte,1.061209544122612,4,/home/sagemaker-user/atma/benchmarks/logs/foveal_cpt/longdoc_longdoc_fixed_target_nope_local_75bb82a1da.log
nope_local,longdoc,fixed_target,,codelion/finepdfs-1B,128k,,nll_nats_per_token,1.2592401653528214,4,/home/sagemaker-user/atma/benchmarks/logs/foveal_cpt/longdoc_longdoc_fixed_target_nope_local_75bb82a1da.log
nope_local,longdoc,fixed_target,,codelion/finepdfs-1B,128k,,perplexity,3.5227437674144024,4,/home/sagemaker-user/atma/benchmarks/logs/foveal_cpt/longdoc_longdoc_fixed_target_nope_local_75bb82a1da.log
nope_local,longdoc,fixed_target,,codelion/finepdfs-1B,16k,,bits_per_byte,1.061463424656736,4,/home/sagemaker-user/atma/benchmarks/logs/foveal_cpt/longdoc_longdoc_fixed_target_nope_local_75bb82a1da.log
nope_local,longdoc,fixed_target,,codelion/finepdfs-1B,16k,,nll_nats_per_token,1.2595414221286774,4,/home/sagemaker-user/atma/benchmarks/logs/foveal_cpt/longdoc_longdoc_fixed_target_nope_local_75bb82a1da.log
nope_local,longdoc,fixed_target,,codelion/finepdfs-1B,16k,,perplexity,3.5238051777144355,4,/home/sagemaker-user/atma/benchmarks/logs/foveal_cpt/longdoc_longdoc_fixed_target_nope_local_75bb82a1da.log
nope_local,longdoc,fixed_target,,codelion/finepdfs-1B,256k,,bits_per_byte,1.0615380178393394,4,/home/sagemaker-user/atma/benchmarks/logs/foveal_cpt/longdoc_longdoc_fixed_target_nope_local_75bb82a1da.log
nope_local,longdoc,fixed_target,,codelion/finepdfs-1B,256k,,nll_nats_per_token,1.2596299350261688,4,/home/sagemaker-user/atma/benchmarks/logs/foveal_cpt/longdoc_longdoc_fixed_target_nope_local_75bb82a1da.log
nope_local,longdoc,fixed_target,,codelion/finepdfs-1B,256k,,perplexity,3.524117093725002,4,/home/sagemaker-user/atma/benchmarks/logs/foveal_cpt/longdoc_longdoc_fixed_target_nope_local_75bb82a1da.log
nope_local,longdoc,fixed_target,,codelion/finepdfs-1B,2k,,bits_per_byte,1.0504862592545838,4,/home/sagemaker-user/atma/benchmarks/logs/foveal_cpt/longdoc_longdoc_fixed_target_nope_local_75bb82a1da.log
nope_local,longdoc,fixed_target,,codelion/finepdfs-1B,2k,,nll_nats_per_token,1.2465158253908157,4,/home/sagemaker-user/atma/benchmarks/logs/foveal_cpt/longdoc_longdoc_fixed_target_nope_local_75bb82a1da.log
nope_local,longdoc,fixed_target,,codelion/finepdfs-1B,2k,,perplexity,3.4782031540304446,4,/home/sagemaker-user/atma/benchmarks/logs/foveal_cpt/longdoc_longdoc_fixed_target_nope_local_75bb82a1da.log
nope_local,longdoc,fixed_target,,codelion/finepdfs-1B,32k,,bits_per_byte,1.0658464899278606,4,/home/sagemaker-user/atma/benchmarks/logs/foveal_cpt/longdoc_longdoc_fixed_target_nope_local_75bb82a1da.log
nope_local,longdoc,fixed_target,,codelion/finepdfs-1B,32k,,nll_nats_per_token,1.2647424042224884,4,/home/sagemaker-user/atma/benchmarks/logs/foveal_cpt/longdoc_longdoc_fixed_target_nope_local_75bb82a1da.log
nope_local,longdoc,fixed_target,,codelion/finepdfs-1B,32k,,perplexity,3.54218016792273,4,/home/sagemaker-user/atma/benchmarks/logs/foveal_cpt/longdoc_longdoc_fixed_target_nope_local_75bb82a1da.log
nope_local,longdoc,fixed_target,,codelion/finepdfs-1B,4k,,bits_per_byte,1.051380485843812,4,/home/sagemaker-user/atma/benchmarks/logs/foveal_cpt/longdoc_longdoc_fixed_target_nope_local_75bb82a1da.log
nope_local,longdoc,fixed_target,,codelion/finepdfs-1B,4k,,nll_nats_per_token,1.2475769221782684,4,/home/sagemaker-user/atma/benchmarks/logs/foveal_cpt/longdoc_longdoc_fixed_target_nope_local_75bb82a1da.log
nope_local,longdoc,fixed_target,,codelion/finepdfs-1B,4k,,perplexity,3.48189582301642,4,/home/sagemaker-user/atma/benchmarks/logs/foveal_cpt/longdoc_longdoc_fixed_target_nope_local_75bb82a1da.log
nope_local,longdoc,fixed_target,,codelion/finepdfs-1B,64k,,bits_per_byte,1.062906338102445,4,/home/sagemaker-user/atma/benchmarks/logs/foveal_cpt/longdoc_longdoc_fixed_target_nope_local_75bb82a1da.log
nope_local,longdoc,fixed_target,,codelion/finepdfs-1B,64k,,nll_nats_per_token,1.2612535953521729,4,/home/sagemaker-user/atma/benchmarks/logs/foveal_cpt/longdoc_longdoc_fixed_target_nope_local_75bb82a1da.log
nope_local,longdoc,fixed_target,,codelion/finepdfs-1B,64k,,perplexity,3.529843710616523,4,/home/sagemaker-user/atma/benchmarks/logs/foveal_cpt/longdoc_longdoc_fixed_target_nope_local_75bb82a1da.log
nope_local,longdoc,fixed_target,,codelion/finepdfs-1B,8k,,bits_per_byte,1.0578425660878512,4,/home/sagemaker-user/atma/benchmarks/logs/foveal_cpt/longdoc_longdoc_fixed_target_nope_local_75bb82a1da.log
nope_local,longdoc,fixed_target,,codelion/finepdfs-1B,8k,,nll_nats_per_token,1.255244880914688,4,/home/sagemaker-user/atma/benchmarks/logs/foveal_cpt/longdoc_longdoc_fixed_target_nope_local_75bb82a1da.log
nope_local,longdoc,fixed_target,,codelion/finepdfs-1B,8k,,perplexity,3.508697482197535,4,/home/sagemaker-user/atma/benchmarks/logs/foveal_cpt/longdoc_longdoc_fixed_target_nope_local_75bb82a1da.log
nope_local,longdoc,fixed_target,,emozilla/pg19,128k,,bits_per_byte,1.1225214800477115,4,/home/sagemaker-user/atma/benchmarks/logs/foveal_cpt/longdoc_longdoc_fixed_target_nope_local_75bb82a1da.log
nope_local,longdoc,fixed_target,,emozilla/pg19,128k,,nll_nats_per_token,3.1282469630241394,4,/home/sagemaker-user/atma/benchmarks/logs/foveal_cpt/longdoc_longdoc_fixed_target_nope_local_75bb82a1da.log
nope_local,longdoc,fixed_target,,emozilla/pg19,128k,,perplexity,22.833915737443746,4,/home/sagemaker-user/atma/benchmarks/logs/foveal_cpt/longdoc_longdoc_fixed_target_nope_local_75bb82a1da.log
nope_local,longdoc,fixed_target,,emozilla/pg19,16k,,bits_per_byte,1.1216976075395373,4,/home/sagemaker-user/atma/benchmarks/logs/foveal_cpt/longdoc_longdoc_fixed_target_nope_local_75bb82a1da.log
nope_local,longdoc,fixed_target,,emozilla/pg19,16k,,nll_nats_per_token,3.1259509921073914,4,/home/sagemaker-user/atma/benchmarks/logs/foveal_cpt/longdoc_longdoc_fixed_target_nope_local_75bb82a1da.log
nope_local,longdoc,fixed_target,,emozilla/pg19,16k,,perplexity,22.781549869254107,4,/home/sagemaker-user/atma/benchmarks/logs/foveal_cpt/longdoc_longdoc_fixed_target_nope_local_75bb82a1da.log
nope_local,longdoc,fixed_target,,emozilla/pg19,256k,,bits_per_byte,1.1234926956947435,4,/home/sagemaker-user/atma/benchmarks/logs/foveal_cpt/longdoc_longdoc_fixed_target_nope_local_75bb82a1da.log
nope_local,longdoc,fixed_target,,emozilla/pg19,256k,,nll_nats_per_token,3.130953550338745,4,/home/sagemaker-user/atma/benchmarks/logs/foveal_cpt/longdoc_longdoc_fixed_target_nope_local_75bb82a1da.log
nope_local,longdoc,fixed_target,,emozilla/pg19,256k,,perplexity,22.89580143586541,4,/home/sagemaker-user/atma/benchmarks/logs/foveal_cpt/longdoc_longdoc_fixed_target_nope_local_75bb82a1da.log
nope_local,longdoc,fixed_target,,emozilla/pg19,2k,,bits_per_byte,1.121197530615508,4,/home/sagemaker-user/atma/benchmarks/logs/foveal_cpt/longdoc_longdoc_fixed_target_nope_local_75bb82a1da.log
nope_local,longdoc,fixed_target,,emozilla/pg19,2k,,nll_nats_per_token,3.124557375907898,4,/home/sagemaker-user/atma/benchmarks/logs/foveal_cpt/longdoc_longdoc_fixed_target_nope_local_75bb82a1da.log
nope_local,longdoc,fixed_target,,emozilla/pg19,2k,,perplexity,22.7498232448105,4,/home/sagemaker-user/atma/benchmarks/logs/foveal_cpt/longdoc_longdoc_fixed_target_nope_local_75bb82a1da.log
nope_local,longdoc,fixed_target,,emozilla/pg19,32k,,bits_per_byte,1.1220730983431069,4,/home/sagemaker-user/atma/benchmarks/logs/foveal_cpt/longdoc_longdoc_fixed_target_nope_local_75bb82a1da.log
nope_local,longdoc,fixed_target,,emozilla/pg19,32k,,nll_nats_per_token,3.126997411251068,4,/home/sagemaker-user/atma/benchmarks/logs/foveal_cpt/longdoc_longdoc_fixed_target_nope_local_75bb82a1da.log
nope_local,longdoc,fixed_target,,emozilla/pg19,32k,,perplexity,22.80540139633075,4,/home/sagemaker-user/atma/benchmarks/logs/foveal_cpt/longdoc_longdoc_fixed_target_nope_local_75bb82a1da.log
nope_local,longdoc,fixed_target,,emozilla/pg19,4k,,bits_per_byte,1.120250226948334,4,/home/sagemaker-user/atma/benchmarks/logs/foveal_cpt/longdoc_longdoc_fixed_target_nope_local_75bb82a1da.log
nope_local,longdoc,fixed_target,,emozilla/pg19,4k,,nll_nats_per_token,3.121917426586151,4,/home/sagemaker-user/atma/benchmarks/logs/foveal_cpt/longdoc_longdoc_fixed_target_nope_local_75bb82a1da.log
nope_local,longdoc,fixed_target,,emozilla/pg19,4k,,perplexity,22.689844070190745,4,/home/sagemaker-user/atma/benchmarks/logs/foveal_cpt/longdoc_longdoc_fixed_target_nope_local_75bb82a1da.log
nope_local,longdoc,fixed_target,,emozilla/pg19,64k,,bits_per_byte,1.1219336260527175,4,/home/sagemaker-user/atma/benchmarks/logs/foveal_cpt/longdoc_longdoc_fixed_target_nope_local_75bb82a1da.log
nope_local,longdoc,fixed_target,,emozilla/pg19,64k,,nll_nats_per_token,3.126608729362488,4,/home/sagemaker-user/atma/benchmarks/logs/foveal_cpt/longdoc_longdoc_fixed_target_nope_local_75bb82a1da.log
nope_local,longdoc,fixed_target,,emozilla/pg19,64k,,perplexity,22.796539072270193,4,/home/sagemaker-user/atma/benchmarks/logs/foveal_cpt/longdoc_longdoc_fixed_target_nope_local_75bb82a1da.log
nope_local,longdoc,fixed_target,,emozilla/pg19,8k,,bits_per_byte,1.1213324258364075,4,/home/sagemaker-user/atma/benchmarks/logs/foveal_cpt/longdoc_longdoc_fixed_target_nope_local_75bb82a1da.log
nope_local,longdoc,fixed_target,,emozilla/pg19,8k,,nll_nats_per_token,3.1249333024024963,4,/home/sagemaker-user/atma/benchmarks/logs/foveal_cpt/longdoc_longdoc_fixed_target_nope_local_75bb82a1da.log
nope_local,longdoc,fixed_target,,emozilla/pg19,8k,,perplexity,22.758377113827915,4,/home/sagemaker-user/atma/benchmarks/logs/foveal_cpt/longdoc_longdoc_fixed_target_nope_local_75bb82a1da.log
nope_local,longdoc,fixed_target,,hoskinson-center/proof-pile,128k,,bits_per_byte,2.3655337747555105,4,/home/sagemaker-user/atma/benchmarks/logs/foveal_cpt/longdoc_longdoc_fixed_target_nope_local_75bb82a1da.log
nope_local,longdoc,fixed_target,,hoskinson-center/proof-pile,128k,,nll_nats_per_token,4.422606825828552,4,/home/sagemaker-user/atma/benchmarks/logs/foveal_cpt/longdoc_longdoc_fixed_target_nope_local_75bb82a1da.log
nope_local,longdoc,fixed_target,,hoskinson-center/proof-pile,128k,,perplexity,83.31318548887442,4,/home/sagemaker-user/atma/benchmarks/logs/foveal_cpt/longdoc_longdoc_fixed_target_nope_local_75bb82a1da.log
nope_local,longdoc,fixed_target,,hoskinson-center/proof-pile,16k,,bits_per_byte,2.3517468046029286,4,/home/sagemaker-user/atma/benchmarks/logs/foveal_cpt/longdoc_longdoc_fixed_target_nope_local_75bb82a1da.log
nope_local,longdoc,fixed_target,,hoskinson-center/proof-pile,16k,,nll_nats_per_token,4.396830677986145,4,/home/sagemaker-user/atma/benchmarks/logs/foveal_cpt/longdoc_longdoc_fixed_target_nope_local_75bb82a1da.log
nope_local,longdoc,fixed_target,,hoskinson-center/proof-pile,16k,,perplexity,81.19313327282407,4,/home/sagemaker-user/atma/benchmarks/logs/foveal_cpt/longdoc_longdoc_fixed_target_nope_local_75bb82a1da.log
nope_local,longdoc,fixed_target,,hoskinson-center/proof-pile,256k,,bits_per_byte,2.3653678982982305,4,/home/sagemaker-user/atma/benchmarks/logs/foveal_cpt/longdoc_longdoc_fixed_target_nope_local_75bb82a1da.log
nope_local,longdoc,fixed_target,,hoskinson-center/proof-pile,256k,,nll_nats_per_token,4.422296702861786,4,/home/sagemaker-user/atma/benchmarks/logs/foveal_cpt/longdoc_longdoc_fixed_target_nope_local_75bb82a1da.log
nope_local,longdoc,fixed_target,,hoskinson-center/proof-pile,256k,,perplexity,83.2873521625808,4,/home/sagemaker-user/atma/benchmarks/logs/foveal_cpt/longdoc_longdoc_fixed_target_nope_local_75bb82a1da.log
nope_local,longdoc,fixed_target,,hoskinson-center/proof-pile,2k,,bits_per_byte,2.3307381990041165,4,/home/sagemaker-user/atma/benchmarks/logs/foveal_cpt/longdoc_longdoc_fixed_target_nope_local_75bb82a1da.log
nope_local,longdoc,fixed_target,,hoskinson-center/proof-pile,2k,,nll_nats_per_token,4.357552945613861,4,/home/sagemaker-user/atma/benchmarks/logs/foveal_cpt/longdoc_longdoc_fixed_target_nope_local_75bb82a1da.log
nope_local,longdoc,fixed_target,,hoskinson-center/proof-pile,2k,,perplexity,78.06586907284729,4,/home/sagemaker-user/atma/benchmarks/logs/foveal_cpt/longdoc_longdoc_fixed_target_nope_local_75bb82a1da.log
nope_local,longdoc,fixed_target,,hoskinson-center/proof-pile,32k,,bits_per_byte,2.356728709364297,4,/home/sagemaker-user/atma/benchmarks/logs/foveal_cpt/longdoc_longdoc_fixed_target_nope_local_75bb82a1da.log
nope_local,longdoc,fixed_target,,hoskinson-center/proof-pile,32k,,nll_nats_per_token,4.406144857406616,4,/home/sagemaker-user/atma/benchmarks/logs/foveal_cpt/longdoc_longdoc_fixed_target_nope_local_75bb82a1da.log
nope_local,longdoc,fixed_target,,hoskinson-center/proof-pile,32k,,perplexity,81.9529135559563,4,/home/sagemaker-user/atma/benchmarks/logs/foveal_cpt/longdoc_longdoc_fixed_target_nope_local_75bb82a1da.log
nope_local,longdoc,fixed_target,,hoskinson-center/proof-pile,4k,,bits_per_byte,2.3386033509389503,4,/home/sagemaker-user/atma/benchmarks/logs/foveal_cpt/longdoc_longdoc_fixed_target_nope_local_75bb82a1da.log
nope_local,longdoc,fixed_target,,hoskinson-center/proof-pile,4k,,nll_nats_per_token,4.372257649898529,4,/home/sagemaker-user/atma/benchmarks/logs/foveal_cpt/longdoc_longdoc_fixed_target_nope_local_75bb82a1da.log
nope_local,longdoc,fixed_target,,hoskinson-center/proof-pile,4k,,perplexity,79.22228614035718,4,/home/sagemaker-user/atma/benchmarks/logs/foveal_cpt/longdoc_longdoc_fixed_target_nope_local_75bb82a1da.log
nope_local,longdoc,fixed_target,,hoskinson-center/proof-pile,64k,,bits_per_byte,2.364254520724214,4,/home/sagemaker-user/atma/benchmarks/logs/foveal_cpt/longdoc_longdoc_fixed_target_nope_local_75bb82a1da.log
nope_local,longdoc,fixed_target,,hoskinson-center/proof-pile,64k,,nll_nats_per_token,4.420215129852295,4,/home/sagemaker-user/atma/benchmarks/logs/foveal_cpt/longdoc_longdoc_fixed_target_nope_local_75bb82a1da.log
nope_local,longdoc,fixed_target,,hoskinson-center/proof-pile,64k,,perplexity,83.11416377296057,4,/home/sagemaker-user/atma/benchmarks/logs/foveal_cpt/longdoc_longdoc_fixed_target_nope_local_75bb82a1da.log
nope_local,longdoc,fixed_target,,hoskinson-center/proof-pile,8k,,bits_per_byte,2.3481151208138344,4,/home/sagemaker-user/atma/benchmarks/logs/foveal_cpt/longdoc_longdoc_fixed_target_nope_local_75bb82a1da.log
nope_local,longdoc,fixed_target,,hoskinson-center/proof-pile,8k,,nll_nats_per_token,4.390040874481201,4,/home/sagemaker-user/atma/benchmarks/logs/foveal_cpt/longdoc_longdoc_fixed_target_nope_local_75bb82a1da.log
nope_local,longdoc,fixed_target,,hoskinson-center/proof-pile,8k,,perplexity,80.6437151831315,4,/home/sagemaker-user/atma/benchmarks/logs/foveal_cpt/longdoc_longdoc_fixed_target_nope_local_75bb82a1da.log
nope_local,retrieval,synthetic,niah,synthetic-filler,128k,0.1,exact_match,0.0,10,/home/sagemaker-user/atma/benchmarks/logs/foveal_cpt/retrieval_retrieval_synthetic_nope_local_8a32297a93.log
nope_local,retrieval,synthetic,niah,synthetic-filler,128k,0.1,nll_nats_per_token,4.497341613769532,10,/home/sagemaker-user/atma/benchmarks/logs/foveal_cpt/retrieval_retrieval_synthetic_nope_local_8a32297a93.log
nope_local,retrieval,synthetic,niah,synthetic-filler,128k,0.1,token_accuracy,2.0,10,/home/sagemaker-user/atma/benchmarks/logs/foveal_cpt/retrieval_retrieval_synthetic_nope_local_8a32297a93.log
nope_local,retrieval,synthetic,niah,synthetic-filler,128k,0.5,exact_match,0.0,10,/home/sagemaker-user/atma/benchmarks/logs/foveal_cpt/retrieval_retrieval_synthetic_nope_local_8a32297a93.log
nope_local,retrieval,synthetic,niah,synthetic-filler,128k,0.5,nll_nats_per_token,4.492124099731445,10,/home/sagemaker-user/atma/benchmarks/logs/foveal_cpt/retrieval_retrieval_synthetic_nope_local_8a32297a93.log
nope_local,retrieval,synthetic,niah,synthetic-filler,128k,0.5,token_accuracy,2.0,10,/home/sagemaker-user/atma/benchmarks/logs/foveal_cpt/retrieval_retrieval_synthetic_nope_local_8a32297a93.log
nope_local,retrieval,synthetic,niah,synthetic-filler,128k,0.9,exact_match,0.0,10,/home/sagemaker-user/atma/benchmarks/logs/foveal_cpt/retrieval_retrieval_synthetic_nope_local_8a32297a93.log
nope_local,retrieval,synthetic,niah,synthetic-filler,128k,0.9,nll_nats_per_token,4.483509292602539,10,/home/sagemaker-user/atma/benchmarks/logs/foveal_cpt/retrieval_retrieval_synthetic_nope_local_8a32297a93.log
nope_local,retrieval,synthetic,niah,synthetic-filler,128k,0.9,token_accuracy,2.0,10,/home/sagemaker-user/atma/benchmarks/logs/foveal_cpt/retrieval_retrieval_synthetic_nope_local_8a32297a93.log
nope_local,retrieval,synthetic,niah,synthetic-filler,16k,0.1,exact_match,0.0,10,/home/sagemaker-user/atma/benchmarks/logs/foveal_cpt/retrieval_retrieval_synthetic_nope_local_8a32297a93.log
nope_local,retrieval,synthetic,niah,synthetic-filler,16k,0.1,nll_nats_per_token,4.5860512161254885,10,/home/sagemaker-user/atma/benchmarks/logs/foveal_cpt/retrieval_retrieval_synthetic_nope_local_8a32297a93.log
nope_local,retrieval,synthetic,niah,synthetic-filler,16k,0.1,token_accuracy,2.0,10,/home/sagemaker-user/atma/benchmarks/logs/foveal_cpt/retrieval_retrieval_synthetic_nope_local_8a32297a93.log
nope_local,retrieval,synthetic,niah,synthetic-filler,16k,0.5,exact_match,0.0,10,/home/sagemaker-user/atma/benchmarks/logs/foveal_cpt/retrieval_retrieval_synthetic_nope_local_8a32297a93.log
nope_local,retrieval,synthetic,niah,synthetic-filler,16k,0.5,nll_nats_per_token,4.576966438293457,10,/home/sagemaker-user/atma/benchmarks/logs/foveal_cpt/retrieval_retrieval_synthetic_nope_local_8a32297a93.log
nope_local,retrieval,synthetic,niah,synthetic-filler,16k,0.5,token_accuracy,2.0,10,/home/sagemaker-user/atma/benchmarks/logs/foveal_cpt/retrieval_retrieval_synthetic_nope_local_8a32297a93.log
nope_local,retrieval,synthetic,niah,synthetic-filler,16k,0.9,exact_match,0.0,10,/home/sagemaker-user/atma/benchmarks/logs/foveal_cpt/retrieval_retrieval_synthetic_nope_local_8a32297a93.log
nope_local,retrieval,synthetic,niah,synthetic-filler,16k,0.9,nll_nats_per_token,4.573051300048828,10,/home/sagemaker-user/atma/benchmarks/logs/foveal_cpt/retrieval_retrieval_synthetic_nope_local_8a32297a93.log
nope_local,retrieval,synthetic,niah,synthetic-filler,16k,0.9,token_accuracy,0.0,10,/home/sagemaker-user/atma/benchmarks/logs/foveal_cpt/retrieval_retrieval_synthetic_nope_local_8a32297a93.log
nope_local,retrieval,synthetic,niah,synthetic-filler,256k,0.1,exact_match,0.0,10,/home/sagemaker-user/atma/benchmarks/logs/foveal_cpt/retrieval_retrieval_synthetic_nope_local_8a32297a93.log
nope_local,retrieval,synthetic,niah,synthetic-filler,256k,0.1,nll_nats_per_token,4.4690812301635745,10,/home/sagemaker-user/atma/benchmarks/logs/foveal_cpt/retrieval_retrieval_synthetic_nope_local_8a32297a93.log
nope_local,retrieval,synthetic,niah,synthetic-filler,256k,0.1,token_accuracy,0.0,10,/home/sagemaker-user/atma/benchmarks/logs/foveal_cpt/retrieval_retrieval_synthetic_nope_local_8a32297a93.log
nope_local,retrieval,synthetic,niah,synthetic-filler,256k,0.5,exact_match,0.0,10,/home/sagemaker-user/atma/benchmarks/logs/foveal_cpt/retrieval_retrieval_synthetic_nope_local_8a32297a93.log
nope_local,retrieval,synthetic,niah,synthetic-filler,256k,0.5,nll_nats_per_token,4.466786994934082,10,/home/sagemaker-user/atma/benchmarks/logs/foveal_cpt/retrieval_retrieval_synthetic_nope_local_8a32297a93.log
nope_local,retrieval,synthetic,niah,synthetic-filler,256k,0.5,token_accuracy,0.0,10,/home/sagemaker-user/atma/benchmarks/logs/foveal_cpt/retrieval_retrieval_synthetic_nope_local_8a32297a93.log
nope_local,retrieval,synthetic,niah,synthetic-filler,256k,0.9,exact_match,0.0,10,/home/sagemaker-user/atma/benchmarks/logs/foveal_cpt/retrieval_retrieval_synthetic_nope_local_8a32297a93.log
nope_local,retrieval,synthetic,niah,synthetic-filler,256k,0.9,nll_nats_per_token,4.464393005371094,10,/home/sagemaker-user/atma/benchmarks/logs/foveal_cpt/retrieval_retrieval_synthetic_nope_local_8a32297a93.log
nope_local,retrieval,synthetic,niah,synthetic-filler,256k,0.9,token_accuracy,0.0,10,/home/sagemaker-user/atma/benchmarks/logs/foveal_cpt/retrieval_retrieval_synthetic_nope_local_8a32297a93.log
nope_local,retrieval,synthetic,niah,synthetic-filler,2k,0.1,exact_match,0.0,10,/home/sagemaker-user/atma/benchmarks/logs/foveal_cpt/retrieval_retrieval_synthetic_nope_local_8a32297a93.log
nope_local,retrieval,synthetic,niah,synthetic-filler,2k,0.1,nll_nats_per_token,4.481246910095215,10,/home/sagemaker-user/atma/benchmarks/logs/foveal_cpt/retrieval_retrieval_synthetic_nope_local_8a32297a93.log
nope_local,retrieval,synthetic,niah,synthetic-filler,2k,0.1,token_accuracy,2.0,10,/home/sagemaker-user/atma/benchmarks/logs/foveal_cpt/retrieval_retrieval_synthetic_nope_local_8a32297a93.log
nope_local,retrieval,synthetic,niah,synthetic-filler,2k,0.5,exact_match,0.0,10,/home/sagemaker-user/atma/benchmarks/logs/foveal_cpt/retrieval_retrieval_synthetic_nope_local_8a32297a93.log
nope_local,retrieval,synthetic,niah,synthetic-filler,2k,0.5,exact_match,0.0,2,/home/sagemaker-user/atma/benchmarks/logs/foveal_cpt/smoke_retrieval_synthetic_nope_local_30d6f5910d.log
nope_local,retrieval,synthetic,niah,synthetic-filler,2k,0.5,exact_match,0.0,5,/home/sagemaker-user/atma/benchmarks/logs/foveal_cpt/smoke_retrieval_synthetic_nope_local_d334b8a8ed.log
nope_local,retrieval,synthetic,niah,synthetic-filler,2k,0.5,nll_nats_per_token,4.528533515930175,10,/home/sagemaker-user/atma/benchmarks/logs/foveal_cpt/retrieval_retrieval_synthetic_nope_local_8a32297a93.log
nope_local,retrieval,synthetic,niah,synthetic-filler,2k,0.5,nll_nats_per_token,4.582802772521973,2,/home/sagemaker-user/atma/benchmarks/logs/foveal_cpt/smoke_retrieval_synthetic_nope_local_30d6f5910d.log
nope_local,retrieval,synthetic,niah,synthetic-filler,2k,0.5,nll_nats_per_token,4.557102508544922,5,/home/sagemaker-user/atma/benchmarks/logs/foveal_cpt/smoke_retrieval_synthetic_nope_local_d334b8a8ed.log
nope_local,retrieval,synthetic,niah,synthetic-filler,2k,0.5,token_accuracy,0.0,10,/home/sagemaker-user/atma/benchmarks/logs/foveal_cpt/retrieval_retrieval_synthetic_nope_local_8a32297a93.log
nope_local,retrieval,synthetic,niah,synthetic-filler,2k,0.5,token_accuracy,0.0,2,/home/sagemaker-user/atma/benchmarks/logs/foveal_cpt/smoke_retrieval_synthetic_nope_local_30d6f5910d.log
nope_local,retrieval,synthetic,niah,synthetic-filler,2k,0.5,token_accuracy,0.0,5,/home/sagemaker-user/atma/benchmarks/logs/foveal_cpt/smoke_retrieval_synthetic_nope_local_d334b8a8ed.log
nope_local,retrieval,synthetic,niah,synthetic-filler,2k,0.9,exact_match,90.0,10,/home/sagemaker-user/atma/benchmarks/logs/foveal_cpt/retrieval_retrieval_synthetic_nope_local_8a32297a93.log
nope_local,retrieval,synthetic,niah,synthetic-filler,2k,0.9,nll_nats_per_token,0.35177481651306153,10,/home/sagemaker-user/atma/benchmarks/logs/foveal_cpt/retrieval_retrieval_synthetic_nope_local_8a32297a93.log
nope_local,retrieval,synthetic,niah,synthetic-filler,2k,0.9,token_accuracy,98.0,10,/home/sagemaker-user/atma/benchmarks/logs/foveal_cpt/retrieval_retrieval_synthetic_nope_local_8a32297a93.log
nope_local,retrieval,synthetic,niah,synthetic-filler,32k,0.1,exact_match,0.0,10,/home/sagemaker-user/atma/benchmarks/logs/foveal_cpt/retrieval_retrieval_synthetic_nope_local_8a32297a93.log
nope_local,retrieval,synthetic,niah,synthetic-filler,32k,0.1,nll_nats_per_token,4.527540054321289,10,/home/sagemaker-user/atma/benchmarks/logs/foveal_cpt/retrieval_retrieval_synthetic_nope_local_8a32297a93.log
nope_local,retrieval,synthetic,niah,synthetic-filler,32k,0.1,token_accuracy,0.0,10,/home/sagemaker-user/atma/benchmarks/logs/foveal_cpt/retrieval_retrieval_synthetic_nope_local_8a32297a93.log
nope_local,retrieval,synthetic,niah,synthetic-filler,32k,0.5,exact_match,0.0,10,/home/sagemaker-user/atma/benchmarks/logs/foveal_cpt/retrieval_retrieval_synthetic_nope_local_8a32297a93.log
nope_local,retrieval,synthetic,niah,synthetic-filler,32k,0.5,nll_nats_per_token,4.520394287109375,10,/home/sagemaker-user/atma/benchmarks/logs/foveal_cpt/retrieval_retrieval_synthetic_nope_local_8a32297a93.log
nope_local,retrieval,synthetic,niah,synthetic-filler,32k,0.5,token_accuracy,0.0,10,/home/sagemaker-user/atma/benchmarks/logs/foveal_cpt/retrieval_retrieval_synthetic_nope_local_8a32297a93.log
nope_local,retrieval,synthetic,niah,synthetic-filler,32k,0.9,exact_match,0.0,10,/home/sagemaker-user/atma/benchmarks/logs/foveal_cpt/retrieval_retrieval_synthetic_nope_local_8a32297a93.log
nope_local,retrieval,synthetic,niah,synthetic-filler,32k,0.9,nll_nats_per_token,4.507368698120117,10,/home/sagemaker-user/atma/benchmarks/logs/foveal_cpt/retrieval_retrieval_synthetic_nope_local_8a32297a93.log
nope_local,retrieval,synthetic,niah,synthetic-filler,32k,0.9,token_accuracy,0.0,10,/home/sagemaker-user/atma/benchmarks/logs/foveal_cpt/retrieval_retrieval_synthetic_nope_local_8a32297a93.log
nope_local,retrieval,synthetic,niah,synthetic-filler,4k,0.1,exact_match,0.0,10,/home/sagemaker-user/atma/benchmarks/logs/foveal_cpt/retrieval_retrieval_synthetic_nope_local_8a32297a93.log
nope_local,retrieval,synthetic,niah,synthetic-filler,4k,0.1,nll_nats_per_token,4.431623382568359,10,/home/sagemaker-user/atma/benchmarks/logs/foveal_cpt/retrieval_retrieval_synthetic_nope_local_8a32297a93.log
nope_local,retrieval,synthetic,niah,synthetic-filler,4k,0.1,token_accuracy,4.0,10,/home/sagemaker-user/atma/benchmarks/logs/foveal_cpt/retrieval_retrieval_synthetic_nope_local_8a32297a93.log
nope_local,retrieval,synthetic,niah,synthetic-filler,4k,0.5,exact_match,0.0,10,/home/sagemaker-user/atma/benchmarks/logs/foveal_cpt/retrieval_retrieval_synthetic_nope_local_8a32297a93.log
nope_local,retrieval,synthetic,niah,synthetic-filler,4k,0.5,nll_nats_per_token,4.476416358947754,10,/home/sagemaker-user/atma/benchmarks/logs/foveal_cpt/retrieval_retrieval_synthetic_nope_local_8a32297a93.log
nope_local,retrieval,synthetic,niah,synthetic-filler,4k,0.5,token_accuracy,4.0,10,/home/sagemaker-user/atma/benchmarks/logs/foveal_cpt/retrieval_retrieval_synthetic_nope_local_8a32297a93.log
nope_local,retrieval,synthetic,niah,synthetic-filler,4k,0.9,exact_match,90.0,10,/home/sagemaker-user/atma/benchmarks/logs/foveal_cpt/retrieval_retrieval_synthetic_nope_local_8a32297a93.log
nope_local,retrieval,synthetic,niah,synthetic-filler,4k,0.9,nll_nats_per_token,0.3076058328151703,10,/home/sagemaker-user/atma/benchmarks/logs/foveal_cpt/retrieval_retrieval_synthetic_nope_local_8a32297a93.log
nope_local,retrieval,synthetic,niah,synthetic-filler,4k,0.9,token_accuracy,98.0,10,/home/sagemaker-user/atma/benchmarks/logs/foveal_cpt/retrieval_retrieval_synthetic_nope_local_8a32297a93.log
nope_local,retrieval,synthetic,niah,synthetic-filler,64k,0.1,exact_match,0.0,10,/home/sagemaker-user/atma/benchmarks/logs/foveal_cpt/retrieval_retrieval_synthetic_nope_local_8a32297a93.log
nope_local,retrieval,synthetic,niah,synthetic-filler,64k,0.1,nll_nats_per_token,4.5145703887939455,10,/home/sagemaker-user/atma/benchmarks/logs/foveal_cpt/retrieval_retrieval_synthetic_nope_local_8a32297a93.log
nope_local,retrieval,synthetic,niah,synthetic-filler,64k,0.1,token_accuracy,2.0,10,/home/sagemaker-user/atma/benchmarks/logs/foveal_cpt/retrieval_retrieval_synthetic_nope_local_8a32297a93.log
nope_local,retrieval,synthetic,niah,synthetic-filler,64k,0.5,exact_match,0.0,10,/home/sagemaker-user/atma/benchmarks/logs/foveal_cpt/retrieval_retrieval_synthetic_nope_local_8a32297a93.log
nope_local,retrieval,synthetic,niah,synthetic-filler,64k,0.5,nll_nats_per_token,4.508646392822266,10,/home/sagemaker-user/atma/benchmarks/logs/foveal_cpt/retrieval_retrieval_synthetic_nope_local_8a32297a93.log
nope_local,retrieval,synthetic,niah,synthetic-filler,64k,0.5,token_accuracy,2.0,10,/home/sagemaker-user/atma/benchmarks/logs/foveal_cpt/retrieval_retrieval_synthetic_nope_local_8a32297a93.log
nope_local,retrieval,synthetic,niah,synthetic-filler,64k,0.9,exact_match,0.0,10,/home/sagemaker-user/atma/benchmarks/logs/foveal_cpt/retrieval_retrieval_synthetic_nope_local_8a32297a93.log
nope_local,retrieval,synthetic,niah,synthetic-filler,64k,0.9,nll_nats_per_token,4.492461204528809,10,/home/sagemaker-user/atma/benchmarks/logs/foveal_cpt/retrieval_retrieval_synthetic_nope_local_8a32297a93.log
nope_local,retrieval,synthetic,niah,synthetic-filler,64k,0.9,token_accuracy,2.0,10,/home/sagemaker-user/atma/benchmarks/logs/foveal_cpt/retrieval_retrieval_synthetic_nope_local_8a32297a93.log
nope_local,retrieval,synthetic,niah,synthetic-filler,8k,0.1,exact_match,0.0,10,/home/sagemaker-user/atma/benchmarks/logs/foveal_cpt/retrieval_retrieval_synthetic_nope_local_8a32297a93.log
nope_local,retrieval,synthetic,niah,synthetic-filler,8k,0.1,nll_nats_per_token,4.579729080200195,10,/home/sagemaker-user/atma/benchmarks/logs/foveal_cpt/retrieval_retrieval_synthetic_nope_local_8a32297a93.log
nope_local,retrieval,synthetic,niah,synthetic-filler,8k,0.1,token_accuracy,0.0,10,/home/sagemaker-user/atma/benchmarks/logs/foveal_cpt/retrieval_retrieval_synthetic_nope_local_8a32297a93.log
nope_local,retrieval,synthetic,niah,synthetic-filler,8k,0.5,exact_match,0.0,10,/home/sagemaker-user/atma/benchmarks/logs/foveal_cpt/retrieval_retrieval_synthetic_nope_local_8a32297a93.log
nope_local,retrieval,synthetic,niah,synthetic-filler,8k,0.5,exact_match,0.0,2,/home/sagemaker-user/atma/benchmarks/logs/foveal_cpt/smoke_retrieval_synthetic_nope_local_30d6f5910d.log
nope_local,retrieval,synthetic,niah,synthetic-filler,8k,0.5,exact_match,0.0,5,/home/sagemaker-user/atma/benchmarks/logs/foveal_cpt/smoke_retrieval_synthetic_nope_local_d334b8a8ed.log
nope_local,retrieval,synthetic,niah,synthetic-filler,8k,0.5,nll_nats_per_token,4.568358345031738,10,/home/sagemaker-user/atma/benchmarks/logs/foveal_cpt/retrieval_retrieval_synthetic_nope_local_8a32297a93.log
nope_local,retrieval,synthetic,niah,synthetic-filler,8k,0.5,nll_nats_per_token,4.610404586791992,2,/home/sagemaker-user/atma/benchmarks/logs/foveal_cpt/smoke_retrieval_synthetic_nope_local_30d6f5910d.log
nope_local,retrieval,synthetic,niah,synthetic-filler,8k,0.5,nll_nats_per_token,4.594812927246093,5,/home/sagemaker-user/atma/benchmarks/logs/foveal_cpt/smoke_retrieval_synthetic_nope_local_d334b8a8ed.log
nope_local,retrieval,synthetic,niah,synthetic-filler,8k,0.5,token_accuracy,0.0,10,/home/sagemaker-user/atma/benchmarks/logs/foveal_cpt/retrieval_retrieval_synthetic_nope_local_8a32297a93.log
nope_local,retrieval,synthetic,niah,synthetic-filler,8k,0.5,token_accuracy,0.0,2,/home/sagemaker-user/atma/benchmarks/logs/foveal_cpt/smoke_retrieval_synthetic_nope_local_30d6f5910d.log
nope_local,retrieval,synthetic,niah,synthetic-filler,8k,0.5,token_accuracy,0.0,5,/home/sagemaker-user/atma/benchmarks/logs/foveal_cpt/smoke_retrieval_synthetic_nope_local_d334b8a8ed.log
nope_local,retrieval,synthetic,niah,synthetic-filler,8k,0.9,exact_match,0.0,10,/home/sagemaker-user/atma/benchmarks/logs/foveal_cpt/retrieval_retrieval_synthetic_nope_local_8a32297a93.log
nope_local,retrieval,synthetic,niah,synthetic-filler,8k,0.9,nll_nats_per_token,4.596303672790527,10,/home/sagemaker-user/atma/benchmarks/logs/foveal_cpt/retrieval_retrieval_synthetic_nope_local_8a32297a93.log
nope_local,retrieval,synthetic,niah,synthetic-filler,8k,0.9,token_accuracy,0.0,10,/home/sagemaker-user/atma/benchmarks/logs/foveal_cpt/retrieval_retrieval_synthetic_nope_local_8a32297a93.log
nope_local,retrieval,synthetic,passkey,synthetic-filler,128k,0.1,exact_match,0.0,10,/home/sagemaker-user/atma/benchmarks/logs/foveal_cpt/retrieval_retrieval_synthetic_nope_local_8a32297a93.log
nope_local,retrieval,synthetic,passkey,synthetic-filler,128k,0.1,nll_nats_per_token,4.663733825683594,10,/home/sagemaker-user/atma/benchmarks/logs/foveal_cpt/retrieval_retrieval_synthetic_nope_local_8a32297a93.log
nope_local,retrieval,synthetic,passkey,synthetic-filler,128k,0.1,token_accuracy,0.0,10,/home/sagemaker-user/atma/benchmarks/logs/foveal_cpt/retrieval_retrieval_synthetic_nope_local_8a32297a93.log
nope_local,retrieval,synthetic,passkey,synthetic-filler,128k,0.5,exact_match,0.0,10,/home/sagemaker-user/atma/benchmarks/logs/foveal_cpt/retrieval_retrieval_synthetic_nope_local_8a32297a93.log
nope_local,retrieval,synthetic,passkey,synthetic-filler,128k,0.5,nll_nats_per_token,4.666879501342773,10,/home/sagemaker-user/atma/benchmarks/logs/foveal_cpt/retrieval_retrieval_synthetic_nope_local_8a32297a93.log
nope_local,retrieval,synthetic,passkey,synthetic-filler,128k,0.5,token_accuracy,0.0,10,/home/sagemaker-user/atma/benchmarks/logs/foveal_cpt/retrieval_retrieval_synthetic_nope_local_8a32297a93.log
nope_local,retrieval,synthetic,passkey,synthetic-filler,128k,0.9,exact_match,0.0,10,/home/sagemaker-user/atma/benchmarks/logs/foveal_cpt/retrieval_retrieval_synthetic_nope_local_8a32297a93.log
nope_local,retrieval,synthetic,passkey,synthetic-filler,128k,0.9,nll_nats_per_token,4.652061347961426,10,/home/sagemaker-user/atma/benchmarks/logs/foveal_cpt/retrieval_retrieval_synthetic_nope_local_8a32297a93.log
nope_local,retrieval,synthetic,passkey,synthetic-filler,128k,0.9,token_accuracy,0.0,10,/home/sagemaker-user/atma/benchmarks/logs/foveal_cpt/retrieval_retrieval_synthetic_nope_local_8a32297a93.log
nope_local,retrieval,synthetic,passkey,synthetic-filler,16k,0.1,exact_match,0.0,10,/home/sagemaker-user/atma/benchmarks/logs/foveal_cpt/retrieval_retrieval_synthetic_nope_local_8a32297a93.log
nope_local,retrieval,synthetic,passkey,synthetic-filler,16k,0.1,nll_nats_per_token,4.845956916809082,10,/home/sagemaker-user/atma/benchmarks/logs/foveal_cpt/retrieval_retrieval_synthetic_nope_local_8a32297a93.log
nope_local,retrieval,synthetic,passkey,synthetic-filler,16k,0.1,token_accuracy,0.0,10,/home/sagemaker-user/atma/benchmarks/logs/foveal_cpt/retrieval_retrieval_synthetic_nope_local_8a32297a93.log
nope_local,retrieval,synthetic,passkey,synthetic-filler,16k,0.5,exact_match,0.0,10,/home/sagemaker-user/atma/benchmarks/logs/foveal_cpt/retrieval_retrieval_synthetic_nope_local_8a32297a93.log
nope_local,retrieval,synthetic,passkey,synthetic-filler,16k,0.5,nll_nats_per_token,4.848042106628418,10,/home/sagemaker-user/atma/benchmarks/logs/foveal_cpt/retrieval_retrieval_synthetic_nope_local_8a32297a93.log
nope_local,retrieval,synthetic,passkey,synthetic-filler,16k,0.5,token_accuracy,0.0,10,/home/sagemaker-user/atma/benchmarks/logs/foveal_cpt/retrieval_retrieval_synthetic_nope_local_8a32297a93.log
nope_local,retrieval,synthetic,passkey,synthetic-filler,16k,0.9,exact_match,0.0,10,/home/sagemaker-user/atma/benchmarks/logs/foveal_cpt/retrieval_retrieval_synthetic_nope_local_8a32297a93.log
nope_local,retrieval,synthetic,passkey,synthetic-filler,16k,0.9,nll_nats_per_token,4.8536057281494145,10,/home/sagemaker-user/atma/benchmarks/logs/foveal_cpt/retrieval_retrieval_synthetic_nope_local_8a32297a93.log
nope_local,retrieval,synthetic,passkey,synthetic-filler,16k,0.9,token_accuracy,0.0,10,/home/sagemaker-user/atma/benchmarks/logs/foveal_cpt/retrieval_retrieval_synthetic_nope_local_8a32297a93.log
nope_local,retrieval,synthetic,passkey,synthetic-filler,256k,0.1,exact_match,0.0,10,/home/sagemaker-user/atma/benchmarks/logs/foveal_cpt/retrieval_retrieval_synthetic_nope_local_8a32297a93.log
nope_local,retrieval,synthetic,passkey,synthetic-filler,256k,0.1,nll_nats_per_token,4.747982559204101,10,/home/sagemaker-user/atma/benchmarks/logs/foveal_cpt/retrieval_retrieval_synthetic_nope_local_8a32297a93.log
nope_local,retrieval,synthetic,passkey,synthetic-filler,256k,0.1,token_accuracy,0.0,10,/home/sagemaker-user/atma/benchmarks/logs/foveal_cpt/retrieval_retrieval_synthetic_nope_local_8a32297a93.log
nope_local,retrieval,synthetic,passkey,synthetic-filler,256k,0.5,exact_match,0.0,10,/home/sagemaker-user/atma/benchmarks/logs/foveal_cpt/retrieval_retrieval_synthetic_nope_local_8a32297a93.log
nope_local,retrieval,synthetic,passkey,synthetic-filler,256k,0.5,nll_nats_per_token,4.746293144226074,10,/home/sagemaker-user/atma/benchmarks/logs/foveal_cpt/retrieval_retrieval_synthetic_nope_local_8a32297a93.log
nope_local,retrieval,synthetic,passkey,synthetic-filler,256k,0.5,token_accuracy,0.0,10,/home/sagemaker-user/atma/benchmarks/logs/foveal_cpt/retrieval_retrieval_synthetic_nope_local_8a32297a93.log
nope_local,retrieval,synthetic,passkey,synthetic-filler,256k,0.9,exact_match,0.0,10,/home/sagemaker-user/atma/benchmarks/logs/foveal_cpt/retrieval_retrieval_synthetic_nope_local_8a32297a93.log
nope_local,retrieval,synthetic,passkey,synthetic-filler,256k,0.9,nll_nats_per_token,4.747249526977539,10,/home/sagemaker-user/atma/benchmarks/logs/foveal_cpt/retrieval_retrieval_synthetic_nope_local_8a32297a93.log
nope_local,retrieval,synthetic,passkey,synthetic-filler,256k,0.9,token_accuracy,0.0,10,/home/sagemaker-user/atma/benchmarks/logs/foveal_cpt/retrieval_retrieval_synthetic_nope_local_8a32297a93.log
nope_local,retrieval,synthetic,passkey,synthetic-filler,2k,0.1,exact_match,0.0,10,/home/sagemaker-user/atma/benchmarks/logs/foveal_cpt/retrieval_retrieval_synthetic_nope_local_8a32297a93.log
nope_local,retrieval,synthetic,passkey,synthetic-filler,2k,0.1,nll_nats_per_token,4.66401294708252,10,/home/sagemaker-user/atma/benchmarks/logs/foveal_cpt/retrieval_retrieval_synthetic_nope_local_8a32297a93.log
nope_local,retrieval,synthetic,passkey,synthetic-filler,2k,0.1,token_accuracy,0.0,10,/home/sagemaker-user/atma/benchmarks/logs/foveal_cpt/retrieval_retrieval_synthetic_nope_local_8a32297a93.log
nope_local,retrieval,synthetic,passkey,synthetic-filler,2k,0.5,exact_match,0.0,10,/home/sagemaker-user/atma/benchmarks/logs/foveal_cpt/retrieval_retrieval_synthetic_nope_local_8a32297a93.log
nope_local,retrieval,synthetic,passkey,synthetic-filler,2k,0.5,exact_match,0.0,2,/home/sagemaker-user/atma/benchmarks/logs/foveal_cpt/smoke_retrieval_synthetic_nope_local_30d6f5910d.log
nope_local,retrieval,synthetic,passkey,synthetic-filler,2k,0.5,exact_match,0.0,5,/home/sagemaker-user/atma/benchmarks/logs/foveal_cpt/smoke_retrieval_synthetic_nope_local_d334b8a8ed.log
nope_local,retrieval,synthetic,passkey,synthetic-filler,2k,0.5,nll_nats_per_token,4.686188201904297,10,/home/sagemaker-user/atma/benchmarks/logs/foveal_cpt/retrieval_retrieval_synthetic_nope_local_8a32297a93.log
nope_local,retrieval,synthetic,passkey,synthetic-filler,2k,0.5,nll_nats_per_token,4.62244987487793,2,/home/sagemaker-user/atma/benchmarks/logs/foveal_cpt/smoke_retrieval_synthetic_nope_local_30d6f5910d.log
nope_local,retrieval,synthetic,passkey,synthetic-filler,2k,0.5,nll_nats_per_token,4.610966033935547,5,/home/sagemaker-user/atma/benchmarks/logs/foveal_cpt/smoke_retrieval_synthetic_nope_local_d334b8a8ed.log
nope_local,retrieval,synthetic,passkey,synthetic-filler,2k,0.5,token_accuracy,0.0,10,/home/sagemaker-user/atma/benchmarks/logs/foveal_cpt/retrieval_retrieval_synthetic_nope_local_8a32297a93.log
nope_local,retrieval,synthetic,passkey,synthetic-filler,2k,0.5,token_accuracy,0.0,2,/home/sagemaker-user/atma/benchmarks/logs/foveal_cpt/smoke_retrieval_synthetic_nope_local_30d6f5910d.log
nope_local,retrieval,synthetic,passkey,synthetic-filler,2k,0.5,token_accuracy,0.0,5,/home/sagemaker-user/atma/benchmarks/logs/foveal_cpt/smoke_retrieval_synthetic_nope_local_d334b8a8ed.log
nope_local,retrieval,synthetic,passkey,synthetic-filler,2k,0.9,exact_match,90.0,10,/home/sagemaker-user/atma/benchmarks/logs/foveal_cpt/retrieval_retrieval_synthetic_nope_local_8a32297a93.log
nope_local,retrieval,synthetic,passkey,synthetic-filler,2k,0.9,nll_nats_per_token,0.23910906791687012,10,/home/sagemaker-user/atma/benchmarks/logs/foveal_cpt/retrieval_retrieval_synthetic_nope_local_8a32297a93.log
nope_local,retrieval,synthetic,passkey,synthetic-filler,2k,0.9,token_accuracy,98.0,10,/home/sagemaker-user/atma/benchmarks/logs/foveal_cpt/retrieval_retrieval_synthetic_nope_local_8a32297a93.log
nope_local,retrieval,synthetic,passkey,synthetic-filler,32k,0.1,exact_match,0.0,10,/home/sagemaker-user/atma/benchmarks/logs/foveal_cpt/retrieval_retrieval_synthetic_nope_local_8a32297a93.log
nope_local,retrieval,synthetic,passkey,synthetic-filler,32k,0.1,nll_nats_per_token,4.684197311401367,10,/home/sagemaker-user/atma/benchmarks/logs/foveal_cpt/retrieval_retrieval_synthetic_nope_local_8a32297a93.log
nope_local,retrieval,synthetic,passkey,synthetic-filler,32k,0.1,token_accuracy,0.0,10,/home/sagemaker-user/atma/benchmarks/logs/foveal_cpt/retrieval_retrieval_synthetic_nope_local_8a32297a93.log
nope_local,retrieval,synthetic,passkey,synthetic-filler,32k,0.5,exact_match,0.0,10,/home/sagemaker-user/atma/benchmarks/logs/foveal_cpt/retrieval_retrieval_synthetic_nope_local_8a32297a93.log
nope_local,retrieval,synthetic,passkey,synthetic-filler,32k,0.5,nll_nats_per_token,4.684238891601563,10,/home/sagemaker-user/atma/benchmarks/logs/foveal_cpt/retrieval_retrieval_synthetic_nope_local_8a32297a93.log
nope_local,retrieval,synthetic,passkey,synthetic-filler,32k,0.5,token_accuracy,0.0,10,/home/sagemaker-user/atma/benchmarks/logs/foveal_cpt/retrieval_retrieval_synthetic_nope_local_8a32297a93.log
nope_local,retrieval,synthetic,passkey,synthetic-filler,32k,0.9,exact_match,0.0,10,/home/sagemaker-user/atma/benchmarks/logs/foveal_cpt/retrieval_retrieval_synthetic_nope_local_8a32297a93.log
nope_local,retrieval,synthetic,passkey,synthetic-filler,32k,0.9,nll_nats_per_token,4.680906944274902,10,/home/sagemaker-user/atma/benchmarks/logs/foveal_cpt/retrieval_retrieval_synthetic_nope_local_8a32297a93.log
nope_local,retrieval,synthetic,passkey,synthetic-filler,32k,0.9,token_accuracy,0.0,10,/home/sagemaker-user/atma/benchmarks/logs/foveal_cpt/retrieval_retrieval_synthetic_nope_local_8a32297a93.log
nope_local,retrieval,synthetic,passkey,synthetic-filler,4k,0.1,exact_match,0.0,10,/home/sagemaker-user/atma/benchmarks/logs/foveal_cpt/retrieval_retrieval_synthetic_nope_local_8a32297a93.log
nope_local,retrieval,synthetic,passkey,synthetic-filler,4k,0.1,nll_nats_per_token,4.648195533752442,10,/home/sagemaker-user/atma/benchmarks/logs/foveal_cpt/retrieval_retrieval_synthetic_nope_local_8a32297a93.log
nope_local,retrieval,synthetic,passkey,synthetic-filler,4k,0.1,token_accuracy,0.0,10,/home/sagemaker-user/atma/benchmarks/logs/foveal_cpt/retrieval_retrieval_synthetic_nope_local_8a32297a93.log
nope_local,retrieval,synthetic,passkey,synthetic-filler,4k,0.5,exact_match,0.0,10,/home/sagemaker-user/atma/benchmarks/logs/foveal_cpt/retrieval_retrieval_synthetic_nope_local_8a32297a93.log
nope_local,retrieval,synthetic,passkey,synthetic-filler,4k,0.5,nll_nats_per_token,4.668339233398438,10,/home/sagemaker-user/atma/benchmarks/logs/foveal_cpt/retrieval_retrieval_synthetic_nope_local_8a32297a93.log
nope_local,retrieval,synthetic,passkey,synthetic-filler,4k,0.5,token_accuracy,0.0,10,/home/sagemaker-user/atma/benchmarks/logs/foveal_cpt/retrieval_retrieval_synthetic_nope_local_8a32297a93.log
nope_local,retrieval,synthetic,passkey,synthetic-filler,4k,0.9,exact_match,80.0,10,/home/sagemaker-user/atma/benchmarks/logs/foveal_cpt/retrieval_retrieval_synthetic_nope_local_8a32297a93.log
nope_local,retrieval,synthetic,passkey,synthetic-filler,4k,0.9,nll_nats_per_token,0.263223979473114,10,/home/sagemaker-user/atma/benchmarks/logs/foveal_cpt/retrieval_retrieval_synthetic_nope_local_8a32297a93.log
nope_local,retrieval,synthetic,passkey,synthetic-filler,4k,0.9,token_accuracy,96.0,10,/home/sagemaker-user/atma/benchmarks/logs/foveal_cpt/retrieval_retrieval_synthetic_nope_local_8a32297a93.log
nope_local,retrieval,synthetic,passkey,synthetic-filler,64k,0.1,exact_match,0.0,10,/home/sagemaker-user/atma/benchmarks/logs/foveal_cpt/retrieval_retrieval_synthetic_nope_local_8a32297a93.log
nope_local,retrieval,synthetic,passkey,synthetic-filler,64k,0.1,nll_nats_per_token,4.875472030639648,10,/home/sagemaker-user/atma/benchmarks/logs/foveal_cpt/retrieval_retrieval_synthetic_nope_local_8a32297a93.log
nope_local,retrieval,synthetic,passkey,synthetic-filler,64k,0.1,token_accuracy,2.0,10,/home/sagemaker-user/atma/benchmarks/logs/foveal_cpt/retrieval_retrieval_synthetic_nope_local_8a32297a93.log
nope_local,retrieval,synthetic,passkey,synthetic-filler,64k,0.5,exact_match,0.0,10,/home/sagemaker-user/atma/benchmarks/logs/foveal_cpt/retrieval_retrieval_synthetic_nope_local_8a32297a93.log
nope_local,retrieval,synthetic,passkey,synthetic-filler,64k,0.5,nll_nats_per_token,4.878801498413086,10,/home/sagemaker-user/atma/benchmarks/logs/foveal_cpt/retrieval_retrieval_synthetic_nope_local_8a32297a93.log
nope_local,retrieval,synthetic,passkey,synthetic-filler,64k,0.5,token_accuracy,2.0,10,/home/sagemaker-user/atma/benchmarks/logs/foveal_cpt/retrieval_retrieval_synthetic_nope_local_8a32297a93.log
nope_local,retrieval,synthetic,passkey,synthetic-filler,64k,0.9,exact_match,0.0,10,/home/sagemaker-user/atma/benchmarks/logs/foveal_cpt/retrieval_retrieval_synthetic_nope_local_8a32297a93.log
nope_local,retrieval,synthetic,passkey,synthetic-filler,64k,0.9,nll_nats_per_token,4.868337135314942,10,/home/sagemaker-user/atma/benchmarks/logs/foveal_cpt/retrieval_retrieval_synthetic_nope_local_8a32297a93.log
nope_local,retrieval,synthetic,passkey,synthetic-filler,64k,0.9,token_accuracy,2.0,10,/home/sagemaker-user/atma/benchmarks/logs/foveal_cpt/retrieval_retrieval_synthetic_nope_local_8a32297a93.log
nope_local,retrieval,synthetic,passkey,synthetic-filler,8k,0.1,exact_match,0.0,10,/home/sagemaker-user/atma/benchmarks/logs/foveal_cpt/retrieval_retrieval_synthetic_nope_local_8a32297a93.log
nope_local,retrieval,synthetic,passkey,synthetic-filler,8k,0.1,nll_nats_per_token,4.650002212524414,10,/home/sagemaker-user/atma/benchmarks/logs/foveal_cpt/retrieval_retrieval_synthetic_nope_local_8a32297a93.log
nope_local,retrieval,synthetic,passkey,synthetic-filler,8k,0.1,token_accuracy,2.0,10,/home/sagemaker-user/atma/benchmarks/logs/foveal_cpt/retrieval_retrieval_synthetic_nope_local_8a32297a93.log
nope_local,retrieval,synthetic,passkey,synthetic-filler,8k,0.5,exact_match,0.0,10,/home/sagemaker-user/atma/benchmarks/logs/foveal_cpt/retrieval_retrieval_synthetic_nope_local_8a32297a93.log
nope_local,retrieval,synthetic,passkey,synthetic-filler,8k,0.5,exact_match,0.0,2,/home/sagemaker-user/atma/benchmarks/logs/foveal_cpt/smoke_retrieval_synthetic_nope_local_30d6f5910d.log
nope_local,retrieval,synthetic,passkey,synthetic-filler,8k,0.5,exact_match,0.0,5,/home/sagemaker-user/atma/benchmarks/logs/foveal_cpt/smoke_retrieval_synthetic_nope_local_d334b8a8ed.log
nope_local,retrieval,synthetic,passkey,synthetic-filler,8k,0.5,nll_nats_per_token,4.653206481933593,10,/home/sagemaker-user/atma/benchmarks/logs/foveal_cpt/retrieval_retrieval_synthetic_nope_local_8a32297a93.log
nope_local,retrieval,synthetic,passkey,synthetic-filler,8k,0.5,nll_nats_per_token,4.573485374450684,2,/home/sagemaker-user/atma/benchmarks/logs/foveal_cpt/smoke_retrieval_synthetic_nope_local_30d6f5910d.log
nope_local,retrieval,synthetic,passkey,synthetic-filler,8k,0.5,nll_nats_per_token,4.608859634399414,5,/home/sagemaker-user/atma/benchmarks/logs/foveal_cpt/smoke_retrieval_synthetic_nope_local_d334b8a8ed.log
nope_local,retrieval,synthetic,passkey,synthetic-filler,8k,0.5,token_accuracy,2.0,10,/home/sagemaker-user/atma/benchmarks/logs/foveal_cpt/retrieval_retrieval_synthetic_nope_local_8a32297a93.log
nope_local,retrieval,synthetic,passkey,synthetic-filler,8k,0.5,token_accuracy,0.0,2,/home/sagemaker-user/atma/benchmarks/logs/foveal_cpt/smoke_retrieval_synthetic_nope_local_30d6f5910d.log
nope_local,retrieval,synthetic,passkey,synthetic-filler,8k,0.5,token_accuracy,4.0,5,/home/sagemaker-user/atma/benchmarks/logs/foveal_cpt/smoke_retrieval_synthetic_nope_local_d334b8a8ed.log
nope_local,retrieval,synthetic,passkey,synthetic-filler,8k,0.9,exact_match,0.0,10,/home/sagemaker-user/atma/benchmarks/logs/foveal_cpt/retrieval_retrieval_synthetic_nope_local_8a32297a93.log
nope_local,retrieval,synthetic,passkey,synthetic-filler,8k,0.9,nll_nats_per_token,4.659603805541992,10,/home/sagemaker-user/atma/benchmarks/logs/foveal_cpt/retrieval_retrieval_synthetic_nope_local_8a32297a93.log
nope_local,retrieval,synthetic,passkey,synthetic-filler,8k,0.9,token_accuracy,2.0,10,/home/sagemaker-user/atma/benchmarks/logs/foveal_cpt/retrieval_retrieval_synthetic_nope_local_8a32297a93.log
nope_local,serving,generation,,,128k,,decode_tokens_per_s,473.92426171682996,1,/home/sagemaker-user/atma/benchmarks/logs/foveal_cpt/serving_serving_generation_nope_local_3ba735eea7.log
nope_local,serving,generation,,,128k,,decode_tokens_per_s,475.85598599666156,1,/home/sagemaker-user/atma/benchmarks/logs/foveal_cpt/serving_serving_generation_nope_local_b9f9c23886.log
nope_local,serving,generation,,,128k,,oom,False,1,/home/sagemaker-user/atma/benchmarks/logs/foveal_cpt/serving_serving_generation_nope_local_3ba735eea7.log
nope_local,serving,generation,,,128k,,oom,False,1,/home/sagemaker-user/atma/benchmarks/logs/foveal_cpt/serving_serving_generation_nope_local_b9f9c23886.log
nope_local,serving,generation,,,128k,,peak_allocated_bytes,7655302144,1,/home/sagemaker-user/atma/benchmarks/logs/foveal_cpt/serving_serving_generation_nope_local_3ba735eea7.log
nope_local,serving,generation,,,128k,,peak_allocated_bytes,7655302144,1,/home/sagemaker-user/atma/benchmarks/logs/foveal_cpt/serving_serving_generation_nope_local_b9f9c23886.log
nope_local,serving,generation,,,128k,,peak_reserved_bytes,8067743744,1,/home/sagemaker-user/atma/benchmarks/logs/foveal_cpt/serving_serving_generation_nope_local_3ba735eea7.log
nope_local,serving,generation,,,128k,,peak_reserved_bytes,8067743744,1,/home/sagemaker-user/atma/benchmarks/logs/foveal_cpt/serving_serving_generation_nope_local_b9f9c23886.log
nope_local,serving,generation,,,128k,,prefill_tokens_per_s,157286.6918405415,1,/home/sagemaker-user/atma/benchmarks/logs/foveal_cpt/serving_serving_generation_nope_local_3ba735eea7.log
nope_local,serving,generation,,,128k,,prefill_tokens_per_s,156018.59654119212,1,/home/sagemaker-user/atma/benchmarks/logs/foveal_cpt/serving_serving_generation_nope_local_b9f9c23886.log
nope_local,serving,generation,,,16k,,decode_tokens_per_s,482.6120213796172,1,/home/sagemaker-user/atma/benchmarks/logs/foveal_cpt/serving_serving_generation_nope_local_3ba735eea7.log
nope_local,serving,generation,,,16k,,decode_tokens_per_s,484.8234638771956,1,/home/sagemaker-user/atma/benchmarks/logs/foveal_cpt/serving_serving_generation_nope_local_b9f9c23886.log
nope_local,serving,generation,,,16k,,oom,False,1,/home/sagemaker-user/atma/benchmarks/logs/foveal_cpt/serving_serving_generation_nope_local_3ba735eea7.log
nope_local,serving,generation,,,16k,,oom,False,1,/home/sagemaker-user/atma/benchmarks/logs/foveal_cpt/serving_serving_generation_nope_local_b9f9c23886.log
nope_local,serving,generation,,,16k,,peak_allocated_bytes,1637850112,1,/home/sagemaker-user/atma/benchmarks/logs/foveal_cpt/serving_serving_generation_nope_local_3ba735eea7.log
nope_local,serving,generation,,,16k,,peak_allocated_bytes,1637850112,1,/home/sagemaker-user/atma/benchmarks/logs/foveal_cpt/serving_serving_generation_nope_local_b9f9c23886.log
nope_local,serving,generation,,,16k,,peak_reserved_bytes,1692401664,1,/home/sagemaker-user/atma/benchmarks/logs/foveal_cpt/serving_serving_generation_nope_local_3ba735eea7.log
nope_local,serving,generation,,,16k,,peak_reserved_bytes,1692401664,1,/home/sagemaker-user/atma/benchmarks/logs/foveal_cpt/serving_serving_generation_nope_local_b9f9c23886.log
nope_local,serving,generation,,,16k,,prefill_tokens_per_s,171362.79971362444,1,/home/sagemaker-user/atma/benchmarks/logs/foveal_cpt/serving_serving_generation_nope_local_3ba735eea7.log
nope_local,serving,generation,,,16k,,prefill_tokens_per_s,170433.05945583704,1,/home/sagemaker-user/atma/benchmarks/logs/foveal_cpt/serving_serving_generation_nope_local_b9f9c23886.log
nope_local,serving,generation,,,256k,,decode_tokens_per_s,469.4611588944699,1,/home/sagemaker-user/atma/benchmarks/logs/foveal_cpt/serving_serving_generation_nope_local_b9f9c23886.log
nope_local,serving,generation,,,256k,,oom,False,1,/home/sagemaker-user/atma/benchmarks/logs/foveal_cpt/serving_serving_generation_nope_local_b9f9c23886.log
nope_local,serving,generation,,,256k,,peak_allocated_bytes,14532389888,1,/home/sagemaker-user/atma/benchmarks/logs/foveal_cpt/serving_serving_generation_nope_local_b9f9c23886.log
nope_local,serving,generation,,,256k,,peak_reserved_bytes,15313403904,1,/home/sagemaker-user/atma/benchmarks/logs/foveal_cpt/serving_serving_generation_nope_local_b9f9c23886.log
nope_local,serving,generation,,,256k,,prefill_tokens_per_s,149260.02246111113,1,/home/sagemaker-user/atma/benchmarks/logs/foveal_cpt/serving_serving_generation_nope_local_b9f9c23886.log
nope_local,serving,generation,,,2k,,decode_tokens_per_s,484.4043076424316,1,/home/sagemaker-user/atma/benchmarks/logs/foveal_cpt/serving_serving_generation_nope_local_3ba735eea7.log
nope_local,serving,generation,,,2k,,decode_tokens_per_s,486.6874955094791,1,/home/sagemaker-user/atma/benchmarks/logs/foveal_cpt/serving_serving_generation_nope_local_b9f9c23886.log
nope_local,serving,generation,,,2k,,oom,False,1,/home/sagemaker-user/atma/benchmarks/logs/foveal_cpt/serving_serving_generation_nope_local_3ba735eea7.log
nope_local,serving,generation,,,2k,,oom,False,1,/home/sagemaker-user/atma/benchmarks/logs/foveal_cpt/serving_serving_generation_nope_local_b9f9c23886.log
nope_local,serving,generation,,,2k,,peak_allocated_bytes,887766016,1,/home/sagemaker-user/atma/benchmarks/logs/foveal_cpt/serving_serving_generation_nope_local_3ba735eea7.log
nope_local,serving,generation,,,2k,,peak_allocated_bytes,887766016,1,/home/sagemaker-user/atma/benchmarks/logs/foveal_cpt/serving_serving_generation_nope_local_b9f9c23886.log
nope_local,serving,generation,,,2k,,peak_reserved_bytes,924844032,1,/home/sagemaker-user/atma/benchmarks/logs/foveal_cpt/serving_serving_generation_nope_local_3ba735eea7.log
nope_local,serving,generation,,,2k,,peak_reserved_bytes,924844032,1,/home/sagemaker-user/atma/benchmarks/logs/foveal_cpt/serving_serving_generation_nope_local_b9f9c23886.log
nope_local,serving,generation,,,2k,,prefill_tokens_per_s,12802.65069529147,1,/home/sagemaker-user/atma/benchmarks/logs/foveal_cpt/serving_serving_generation_nope_local_3ba735eea7.log
nope_local,serving,generation,,,2k,,prefill_tokens_per_s,12535.343505233515,1,/home/sagemaker-user/atma/benchmarks/logs/foveal_cpt/serving_serving_generation_nope_local_b9f9c23886.log
nope_local,serving,generation,,,32k,,decode_tokens_per_s,483.9892588630386,1,/home/sagemaker-user/atma/benchmarks/logs/foveal_cpt/serving_serving_generation_nope_local_3ba735eea7.log
nope_local,serving,generation,,,32k,,decode_tokens_per_s,484.39123145910725,1,/home/sagemaker-user/atma/benchmarks/logs/foveal_cpt/serving_serving_generation_nope_local_b9f9c23886.log
nope_local,serving,generation,,,32k,,oom,False,1,/home/sagemaker-user/atma/benchmarks/logs/foveal_cpt/serving_serving_generation_nope_local_3ba735eea7.log
nope_local,serving,generation,,,32k,,oom,False,1,/home/sagemaker-user/atma/benchmarks/logs/foveal_cpt/serving_serving_generation_nope_local_b9f9c23886.log
nope_local,serving,generation,,,32k,,peak_allocated_bytes,2497486336,1,/home/sagemaker-user/atma/benchmarks/logs/foveal_cpt/serving_serving_generation_nope_local_3ba735eea7.log
nope_local,serving,generation,,,32k,,peak_allocated_bytes,2497486336,1,/home/sagemaker-user/atma/benchmarks/logs/foveal_cpt/serving_serving_generation_nope_local_b9f9c23886.log
nope_local,serving,generation,,,32k,,peak_reserved_bytes,2636120064,1,/home/sagemaker-user/atma/benchmarks/logs/foveal_cpt/serving_serving_generation_nope_local_3ba735eea7.log
nope_local,serving,generation,,,32k,,peak_reserved_bytes,2636120064,1,/home/sagemaker-user/atma/benchmarks/logs/foveal_cpt/serving_serving_generation_nope_local_b9f9c23886.log
nope_local,serving,generation,,,32k,,prefill_tokens_per_s,157854.34420668308,1,/home/sagemaker-user/atma/benchmarks/logs/foveal_cpt/serving_serving_generation_nope_local_3ba735eea7.log
nope_local,serving,generation,,,32k,,prefill_tokens_per_s,156772.1101642904,1,/home/sagemaker-user/atma/benchmarks/logs/foveal_cpt/serving_serving_generation_nope_local_b9f9c23886.log
nope_local,serving,generation,,,4k,,decode_tokens_per_s,487.3022285091041,1,/home/sagemaker-user/atma/benchmarks/logs/foveal_cpt/serving_serving_generation_nope_local_3ba735eea7.log
nope_local,serving,generation,,,4k,,decode_tokens_per_s,486.8932131887877,1,/home/sagemaker-user/atma/benchmarks/logs/foveal_cpt/serving_serving_generation_nope_local_b9f9c23886.log
nope_local,serving,generation,,,4k,,oom,False,1,/home/sagemaker-user/atma/benchmarks/logs/foveal_cpt/serving_serving_generation_nope_local_3ba735eea7.log
nope_local,serving,generation,,,4k,,oom,False,1,/home/sagemaker-user/atma/benchmarks/logs/foveal_cpt/serving_serving_generation_nope_local_b9f9c23886.log
nope_local,serving,generation,,,4k,,peak_allocated_bytes,993123328,1,/home/sagemaker-user/atma/benchmarks/logs/foveal_cpt/serving_serving_generation_nope_local_3ba735eea7.log
nope_local,serving,generation,,,4k,,peak_allocated_bytes,993123328,1,/home/sagemaker-user/atma/benchmarks/logs/foveal_cpt/serving_serving_generation_nope_local_b9f9c23886.log
nope_local,serving,generation,,,4k,,peak_reserved_bytes,1088421888,1,/home/sagemaker-user/atma/benchmarks/logs/foveal_cpt/serving_serving_generation_nope_local_3ba735eea7.log
nope_local,serving,generation,,,4k,,peak_reserved_bytes,1088421888,1,/home/sagemaker-user/atma/benchmarks/logs/foveal_cpt/serving_serving_generation_nope_local_b9f9c23886.log
nope_local,serving,generation,,,4k,,prefill_tokens_per_s,104390.6049587349,1,/home/sagemaker-user/atma/benchmarks/logs/foveal_cpt/serving_serving_generation_nope_local_3ba735eea7.log
nope_local,serving,generation,,,4k,,prefill_tokens_per_s,101767.49558877789,1,/home/sagemaker-user/atma/benchmarks/logs/foveal_cpt/serving_serving_generation_nope_local_b9f9c23886.log
nope_local,serving,generation,,,64k,,decode_tokens_per_s,478.3815990069234,1,/home/sagemaker-user/atma/benchmarks/logs/foveal_cpt/serving_serving_generation_nope_local_3ba735eea7.log
nope_local,serving,generation,,,64k,,decode_tokens_per_s,482.33520181429526,1,/home/sagemaker-user/atma/benchmarks/logs/foveal_cpt/serving_serving_generation_nope_local_b9f9c23886.log
nope_local,serving,generation,,,64k,,oom,False,1,/home/sagemaker-user/atma/benchmarks/logs/foveal_cpt/serving_serving_generation_nope_local_3ba735eea7.log
nope_local,serving,generation,,,64k,,oom,False,1,/home/sagemaker-user/atma/benchmarks/logs/foveal_cpt/serving_serving_generation_nope_local_b9f9c23886.log
nope_local,serving,generation,,,64k,,peak_allocated_bytes,4216758272,1,/home/sagemaker-user/atma/benchmarks/logs/foveal_cpt/serving_serving_generation_nope_local_3ba735eea7.log
nope_local,serving,generation,,,64k,,peak_allocated_bytes,4216758272,1,/home/sagemaker-user/atma/benchmarks/logs/foveal_cpt/serving_serving_generation_nope_local_b9f9c23886.log
nope_local,serving,generation,,,64k,,peak_reserved_bytes,4441767936,1,/home/sagemaker-user/atma/benchmarks/logs/foveal_cpt/serving_serving_generation_nope_local_3ba735eea7.log
nope_local,serving,generation,,,64k,,peak_reserved_bytes,4441767936,1,/home/sagemaker-user/atma/benchmarks/logs/foveal_cpt/serving_serving_generation_nope_local_b9f9c23886.log
nope_local,serving,generation,,,64k,,prefill_tokens_per_s,157647.8893815061,1,/home/sagemaker-user/atma/benchmarks/logs/foveal_cpt/serving_serving_generation_nope_local_3ba735eea7.log
nope_local,serving,generation,,,64k,,prefill_tokens_per_s,156496.41024744112,1,/home/sagemaker-user/atma/benchmarks/logs/foveal_cpt/serving_serving_generation_nope_local_b9f9c23886.log
nope_local,serving,generation,,,8k,,decode_tokens_per_s,484.93801201230906,1,/home/sagemaker-user/atma/benchmarks/logs/foveal_cpt/serving_serving_generation_nope_local_3ba735eea7.log
nope_local,serving,generation,,,8k,,decode_tokens_per_s,487.0489045580172,1,/home/sagemaker-user/atma/benchmarks/logs/foveal_cpt/serving_serving_generation_nope_local_b9f9c23886.log
nope_local,serving,generation,,,8k,,oom,False,1,/home/sagemaker-user/atma/benchmarks/logs/foveal_cpt/serving_serving_generation_nope_local_3ba735eea7.log
nope_local,serving,generation,,,8k,,oom,False,1,/home/sagemaker-user/atma/benchmarks/logs/foveal_cpt/serving_serving_generation_nope_local_b9f9c23886.log
nope_local,serving,generation,,,8k,,peak_allocated_bytes,1208032256,1,/home/sagemaker-user/atma/benchmarks/logs/foveal_cpt/serving_serving_generation_nope_local_3ba735eea7.log
nope_local,serving,generation,,,8k,,peak_allocated_bytes,1208032256,1,/home/sagemaker-user/atma/benchmarks/logs/foveal_cpt/serving_serving_generation_nope_local_b9f9c23886.log
nope_local,serving,generation,,,8k,,peak_reserved_bytes,1254096896,1,/home/sagemaker-user/atma/benchmarks/logs/foveal_cpt/serving_serving_generation_nope_local_3ba735eea7.log
nope_local,serving,generation,,,8k,,peak_reserved_bytes,1254096896,1,/home/sagemaker-user/atma/benchmarks/logs/foveal_cpt/serving_serving_generation_nope_local_b9f9c23886.log
nope_local,serving,generation,,,8k,,prefill_tokens_per_s,153780.63331751,1,/home/sagemaker-user/atma/benchmarks/logs/foveal_cpt/serving_serving_generation_nope_local_3ba735eea7.log
nope_local,serving,generation,,,8k,,prefill_tokens_per_s,154341.73972171414,1,/home/sagemaker-user/atma/benchmarks/logs/foveal_cpt/serving_serving_generation_nope_local_b9f9c23886.log
nope_local,serving,generation,,,,,max_successful_context_tokens,131072,,/home/sagemaker-user/atma/benchmarks/logs/foveal_cpt/serving_serving_generation_nope_local_3ba735eea7.log
nope_local,serving,generation,,,,,max_successful_context_tokens,262144,,/home/sagemaker-user/atma/benchmarks/logs/foveal_cpt/serving_serving_generation_nope_local_b9f9c23886.log
polar_kl,babilong,adapted_reasoning,,RMT-team/babilong,0k,,macro_accuracy,60.0,5,/home/sagemaker-user/atma/benchmarks/logs/foveal_cpt/babilong_babilong_direct_ft_polar_kl_d3d2413ae6.log
polar_kl,babilong,adapted_reasoning,,RMT-team/babilong,128k,,macro_accuracy,22.0,5,/home/sagemaker-user/atma/benchmarks/logs/foveal_cpt/babilong_babilong_direct_ft_polar_kl_d3d2413ae6.log
polar_kl,babilong,adapted_reasoning,,RMT-team/babilong,16k,,macro_accuracy,44.0,5,/home/sagemaker-user/atma/benchmarks/logs/foveal_cpt/babilong_babilong_direct_ft_polar_kl_d3d2413ae6.log
polar_kl,babilong,adapted_reasoning,,RMT-team/babilong,1k,,macro_accuracy,54.0,5,/home/sagemaker-user/atma/benchmarks/logs/foveal_cpt/babilong_babilong_direct_ft_polar_kl_d3d2413ae6.log
polar_kl,babilong,adapted_reasoning,,RMT-team/babilong,256k,,macro_accuracy,18.0,5,/home/sagemaker-user/atma/benchmarks/logs/foveal_cpt/babilong_babilong_direct_ft_polar_kl_d3d2413ae6.log
polar_kl,babilong,adapted_reasoning,,RMT-team/babilong,2k,,macro_accuracy,50.0,5,/home/sagemaker-user/atma/benchmarks/logs/foveal_cpt/babilong_babilong_direct_ft_polar_kl_d3d2413ae6.log
polar_kl,babilong,adapted_reasoning,,RMT-team/babilong,32k,,macro_accuracy,32.0,5,/home/sagemaker-user/atma/benchmarks/logs/foveal_cpt/babilong_babilong_direct_ft_polar_kl_d3d2413ae6.log
polar_kl,babilong,adapted_reasoning,,RMT-team/babilong,4k,,macro_accuracy,56.0,5,/home/sagemaker-user/atma/benchmarks/logs/foveal_cpt/babilong_babilong_direct_ft_polar_kl_d3d2413ae6.log
polar_kl,babilong,adapted_reasoning,,RMT-team/babilong,64k,,macro_accuracy,38.0,5,/home/sagemaker-user/atma/benchmarks/logs/foveal_cpt/babilong_babilong_direct_ft_polar_kl_d3d2413ae6.log
polar_kl,babilong,adapted_reasoning,,RMT-team/babilong,8k,,macro_accuracy,64.0,5,/home/sagemaker-user/atma/benchmarks/logs/foveal_cpt/babilong_babilong_direct_ft_polar_kl_d3d2413ae6.log
polar_kl,babilong,adapted_reasoning,qa1,RMT-team/babilong,0k,,accuracy,60.0,10,/home/sagemaker-user/atma/benchmarks/logs/foveal_cpt/babilong_babilong_direct_ft_polar_kl_d3d2413ae6.log
polar_kl,babilong,adapted_reasoning,qa1,RMT-team/babilong,128k,,accuracy,20.0,10,/home/sagemaker-user/atma/benchmarks/logs/foveal_cpt/babilong_babilong_direct_ft_polar_kl_d3d2413ae6.log
polar_kl,babilong,adapted_reasoning,qa1,RMT-team/babilong,16k,,accuracy,60.0,10,/home/sagemaker-user/atma/benchmarks/logs/foveal_cpt/babilong_babilong_direct_ft_polar_kl_d3d2413ae6.log
polar_kl,babilong,adapted_reasoning,qa1,RMT-team/babilong,1k,,accuracy,50.0,10,/home/sagemaker-user/atma/benchmarks/logs/foveal_cpt/babilong_babilong_direct_ft_polar_kl_d3d2413ae6.log
polar_kl,babilong,adapted_reasoning,qa1,RMT-team/babilong,256k,,accuracy,30.0,10,/home/sagemaker-user/atma/benchmarks/logs/foveal_cpt/babilong_babilong_direct_ft_polar_kl_d3d2413ae6.log
polar_kl,babilong,adapted_reasoning,qa1,RMT-team/babilong,2k,,accuracy,50.0,10,/home/sagemaker-user/atma/benchmarks/logs/foveal_cpt/babilong_babilong_direct_ft_polar_kl_d3d2413ae6.log
polar_kl,babilong,adapted_reasoning,qa1,RMT-team/babilong,32k,,accuracy,40.0,10,/home/sagemaker-user/atma/benchmarks/logs/foveal_cpt/babilong_babilong_direct_ft_polar_kl_d3d2413ae6.log
polar_kl,babilong,adapted_reasoning,qa1,RMT-team/babilong,4k,,accuracy,60.0,10,/home/sagemaker-user/atma/benchmarks/logs/foveal_cpt/babilong_babilong_direct_ft_polar_kl_d3d2413ae6.log
polar_kl,babilong,adapted_reasoning,qa1,RMT-team/babilong,64k,,accuracy,60.0,10,/home/sagemaker-user/atma/benchmarks/logs/foveal_cpt/babilong_babilong_direct_ft_polar_kl_d3d2413ae6.log
polar_kl,babilong,adapted_reasoning,qa1,RMT-team/babilong,8k,,accuracy,60.0,10,/home/sagemaker-user/atma/benchmarks/logs/foveal_cpt/babilong_babilong_direct_ft_polar_kl_d3d2413ae6.log
polar_kl,babilong,adapted_reasoning,qa2,RMT-team/babilong,0k,,accuracy,70.0,10,/home/sagemaker-user/atma/benchmarks/logs/foveal_cpt/babilong_babilong_direct_ft_polar_kl_d3d2413ae6.log
polar_kl,babilong,adapted_reasoning,qa2,RMT-team/babilong,128k,,accuracy,30.0,10,/home/sagemaker-user/atma/benchmarks/logs/foveal_cpt/babilong_babilong_direct_ft_polar_kl_d3d2413ae6.log
polar_kl,babilong,adapted_reasoning,qa2,RMT-team/babilong,16k,,accuracy,40.0,10,/home/sagemaker-user/atma/benchmarks/logs/foveal_cpt/babilong_babilong_direct_ft_polar_kl_d3d2413ae6.log
polar_kl,babilong,adapted_reasoning,qa2,RMT-team/babilong,1k,,accuracy,60.0,10,/home/sagemaker-user/atma/benchmarks/logs/foveal_cpt/babilong_babilong_direct_ft_polar_kl_d3d2413ae6.log
polar_kl,babilong,adapted_reasoning,qa2,RMT-team/babilong,256k,,accuracy,30.0,10,/home/sagemaker-user/atma/benchmarks/logs/foveal_cpt/babilong_babilong_direct_ft_polar_kl_d3d2413ae6.log
polar_kl,babilong,adapted_reasoning,qa2,RMT-team/babilong,2k,,accuracy,40.0,10,/home/sagemaker-user/atma/benchmarks/logs/foveal_cpt/babilong_babilong_direct_ft_polar_kl_d3d2413ae6.log
polar_kl,babilong,adapted_reasoning,qa2,RMT-team/babilong,32k,,accuracy,40.0,10,/home/sagemaker-user/atma/benchmarks/logs/foveal_cpt/babilong_babilong_direct_ft_polar_kl_d3d2413ae6.log
polar_kl,babilong,adapted_reasoning,qa2,RMT-team/babilong,4k,,accuracy,50.0,10,/home/sagemaker-user/atma/benchmarks/logs/foveal_cpt/babilong_babilong_direct_ft_polar_kl_d3d2413ae6.log
polar_kl,babilong,adapted_reasoning,qa2,RMT-team/babilong,64k,,accuracy,40.0,10,/home/sagemaker-user/atma/benchmarks/logs/foveal_cpt/babilong_babilong_direct_ft_polar_kl_d3d2413ae6.log
polar_kl,babilong,adapted_reasoning,qa2,RMT-team/babilong,8k,,accuracy,60.0,10,/home/sagemaker-user/atma/benchmarks/logs/foveal_cpt/babilong_babilong_direct_ft_polar_kl_d3d2413ae6.log
polar_kl,babilong,adapted_reasoning,qa3,RMT-team/babilong,0k,,accuracy,30.0,10,/home/sagemaker-user/atma/benchmarks/logs/foveal_cpt/babilong_babilong_direct_ft_polar_kl_d3d2413ae6.log
polar_kl,babilong,adapted_reasoning,qa3,RMT-team/babilong,128k,,accuracy,40.0,10,/home/sagemaker-user/atma/benchmarks/logs/foveal_cpt/babilong_babilong_direct_ft_polar_kl_d3d2413ae6.log
polar_kl,babilong,adapted_reasoning,qa3,RMT-team/babilong,16k,,accuracy,40.0,10,/home/sagemaker-user/atma/benchmarks/logs/foveal_cpt/babilong_babilong_direct_ft_polar_kl_d3d2413ae6.log
polar_kl,babilong,adapted_reasoning,qa3,RMT-team/babilong,1k,,accuracy,30.0,10,/home/sagemaker-user/atma/benchmarks/logs/foveal_cpt/babilong_babilong_direct_ft_polar_kl_d3d2413ae6.log
polar_kl,babilong,adapted_reasoning,qa3,RMT-team/babilong,256k,,accuracy,20.0,10,/home/sagemaker-user/atma/benchmarks/logs/foveal_cpt/babilong_babilong_direct_ft_polar_kl_d3d2413ae6.log
polar_kl,babilong,adapted_reasoning,qa3,RMT-team/babilong,2k,,accuracy,30.0,10,/home/sagemaker-user/atma/benchmarks/logs/foveal_cpt/babilong_babilong_direct_ft_polar_kl_d3d2413ae6.log
polar_kl,babilong,adapted_reasoning,qa3,RMT-team/babilong,32k,,accuracy,10.0,10,/home/sagemaker-user/atma/benchmarks/logs/foveal_cpt/babilong_babilong_direct_ft_polar_kl_d3d2413ae6.log
polar_kl,babilong,adapted_reasoning,qa3,RMT-team/babilong,4k,,accuracy,30.0,10,/home/sagemaker-user/atma/benchmarks/logs/foveal_cpt/babilong_babilong_direct_ft_polar_kl_d3d2413ae6.log
polar_kl,babilong,adapted_reasoning,qa3,RMT-team/babilong,64k,,accuracy,30.0,10,/home/sagemaker-user/atma/benchmarks/logs/foveal_cpt/babilong_babilong_direct_ft_polar_kl_d3d2413ae6.log
polar_kl,babilong,adapted_reasoning,qa3,RMT-team/babilong,8k,,accuracy,60.0,10,/home/sagemaker-user/atma/benchmarks/logs/foveal_cpt/babilong_babilong_direct_ft_polar_kl_d3d2413ae6.log
polar_kl,babilong,adapted_reasoning,qa4,RMT-team/babilong,0k,,accuracy,80.0,10,/home/sagemaker-user/atma/benchmarks/logs/foveal_cpt/babilong_babilong_direct_ft_polar_kl_d3d2413ae6.log
polar_kl,babilong,adapted_reasoning,qa4,RMT-team/babilong,128k,,accuracy,20.0,10,/home/sagemaker-user/atma/benchmarks/logs/foveal_cpt/babilong_babilong_direct_ft_polar_kl_d3d2413ae6.log
polar_kl,babilong,adapted_reasoning,qa4,RMT-team/babilong,16k,,accuracy,50.0,10,/home/sagemaker-user/atma/benchmarks/logs/foveal_cpt/babilong_babilong_direct_ft_polar_kl_d3d2413ae6.log
polar_kl,babilong,adapted_reasoning,qa4,RMT-team/babilong,1k,,accuracy,80.0,10,/home/sagemaker-user/atma/benchmarks/logs/foveal_cpt/babilong_babilong_direct_ft_polar_kl_d3d2413ae6.log
polar_kl,babilong,adapted_reasoning,qa4,RMT-team/babilong,256k,,accuracy,10.0,10,/home/sagemaker-user/atma/benchmarks/logs/foveal_cpt/babilong_babilong_direct_ft_polar_kl_d3d2413ae6.log
polar_kl,babilong,adapted_reasoning,qa4,RMT-team/babilong,2k,,accuracy,80.0,10,/home/sagemaker-user/atma/benchmarks/logs/foveal_cpt/babilong_babilong_direct_ft_polar_kl_d3d2413ae6.log
polar_kl,babilong,adapted_reasoning,qa4,RMT-team/babilong,32k,,accuracy,30.0,10,/home/sagemaker-user/atma/benchmarks/logs/foveal_cpt/babilong_babilong_direct_ft_polar_kl_d3d2413ae6.log
polar_kl,babilong,adapted_reasoning,qa4,RMT-team/babilong,4k,,accuracy,60.0,10,/home/sagemaker-user/atma/benchmarks/logs/foveal_cpt/babilong_babilong_direct_ft_polar_kl_d3d2413ae6.log
polar_kl,babilong,adapted_reasoning,qa4,RMT-team/babilong,64k,,accuracy,40.0,10,/home/sagemaker-user/atma/benchmarks/logs/foveal_cpt/babilong_babilong_direct_ft_polar_kl_d3d2413ae6.log
polar_kl,babilong,adapted_reasoning,qa4,RMT-team/babilong,8k,,accuracy,70.0,10,/home/sagemaker-user/atma/benchmarks/logs/foveal_cpt/babilong_babilong_direct_ft_polar_kl_d3d2413ae6.log
polar_kl,babilong,adapted_reasoning,qa5,RMT-team/babilong,0k,,accuracy,60.0,10,/home/sagemaker-user/atma/benchmarks/logs/foveal_cpt/babilong_babilong_direct_ft_polar_kl_d3d2413ae6.log
polar_kl,babilong,adapted_reasoning,qa5,RMT-team/babilong,128k,,accuracy,0.0,10,/home/sagemaker-user/atma/benchmarks/logs/foveal_cpt/babilong_babilong_direct_ft_polar_kl_d3d2413ae6.log
polar_kl,babilong,adapted_reasoning,qa5,RMT-team/babilong,16k,,accuracy,30.0,10,/home/sagemaker-user/atma/benchmarks/logs/foveal_cpt/babilong_babilong_direct_ft_polar_kl_d3d2413ae6.log
polar_kl,babilong,adapted_reasoning,qa5,RMT-team/babilong,1k,,accuracy,50.0,10,/home/sagemaker-user/atma/benchmarks/logs/foveal_cpt/babilong_babilong_direct_ft_polar_kl_d3d2413ae6.log
polar_kl,babilong,adapted_reasoning,qa5,RMT-team/babilong,256k,,accuracy,0.0,10,/home/sagemaker-user/atma/benchmarks/logs/foveal_cpt/babilong_babilong_direct_ft_polar_kl_d3d2413ae6.log
polar_kl,babilong,adapted_reasoning,qa5,RMT-team/babilong,2k,,accuracy,50.0,10,/home/sagemaker-user/atma/benchmarks/logs/foveal_cpt/babilong_babilong_direct_ft_polar_kl_d3d2413ae6.log
polar_kl,babilong,adapted_reasoning,qa5,RMT-team/babilong,32k,,accuracy,40.0,10,/home/sagemaker-user/atma/benchmarks/logs/foveal_cpt/babilong_babilong_direct_ft_polar_kl_d3d2413ae6.log
polar_kl,babilong,adapted_reasoning,qa5,RMT-team/babilong,4k,,accuracy,80.0,10,/home/sagemaker-user/atma/benchmarks/logs/foveal_cpt/babilong_babilong_direct_ft_polar_kl_d3d2413ae6.log
polar_kl,babilong,adapted_reasoning,qa5,RMT-team/babilong,64k,,accuracy,20.0,10,/home/sagemaker-user/atma/benchmarks/logs/foveal_cpt/babilong_babilong_direct_ft_polar_kl_d3d2413ae6.log
polar_kl,babilong,adapted_reasoning,qa5,RMT-team/babilong,8k,,accuracy,70.0,10,/home/sagemaker-user/atma/benchmarks/logs/foveal_cpt/babilong_babilong_direct_ft_polar_kl_d3d2413ae6.log
polar_kl,base,zero_shot,arc_challenge,,,,accuracy,0.24749163879598662,299,/home/sagemaker-user/atma/benchmarks/logs/foveal_cpt/base_base_zero_shot_polar_kl_339316d750.log
polar_kl,base,zero_shot,arc_challenge,,,,accuracy_norm,0.26421404682274247,299,/home/sagemaker-user/atma/benchmarks/logs/foveal_cpt/base_base_zero_shot_polar_kl_339316d750.log
polar_kl,base,zero_shot,arc_easy,,,,accuracy,0.5614035087719298,570,/home/sagemaker-user/atma/benchmarks/logs/foveal_cpt/base_base_zero_shot_polar_kl_339316d750.log
polar_kl,base,zero_shot,arc_easy,,,,accuracy_norm,0.48947368421052634,570,/home/sagemaker-user/atma/benchmarks/logs/foveal_cpt/base_base_zero_shot_polar_kl_339316d750.log
polar_kl,base,zero_shot,boolq,,,,accuracy,0.5752293577981651,3270,/home/sagemaker-user/atma/benchmarks/logs/foveal_cpt/base_base_zero_shot_polar_kl_339316d750.log
polar_kl,base,zero_shot,boolq,,,,accuracy_norm,0.5752293577981651,3270,/home/sagemaker-user/atma/benchmarks/logs/foveal_cpt/base_base_zero_shot_polar_kl_339316d750.log
polar_kl,base,zero_shot,hellaswag,,,,accuracy,0.31995618402708625,10042,/home/sagemaker-user/atma/benchmarks/logs/foveal_cpt/base_base_zero_shot_polar_kl_339316d750.log
polar_kl,base,zero_shot,hellaswag,,,,accuracy_norm,0.36516630153355906,10042,/home/sagemaker-user/atma/benchmarks/logs/foveal_cpt/base_base_zero_shot_polar_kl_339316d750.log
polar_kl,base,zero_shot,lambada,,,,accuracy,0.2780904327576169,5153,/home/sagemaker-user/atma/benchmarks/logs/foveal_cpt/base_base_zero_shot_polar_kl_339316d750.log
polar_kl,base,zero_shot,lambada,,,,target_nll,3.2504141605572108,5153,/home/sagemaker-user/atma/benchmarks/logs/foveal_cpt/base_base_zero_shot_polar_kl_339316d750.log
polar_kl,base,zero_shot,lambada,,,,target_perplexity,25.801023470944397,5153,/home/sagemaker-user/atma/benchmarks/logs/foveal_cpt/base_base_zero_shot_polar_kl_339316d750.log
polar_kl,base,zero_shot,openbookqa,,,,accuracy,0.214,500,/home/sagemaker-user/atma/benchmarks/logs/foveal_cpt/base_base_zero_shot_polar_kl_339316d750.log
polar_kl,base,zero_shot,openbookqa,,,,accuracy_norm,0.32,500,/home/sagemaker-user/atma/benchmarks/logs/foveal_cpt/base_base_zero_shot_polar_kl_339316d750.log
polar_kl,base,zero_shot,piqa,,,,accuracy,0.6648531011969532,1838,/home/sagemaker-user/atma/benchmarks/logs/foveal_cpt/base_base_zero_shot_polar_kl_339316d750.log
polar_kl,base,zero_shot,piqa,,,,accuracy_norm,0.6730141458106638,1838,/home/sagemaker-user/atma/benchmarks/logs/foveal_cpt/base_base_zero_shot_polar_kl_339316d750.log
polar_kl,base,zero_shot,winogrande,,,,accuracy,0.5217048145224941,1267,/home/sagemaker-user/atma/benchmarks/logs/foveal_cpt/base_base_zero_shot_polar_kl_339316d750.log
polar_kl,base,zero_shot,winogrande,,,,accuracy_norm,0.5185477505919495,1267,/home/sagemaker-user/atma/benchmarks/logs/foveal_cpt/base_base_zero_shot_polar_kl_339316d750.log
polar_kl,longdoc,fixed_target,,codelion/finepdfs-1B,128k,,bits_per_byte,0.9546196283990542,4,/home/sagemaker-user/atma/benchmarks/logs/foveal_cpt/longdoc_longdoc_fixed_target_polar_kl_57a8fede19.log
polar_kl,longdoc,fixed_target,,codelion/finepdfs-1B,128k,,nll_nats_per_token,1.1327596753835678,4,/home/sagemaker-user/atma/benchmarks/logs/foveal_cpt/longdoc_longdoc_fixed_target_polar_kl_57a8fede19.log
polar_kl,longdoc,fixed_target,,codelion/finepdfs-1B,128k,,perplexity,3.104211305978337,4,/home/sagemaker-user/atma/benchmarks/logs/foveal_cpt/longdoc_longdoc_fixed_target_polar_kl_57a8fede19.log
polar_kl,longdoc,fixed_target,,codelion/finepdfs-1B,16k,,bits_per_byte,0.8949697332282487,4,/home/sagemaker-user/atma/benchmarks/logs/foveal_cpt/longdoc_longdoc_fixed_target_polar_kl_57a8fede19.log
polar_kl,longdoc,fixed_target,,codelion/finepdfs-1B,16k,,nll_nats_per_token,1.0619786083698273,4,/home/sagemaker-user/atma/benchmarks/logs/foveal_cpt/longdoc_longdoc_fixed_target_polar_kl_57a8fede19.log
polar_kl,longdoc,fixed_target,,codelion/finepdfs-1B,16k,,perplexity,2.8920876407079383,4,/home/sagemaker-user/atma/benchmarks/logs/foveal_cpt/longdoc_longdoc_fixed_target_polar_kl_57a8fede19.log
polar_kl,longdoc,fixed_target,,codelion/finepdfs-1B,256k,,bits_per_byte,1.009370170501365,4,/home/sagemaker-user/atma/benchmarks/logs/foveal_cpt/longdoc_longdoc_fixed_target_polar_kl_57a8fede19.log
polar_kl,longdoc,fixed_target,,codelion/finepdfs-1B,256k,,nll_nats_per_token,1.1977271288633347,4,/home/sagemaker-user/atma/benchmarks/logs/foveal_cpt/longdoc_longdoc_fixed_target_polar_kl_57a8fede19.log
polar_kl,longdoc,fixed_target,,codelion/finepdfs-1B,256k,,perplexity,3.312579294086717,4,/home/sagemaker-user/atma/benchmarks/logs/foveal_cpt/longdoc_longdoc_fixed_target_polar_kl_57a8fede19.log
polar_kl,longdoc,fixed_target,,codelion/finepdfs-1B,2k,,bits_per_byte,0.872031437975645,4,/home/sagemaker-user/atma/benchmarks/logs/foveal_cpt/longdoc_longdoc_fixed_target_polar_kl_57a8fede19.log
polar_kl,longdoc,fixed_target,,codelion/finepdfs-1B,2k,,nll_nats_per_token,1.03475983440876,4,/home/sagemaker-user/atma/benchmarks/logs/foveal_cpt/longdoc_longdoc_fixed_target_polar_kl_57a8fede19.log
polar_kl,longdoc,fixed_target,,codelion/finepdfs-1B,2k,,perplexity,2.814430225151059,4,/home/sagemaker-user/atma/benchmarks/logs/foveal_cpt/longdoc_longdoc_fixed_target_polar_kl_57a8fede19.log
polar_kl,longdoc,fixed_target,,codelion/finepdfs-1B,32k,,bits_per_byte,0.9071065965799384,4,/home/sagemaker-user/atma/benchmarks/logs/foveal_cpt/longdoc_longdoc_fixed_target_polar_kl_57a8fede19.log
polar_kl,longdoc,fixed_target,,codelion/finepdfs-1B,32k,,nll_nats_per_token,1.0763803124427795,4,/home/sagemaker-user/atma/benchmarks/logs/foveal_cpt/longdoc_longdoc_fixed_target_polar_kl_57a8fede19.log
polar_kl,longdoc,fixed_target,,codelion/finepdfs-1B,32k,,perplexity,2.934039998678962,4,/home/sagemaker-user/atma/benchmarks/logs/foveal_cpt/longdoc_longdoc_fixed_target_polar_kl_57a8fede19.log
polar_kl,longdoc,fixed_target,,codelion/finepdfs-1B,4k,,bits_per_byte,0.8128087206318806,4,/home/sagemaker-user/atma/benchmarks/logs/foveal_cpt/longdoc_longdoc_fixed_target_polar_kl_57a8fede19.log
polar_kl,longdoc,fixed_target,,codelion/finepdfs-1B,4k,,nll_nats_per_token,0.9644856601953506,4,/home/sagemaker-user/atma/benchmarks/logs/foveal_cpt/longdoc_longdoc_fixed_target_polar_kl_57a8fede19.log
polar_kl,longdoc,fixed_target,,codelion/finepdfs-1B,4k,,perplexity,2.623437970832377,4,/home/sagemaker-user/atma/benchmarks/logs/foveal_cpt/longdoc_longdoc_fixed_target_polar_kl_57a8fede19.log
polar_kl,longdoc,fixed_target,,codelion/finepdfs-1B,64k,,bits_per_byte,0.9453410527385386,4,/home/sagemaker-user/atma/benchmarks/logs/foveal_cpt/longdoc_longdoc_fixed_target_polar_kl_57a8fede19.log
polar_kl,longdoc,fixed_target,,codelion/finepdfs-1B,64k,,nll_nats_per_token,1.1217496395111084,4,/home/sagemaker-user/atma/benchmarks/logs/foveal_cpt/longdoc_longdoc_fixed_target_polar_kl_57a8fede19.log
polar_kl,longdoc,fixed_target,,codelion/finepdfs-1B,64k,,perplexity,3.0702212871647108,4,/home/sagemaker-user/atma/benchmarks/logs/foveal_cpt/longdoc_longdoc_fixed_target_polar_kl_57a8fede19.log
polar_kl,longdoc,fixed_target,,codelion/finepdfs-1B,8k,,bits_per_byte,0.8740968528783979,4,/home/sagemaker-user/atma/benchmarks/logs/foveal_cpt/longdoc_longdoc_fixed_target_polar_kl_57a8fede19.log
polar_kl,longdoc,fixed_target,,codelion/finepdfs-1B,8k,,nll_nats_per_token,1.0372106730937958,4,/home/sagemaker-user/atma/benchmarks/logs/foveal_cpt/longdoc_longdoc_fixed_target_polar_kl_57a8fede19.log
polar_kl,longdoc,fixed_target,,codelion/finepdfs-1B,8k,,perplexity,2.8213363991254727,4,/home/sagemaker-user/atma/benchmarks/logs/foveal_cpt/longdoc_longdoc_fixed_target_polar_kl_57a8fede19.log
polar_kl,longdoc,fixed_target,,emozilla/pg19,128k,,bits_per_byte,1.143290852549465,4,/home/sagemaker-user/atma/benchmarks/logs/foveal_cpt/longdoc_longdoc_fixed_target_polar_kl_57a8fede19.log
polar_kl,longdoc,fixed_target,,emozilla/pg19,128k,,nll_nats_per_token,3.1861271262168884,4,/home/sagemaker-user/atma/benchmarks/logs/foveal_cpt/longdoc_longdoc_fixed_target_polar_kl_57a8fede19.log
polar_kl,longdoc,fixed_target,,emozilla/pg19,128k,,perplexity,24.19454334719247,4,/home/sagemaker-user/atma/benchmarks/logs/foveal_cpt/longdoc_longdoc_fixed_target_polar_kl_57a8fede19.log
polar_kl,longdoc,fixed_target,,emozilla/pg19,16k,,bits_per_byte,1.1313519945486799,4,/home/sagemaker-user/atma/benchmarks/logs/foveal_cpt/longdoc_longdoc_fixed_target_polar_kl_57a8fede19.log
polar_kl,longdoc,fixed_target,,emozilla/pg19,16k,,nll_nats_per_token,3.15285587310791,4,/home/sagemaker-user/atma/benchmarks/logs/foveal_cpt/longdoc_longdoc_fixed_target_polar_kl_57a8fede19.log
polar_kl,longdoc,fixed_target,,emozilla/pg19,16k,,perplexity,23.402804675483416,4,/home/sagemaker-user/atma/benchmarks/logs/foveal_cpt/longdoc_longdoc_fixed_target_polar_kl_57a8fede19.log
polar_kl,longdoc,fixed_target,,emozilla/pg19,256k,,bits_per_byte,1.1524336130199775,4,/home/sagemaker-user/atma/benchmarks/logs/foveal_cpt/longdoc_longdoc_fixed_target_polar_kl_57a8fede19.log
polar_kl,longdoc,fixed_target,,emozilla/pg19,256k,,nll_nats_per_token,3.211606204509735,4,/home/sagemaker-user/atma/benchmarks/logs/foveal_cpt/longdoc_longdoc_fixed_target_polar_kl_57a8fede19.log
polar_kl,longdoc,fixed_target,,emozilla/pg19,256k,,perplexity,24.818918485443675,4,/home/sagemaker-user/atma/benchmarks/logs/foveal_cpt/longdoc_longdoc_fixed_target_polar_kl_57a8fede19.log
polar_kl,longdoc,fixed_target,,emozilla/pg19,2k,,bits_per_byte,1.136913518966008,4,/home/sagemaker-user/atma/benchmarks/logs/foveal_cpt/longdoc_longdoc_fixed_target_polar_kl_57a8fede19.log
polar_kl,longdoc,fixed_target,,emozilla/pg19,2k,,nll_nats_per_token,3.1683547496795654,4,/home/sagemaker-user/atma/benchmarks/logs/foveal_cpt/longdoc_longdoc_fixed_target_polar_kl_57a8fede19.log
polar_kl,longdoc,fixed_target,,emozilla/pg19,2k,,perplexity,23.76834728912695,4,/home/sagemaker-user/atma/benchmarks/logs/foveal_cpt/longdoc_longdoc_fixed_target_polar_kl_57a8fede19.log
polar_kl,longdoc,fixed_target,,emozilla/pg19,32k,,bits_per_byte,1.1341509367062523,4,/home/sagemaker-user/atma/benchmarks/logs/foveal_cpt/longdoc_longdoc_fixed_target_polar_kl_57a8fede19.log
polar_kl,longdoc,fixed_target,,emozilla/pg19,32k,,nll_nats_per_token,3.160655975341797,4,/home/sagemaker-user/atma/benchmarks/logs/foveal_cpt/longdoc_longdoc_fixed_target_polar_kl_57a8fede19.log
polar_kl,longdoc,fixed_target,,emozilla/pg19,32k,,perplexity,23.586062731154826,4,/home/sagemaker-user/atma/benchmarks/logs/foveal_cpt/longdoc_longdoc_fixed_target_polar_kl_57a8fede19.log
polar_kl,longdoc,fixed_target,,emozilla/pg19,4k,,bits_per_byte,1.1339843014333764,4,/home/sagemaker-user/atma/benchmarks/logs/foveal_cpt/longdoc_longdoc_fixed_target_polar_kl_57a8fede19.log
polar_kl,longdoc,fixed_target,,emozilla/pg19,4k,,nll_nats_per_token,3.160191595554352,4,/home/sagemaker-user/atma/benchmarks/logs/foveal_cpt/longdoc_longdoc_fixed_target_polar_kl_57a8fede19.log
polar_kl,longdoc,fixed_target,,emozilla/pg19,4k,,perplexity,23.575112383114,4,/home/sagemaker-user/atma/benchmarks/logs/foveal_cpt/longdoc_longdoc_fixed_target_polar_kl_57a8fede19.log
polar_kl,longdoc,fixed_target,,emozilla/pg19,64k,,bits_per_byte,1.140358148744278,4,/home/sagemaker-user/atma/benchmarks/logs/foveal_cpt/longdoc_longdoc_fixed_target_polar_kl_57a8fede19.log
polar_kl,longdoc,fixed_target,,emozilla/pg19,64k,,nll_nats_per_token,3.1779542565345764,4,/home/sagemaker-user/atma/benchmarks/logs/foveal_cpt/longdoc_longdoc_fixed_target_polar_kl_57a8fede19.log
polar_kl,longdoc,fixed_target,,emozilla/pg19,64k,,perplexity,23.997610347454522,4,/home/sagemaker-user/atma/benchmarks/logs/foveal_cpt/longdoc_longdoc_fixed_target_polar_kl_57a8fede19.log
polar_kl,longdoc,fixed_target,,emozilla/pg19,8k,,bits_per_byte,1.1285866104379747,4,/home/sagemaker-user/atma/benchmarks/logs/foveal_cpt/longdoc_longdoc_fixed_target_polar_kl_57a8fede19.log
polar_kl,longdoc,fixed_target,,emozilla/pg19,8k,,nll_nats_per_token,3.145149290561676,4,/home/sagemaker-user/atma/benchmarks/logs/foveal_cpt/longdoc_longdoc_fixed_target_polar_kl_57a8fede19.log
polar_kl,longdoc,fixed_target,,emozilla/pg19,8k,,perplexity,23.223142210446824,4,/home/sagemaker-user/atma/benchmarks/logs/foveal_cpt/longdoc_longdoc_fixed_target_polar_kl_57a8fede19.log
polar_kl,longdoc,fixed_target,,hoskinson-center/proof-pile,128k,,bits_per_byte,2.251618189450179,4,/home/sagemaker-user/atma/benchmarks/logs/foveal_cpt/longdoc_longdoc_fixed_target_polar_kl_57a8fede19.log
polar_kl,longdoc,fixed_target,,hoskinson-center/proof-pile,128k,,nll_nats_per_token,4.209630012512207,4,/home/sagemaker-user/atma/benchmarks/logs/foveal_cpt/longdoc_longdoc_fixed_target_polar_kl_57a8fede19.log
polar_kl,longdoc,fixed_target,,hoskinson-center/proof-pile,128k,,perplexity,67.33162334284062,4,/home/sagemaker-user/atma/benchmarks/logs/foveal_cpt/longdoc_longdoc_fixed_target_polar_kl_57a8fede19.log
polar_kl,longdoc,fixed_target,,hoskinson-center/proof-pile,16k,,bits_per_byte,2.2915936186316443,4,/home/sagemaker-user/atma/benchmarks/logs/foveal_cpt/longdoc_longdoc_fixed_target_polar_kl_57a8fede19.log
polar_kl,longdoc,fixed_target,,hoskinson-center/proof-pile,16k,,nll_nats_per_token,4.28436815738678,4,/home/sagemaker-user/atma/benchmarks/logs/foveal_cpt/longdoc_longdoc_fixed_target_polar_kl_57a8fede19.log
polar_kl,longdoc,fixed_target,,hoskinson-center/proof-pile,16k,,perplexity,72.55668782623577,4,/home/sagemaker-user/atma/benchmarks/logs/foveal_cpt/longdoc_longdoc_fixed_target_polar_kl_57a8fede19.log
polar_kl,longdoc,fixed_target,,hoskinson-center/proof-pile,256k,,bits_per_byte,2.1915433349137476,4,/home/sagemaker-user/atma/benchmarks/logs/foveal_cpt/longdoc_longdoc_fixed_target_polar_kl_57a8fede19.log
polar_kl,longdoc,fixed_target,,hoskinson-center/proof-pile,256k,,nll_nats_per_token,4.097313940525055,4,/home/sagemaker-user/atma/benchmarks/logs/foveal_cpt/longdoc_longdoc_fixed_target_polar_kl_57a8fede19.log
polar_kl,longdoc,fixed_target,,hoskinson-center/proof-pile,256k,,perplexity,60.178427476413155,4,/home/sagemaker-user/atma/benchmarks/logs/foveal_cpt/longdoc_longdoc_fixed_target_polar_kl_57a8fede19.log
polar_kl,longdoc,fixed_target,,hoskinson-center/proof-pile,2k,,bits_per_byte,2.0965336806226653,4,/home/sagemaker-user/atma/benchmarks/logs/foveal_cpt/longdoc_longdoc_fixed_target_polar_kl_57a8fede19.log
polar_kl,longdoc,fixed_target,,hoskinson-center/proof-pile,2k,,nll_nats_per_token,3.9196836948394775,4,/home/sagemaker-user/atma/benchmarks/logs/foveal_cpt/longdoc_longdoc_fixed_target_polar_kl_57a8fede19.log
polar_kl,longdoc,fixed_target,,hoskinson-center/proof-pile,2k,,perplexity,50.384505378279655,4,/home/sagemaker-user/atma/benchmarks/logs/foveal_cpt/longdoc_longdoc_fixed_target_polar_kl_57a8fede19.log
polar_kl,longdoc,fixed_target,,hoskinson-center/proof-pile,32k,,bits_per_byte,2.307040437308512,4,/home/sagemaker-user/atma/benchmarks/logs/foveal_cpt/longdoc_longdoc_fixed_target_polar_kl_57a8fede19.log
polar_kl,longdoc,fixed_target,,hoskinson-center/proof-pile,32k,,nll_nats_per_token,4.313247561454773,4,/home/sagemaker-user/atma/benchmarks/logs/foveal_cpt/longdoc_longdoc_fixed_target_polar_kl_57a8fede19.log
polar_kl,longdoc,fixed_target,,hoskinson-center/proof-pile,32k,,perplexity,74.68263197728265,4,/home/sagemaker-user/atma/benchmarks/logs/foveal_cpt/longdoc_longdoc_fixed_target_polar_kl_57a8fede19.log
polar_kl,longdoc,fixed_target,,hoskinson-center/proof-pile,4k,,bits_per_byte,2.039421424884179,4,/home/sagemaker-user/atma/benchmarks/logs/foveal_cpt/longdoc_longdoc_fixed_target_polar_kl_57a8fede19.log
polar_kl,longdoc,fixed_target,,hoskinson-center/proof-pile,4k,,nll_nats_per_token,3.812906503677368,4,/home/sagemaker-user/atma/benchmarks/logs/foveal_cpt/longdoc_longdoc_fixed_target_polar_kl_57a8fede19.log
polar_kl,longdoc,fixed_target,,hoskinson-center/proof-pile,4k,,perplexity,45.281859677936936,4,/home/sagemaker-user/atma/benchmarks/logs/foveal_cpt/longdoc_longdoc_fixed_target_polar_kl_57a8fede19.log
polar_kl,longdoc,fixed_target,,hoskinson-center/proof-pile,64k,,bits_per_byte,2.2905794226179967,4,/home/sagemaker-user/atma/benchmarks/logs/foveal_cpt/longdoc_longdoc_fixed_target_polar_kl_57a8fede19.log
polar_kl,longdoc,fixed_target,,hoskinson-center/proof-pile,64k,,nll_nats_per_token,4.282472014427185,4,/home/sagemaker-user/atma/benchmarks/logs/foveal_cpt/longdoc_longdoc_fixed_target_polar_kl_57a8fede19.log
polar_kl,longdoc,fixed_target,,hoskinson-center/proof-pile,64k,,perplexity,72.41924032467982,4,/home/sagemaker-user/atma/benchmarks/logs/foveal_cpt/longdoc_longdoc_fixed_target_polar_kl_57a8fede19.log
polar_kl,longdoc,fixed_target,,hoskinson-center/proof-pile,8k,,bits_per_byte,2.0696757540315236,4,/home/sagemaker-user/atma/benchmarks/logs/foveal_cpt/longdoc_longdoc_fixed_target_polar_kl_57a8fede19.log
polar_kl,longdoc,fixed_target,,hoskinson-center/proof-pile,8k,,nll_nats_per_token,3.8694700598716736,4,/home/sagemaker-user/atma/benchmarks/logs/foveal_cpt/longdoc_longdoc_fixed_target_polar_kl_57a8fede19.log
polar_kl,longdoc,fixed_target,,hoskinson-center/proof-pile,8k,,perplexity,47.91698621738519,4,/home/sagemaker-user/atma/benchmarks/logs/foveal_cpt/longdoc_longdoc_fixed_target_polar_kl_57a8fede19.log
polar_kl,retrieval,synthetic,niah,synthetic-filler,128k,0.1,exact_match,80.0,10,/home/sagemaker-user/atma/benchmarks/logs/foveal_cpt/retrieval_retrieval_synthetic_polar_kl_4b6cb311e4.log
polar_kl,retrieval,synthetic,niah,synthetic-filler,128k,0.1,nll_nats_per_token,0.6965645551681519,10,/home/sagemaker-user/atma/benchmarks/logs/foveal_cpt/retrieval_retrieval_synthetic_polar_kl_4b6cb311e4.log
polar_kl,retrieval,synthetic,niah,synthetic-filler,128k,0.1,token_accuracy,96.0,10,/home/sagemaker-user/atma/benchmarks/logs/foveal_cpt/retrieval_retrieval_synthetic_polar_kl_4b6cb311e4.log
polar_kl,retrieval,synthetic,niah,synthetic-filler,128k,0.5,exact_match,100.0,10,/home/sagemaker-user/atma/benchmarks/logs/foveal_cpt/retrieval_retrieval_synthetic_polar_kl_4b6cb311e4.log
polar_kl,retrieval,synthetic,niah,synthetic-filler,128k,0.5,nll_nats_per_token,0.6701910281181336,10,/home/sagemaker-user/atma/benchmarks/logs/foveal_cpt/retrieval_retrieval_synthetic_polar_kl_4b6cb311e4.log
polar_kl,retrieval,synthetic,niah,synthetic-filler,128k,0.5,token_accuracy,100.0,10,/home/sagemaker-user/atma/benchmarks/logs/foveal_cpt/retrieval_retrieval_synthetic_polar_kl_4b6cb311e4.log
polar_kl,retrieval,synthetic,niah,synthetic-filler,128k,0.9,exact_match,70.0,10,/home/sagemaker-user/atma/benchmarks/logs/foveal_cpt/retrieval_retrieval_synthetic_polar_kl_4b6cb311e4.log
polar_kl,retrieval,synthetic,niah,synthetic-filler,128k,0.9,nll_nats_per_token,0.7643518686294556,10,/home/sagemaker-user/atma/benchmarks/logs/foveal_cpt/retrieval_retrieval_synthetic_polar_kl_4b6cb311e4.log
polar_kl,retrieval,synthetic,niah,synthetic-filler,128k,0.9,token_accuracy,94.0,10,/home/sagemaker-user/atma/benchmarks/logs/foveal_cpt/retrieval_retrieval_synthetic_polar_kl_4b6cb311e4.log
polar_kl,retrieval,synthetic,niah,synthetic-filler,16k,0.1,exact_match,90.0,10,/home/sagemaker-user/atma/benchmarks/logs/foveal_cpt/retrieval_retrieval_synthetic_polar_kl_4b6cb311e4.log
polar_kl,retrieval,synthetic,niah,synthetic-filler,16k,0.1,nll_nats_per_token,0.6917813062667847,10,/home/sagemaker-user/atma/benchmarks/logs/foveal_cpt/retrieval_retrieval_synthetic_polar_kl_4b6cb311e4.log
polar_kl,retrieval,synthetic,niah,synthetic-filler,16k,0.1,token_accuracy,98.0,10,/home/sagemaker-user/atma/benchmarks/logs/foveal_cpt/retrieval_retrieval_synthetic_polar_kl_4b6cb311e4.log
polar_kl,retrieval,synthetic,niah,synthetic-filler,16k,0.5,exact_match,90.0,10,/home/sagemaker-user/atma/benchmarks/logs/foveal_cpt/retrieval_retrieval_synthetic_polar_kl_4b6cb311e4.log
polar_kl,retrieval,synthetic,niah,synthetic-filler,16k,0.5,nll_nats_per_token,0.7331047105789185,10,/home/sagemaker-user/atma/benchmarks/logs/foveal_cpt/retrieval_retrieval_synthetic_polar_kl_4b6cb311e4.log
polar_kl,retrieval,synthetic,niah,synthetic-filler,16k,0.5,token_accuracy,98.0,10,/home/sagemaker-user/atma/benchmarks/logs/foveal_cpt/retrieval_retrieval_synthetic_polar_kl_4b6cb311e4.log
polar_kl,retrieval,synthetic,niah,synthetic-filler,16k,0.9,exact_match,60.0,10,/home/sagemaker-user/atma/benchmarks/logs/foveal_cpt/retrieval_retrieval_synthetic_polar_kl_4b6cb311e4.log
polar_kl,retrieval,synthetic,niah,synthetic-filler,16k,0.9,nll_nats_per_token,0.892471251487732,10,/home/sagemaker-user/atma/benchmarks/logs/foveal_cpt/retrieval_retrieval_synthetic_polar_kl_4b6cb311e4.log
polar_kl,retrieval,synthetic,niah,synthetic-filler,16k,0.9,token_accuracy,92.0,10,/home/sagemaker-user/atma/benchmarks/logs/foveal_cpt/retrieval_retrieval_synthetic_polar_kl_4b6cb311e4.log
polar_kl,retrieval,synthetic,niah,synthetic-filler,256k,0.1,exact_match,20.0,10,/home/sagemaker-user/atma/benchmarks/logs/foveal_cpt/retrieval_retrieval_synthetic_polar_kl_4b6cb311e4.log
polar_kl,retrieval,synthetic,niah,synthetic-filler,256k,0.1,nll_nats_per_token,1.1252739334106445,10,/home/sagemaker-user/atma/benchmarks/logs/foveal_cpt/retrieval_retrieval_synthetic_polar_kl_4b6cb311e4.log
polar_kl,retrieval,synthetic,niah,synthetic-filler,256k,0.1,token_accuracy,82.0,10,/home/sagemaker-user/atma/benchmarks/logs/foveal_cpt/retrieval_retrieval_synthetic_polar_kl_4b6cb311e4.log
polar_kl,retrieval,synthetic,niah,synthetic-filler,256k,0.5,exact_match,60.0,10,/home/sagemaker-user/atma/benchmarks/logs/foveal_cpt/retrieval_retrieval_synthetic_polar_kl_4b6cb311e4.log
polar_kl,retrieval,synthetic,niah,synthetic-filler,256k,0.5,nll_nats_per_token,1.1619505596160888,10,/home/sagemaker-user/atma/benchmarks/logs/foveal_cpt/retrieval_retrieval_synthetic_polar_kl_4b6cb311e4.log
polar_kl,retrieval,synthetic,niah,synthetic-filler,256k,0.5,token_accuracy,92.0,10,/home/sagemaker-user/atma/benchmarks/logs/foveal_cpt/retrieval_retrieval_synthetic_polar_kl_4b6cb311e4.log
polar_kl,retrieval,synthetic,niah,synthetic-filler,256k,0.9,exact_match,70.0,10,/home/sagemaker-user/atma/benchmarks/logs/foveal_cpt/retrieval_retrieval_synthetic_polar_kl_4b6cb311e4.log
polar_kl,retrieval,synthetic,niah,synthetic-filler,256k,0.9,nll_nats_per_token,1.0448963451385498,10,/home/sagemaker-user/atma/benchmarks/logs/foveal_cpt/retrieval_retrieval_synthetic_polar_kl_4b6cb311e4.log
polar_kl,retrieval,synthetic,niah,synthetic-filler,256k,0.9,token_accuracy,94.0,10,/home/sagemaker-user/atma/benchmarks/logs/foveal_cpt/retrieval_retrieval_synthetic_polar_kl_4b6cb311e4.log
polar_kl,retrieval,synthetic,niah,synthetic-filler,2k,0.1,exact_match,50.0,10,/home/sagemaker-user/atma/benchmarks/logs/foveal_cpt/retrieval_retrieval_synthetic_polar_kl_4b6cb311e4.log
polar_kl,retrieval,synthetic,niah,synthetic-filler,2k,0.1,nll_nats_per_token,0.8873221063613892,10,/home/sagemaker-user/atma/benchmarks/logs/foveal_cpt/retrieval_retrieval_synthetic_polar_kl_4b6cb311e4.log
polar_kl,retrieval,synthetic,niah,synthetic-filler,2k,0.1,token_accuracy,90.0,10,/home/sagemaker-user/atma/benchmarks/logs/foveal_cpt/retrieval_retrieval_synthetic_polar_kl_4b6cb311e4.log
polar_kl,retrieval,synthetic,niah,synthetic-filler,2k,0.5,exact_match,90.0,10,/home/sagemaker-user/atma/benchmarks/logs/foveal_cpt/retrieval_retrieval_synthetic_polar_kl_4b6cb311e4.log
polar_kl,retrieval,synthetic,niah,synthetic-filler,2k,0.5,exact_match,100.0,5,/home/sagemaker-user/atma/benchmarks/logs/foveal_cpt/smoke_retrieval_synthetic_polar_kl_75410e5eca.log
polar_kl,retrieval,synthetic,niah,synthetic-filler,2k,0.5,exact_match,100.0,2,/home/sagemaker-user/atma/benchmarks/logs/foveal_cpt/smoke_retrieval_synthetic_polar_kl_f03c80b561.log
polar_kl,retrieval,synthetic,niah,synthetic-filler,2k,0.5,nll_nats_per_token,0.6091674613952637,10,/home/sagemaker-user/atma/benchmarks/logs/foveal_cpt/retrieval_retrieval_synthetic_polar_kl_4b6cb311e4.log
polar_kl,retrieval,synthetic,niah,synthetic-filler,2k,0.5,nll_nats_per_token,0.6721749210357666,5,/home/sagemaker-user/atma/benchmarks/logs/foveal_cpt/smoke_retrieval_synthetic_polar_kl_75410e5eca.log
polar_kl,retrieval,synthetic,niah,synthetic-filler,2k,0.5,nll_nats_per_token,0.7301020622253418,2,/home/sagemaker-user/atma/benchmarks/logs/foveal_cpt/smoke_retrieval_synthetic_polar_kl_f03c80b561.log
polar_kl,retrieval,synthetic,niah,synthetic-filler,2k,0.5,token_accuracy,98.0,10,/home/sagemaker-user/atma/benchmarks/logs/foveal_cpt/retrieval_retrieval_synthetic_polar_kl_4b6cb311e4.log
polar_kl,retrieval,synthetic,niah,synthetic-filler,2k,0.5,token_accuracy,100.0,5,/home/sagemaker-user/atma/benchmarks/logs/foveal_cpt/smoke_retrieval_synthetic_polar_kl_75410e5eca.log
polar_kl,retrieval,synthetic,niah,synthetic-filler,2k,0.5,token_accuracy,100.0,2,/home/sagemaker-user/atma/benchmarks/logs/foveal_cpt/smoke_retrieval_synthetic_polar_kl_f03c80b561.log
polar_kl,retrieval,synthetic,niah,synthetic-filler,2k,0.9,exact_match,100.0,10,/home/sagemaker-user/atma/benchmarks/logs/foveal_cpt/retrieval_retrieval_synthetic_polar_kl_4b6cb311e4.log
polar_kl,retrieval,synthetic,niah,synthetic-filler,2k,0.9,nll_nats_per_token,0.4212284398078918,10,/home/sagemaker-user/atma/benchmarks/logs/foveal_cpt/retrieval_retrieval_synthetic_polar_kl_4b6cb311e4.log
polar_kl,retrieval,synthetic,niah,synthetic-filler,2k,0.9,token_accuracy,100.0,10,/home/sagemaker-user/atma/benchmarks/logs/foveal_cpt/retrieval_retrieval_synthetic_polar_kl_4b6cb311e4.log
polar_kl,retrieval,synthetic,niah,synthetic-filler,32k,0.1,exact_match,40.0,10,/home/sagemaker-user/atma/benchmarks/logs/foveal_cpt/retrieval_retrieval_synthetic_polar_kl_4b6cb311e4.log
polar_kl,retrieval,synthetic,niah,synthetic-filler,32k,0.1,nll_nats_per_token,1.0359913539886474,10,/home/sagemaker-user/atma/benchmarks/logs/foveal_cpt/retrieval_retrieval_synthetic_polar_kl_4b6cb311e4.log
polar_kl,retrieval,synthetic,niah,synthetic-filler,32k,0.1,token_accuracy,88.0,10,/home/sagemaker-user/atma/benchmarks/logs/foveal_cpt/retrieval_retrieval_synthetic_polar_kl_4b6cb311e4.log
polar_kl,retrieval,synthetic,niah,synthetic-filler,32k,0.5,exact_match,0.0,10,/home/sagemaker-user/atma/benchmarks/logs/foveal_cpt/retrieval_retrieval_synthetic_polar_kl_4b6cb311e4.log
polar_kl,retrieval,synthetic,niah,synthetic-filler,32k,0.5,nll_nats_per_token,1.3866563320159913,10,/home/sagemaker-user/atma/benchmarks/logs/foveal_cpt/retrieval_retrieval_synthetic_polar_kl_4b6cb311e4.log
polar_kl,retrieval,synthetic,niah,synthetic-filler,32k,0.5,token_accuracy,74.0,10,/home/sagemaker-user/atma/benchmarks/logs/foveal_cpt/retrieval_retrieval_synthetic_polar_kl_4b6cb311e4.log
polar_kl,retrieval,synthetic,niah,synthetic-filler,32k,0.9,exact_match,50.0,10,/home/sagemaker-user/atma/benchmarks/logs/foveal_cpt/retrieval_retrieval_synthetic_polar_kl_4b6cb311e4.log
polar_kl,retrieval,synthetic,niah,synthetic-filler,32k,0.9,nll_nats_per_token,1.141230401992798,10,/home/sagemaker-user/atma/benchmarks/logs/foveal_cpt/retrieval_retrieval_synthetic_polar_kl_4b6cb311e4.log
polar_kl,retrieval,synthetic,niah,synthetic-filler,32k,0.9,token_accuracy,88.0,10,/home/sagemaker-user/atma/benchmarks/logs/foveal_cpt/retrieval_retrieval_synthetic_polar_kl_4b6cb311e4.log
polar_kl,retrieval,synthetic,niah,synthetic-filler,4k,0.1,exact_match,100.0,10,/home/sagemaker-user/atma/benchmarks/logs/foveal_cpt/retrieval_retrieval_synthetic_polar_kl_4b6cb311e4.log
polar_kl,retrieval,synthetic,niah,synthetic-filler,4k,0.1,nll_nats_per_token,0.7844921684265137,10,/home/sagemaker-user/atma/benchmarks/logs/foveal_cpt/retrieval_retrieval_synthetic_polar_kl_4b6cb311e4.log
polar_kl,retrieval,synthetic,niah,synthetic-filler,4k,0.1,token_accuracy,100.0,10,/home/sagemaker-user/atma/benchmarks/logs/foveal_cpt/retrieval_retrieval_synthetic_polar_kl_4b6cb311e4.log
polar_kl,retrieval,synthetic,niah,synthetic-filler,4k,0.5,exact_match,70.0,10,/home/sagemaker-user/atma/benchmarks/logs/foveal_cpt/retrieval_retrieval_synthetic_polar_kl_4b6cb311e4.log
polar_kl,retrieval,synthetic,niah,synthetic-filler,4k,0.5,nll_nats_per_token,0.8490322017669678,10,/home/sagemaker-user/atma/benchmarks/logs/foveal_cpt/retrieval_retrieval_synthetic_polar_kl_4b6cb311e4.log
polar_kl,retrieval,synthetic,niah,synthetic-filler,4k,0.5,token_accuracy,94.0,10,/home/sagemaker-user/atma/benchmarks/logs/foveal_cpt/retrieval_retrieval_synthetic_polar_kl_4b6cb311e4.log
polar_kl,retrieval,synthetic,niah,synthetic-filler,4k,0.9,exact_match,100.0,10,/home/sagemaker-user/atma/benchmarks/logs/foveal_cpt/retrieval_retrieval_synthetic_polar_kl_4b6cb311e4.log
polar_kl,retrieval,synthetic,niah,synthetic-filler,4k,0.9,nll_nats_per_token,0.3498430585861206,10,/home/sagemaker-user/atma/benchmarks/logs/foveal_cpt/retrieval_retrieval_synthetic_polar_kl_4b6cb311e4.log
polar_kl,retrieval,synthetic,niah,synthetic-filler,4k,0.9,token_accuracy,100.0,10,/home/sagemaker-user/atma/benchmarks/logs/foveal_cpt/retrieval_retrieval_synthetic_polar_kl_4b6cb311e4.log
polar_kl,retrieval,synthetic,niah,synthetic-filler,64k,0.1,exact_match,100.0,10,/home/sagemaker-user/atma/benchmarks/logs/foveal_cpt/retrieval_retrieval_synthetic_polar_kl_4b6cb311e4.log
polar_kl,retrieval,synthetic,niah,synthetic-filler,64k,0.1,nll_nats_per_token,0.8552051448822021,10,/home/sagemaker-user/atma/benchmarks/logs/foveal_cpt/retrieval_retrieval_synthetic_polar_kl_4b6cb311e4.log
polar_kl,retrieval,synthetic,niah,synthetic-filler,64k,0.1,token_accuracy,100.0,10,/home/sagemaker-user/atma/benchmarks/logs/foveal_cpt/retrieval_retrieval_synthetic_polar_kl_4b6cb311e4.log
polar_kl,retrieval,synthetic,niah,synthetic-filler,64k,0.5,exact_match,60.0,10,/home/sagemaker-user/atma/benchmarks/logs/foveal_cpt/retrieval_retrieval_synthetic_polar_kl_4b6cb311e4.log
polar_kl,retrieval,synthetic,niah,synthetic-filler,64k,0.5,nll_nats_per_token,0.8993995857238769,10,/home/sagemaker-user/atma/benchmarks/logs/foveal_cpt/retrieval_retrieval_synthetic_polar_kl_4b6cb311e4.log
polar_kl,retrieval,synthetic,niah,synthetic-filler,64k,0.5,token_accuracy,92.0,10,/home/sagemaker-user/atma/benchmarks/logs/foveal_cpt/retrieval_retrieval_synthetic_polar_kl_4b6cb311e4.log
polar_kl,retrieval,synthetic,niah,synthetic-filler,64k,0.9,exact_match,90.0,10,/home/sagemaker-user/atma/benchmarks/logs/foveal_cpt/retrieval_retrieval_synthetic_polar_kl_4b6cb311e4.log
polar_kl,retrieval,synthetic,niah,synthetic-filler,64k,0.9,nll_nats_per_token,0.853051438331604,10,/home/sagemaker-user/atma/benchmarks/logs/foveal_cpt/retrieval_retrieval_synthetic_polar_kl_4b6cb311e4.log
polar_kl,retrieval,synthetic,niah,synthetic-filler,64k,0.9,token_accuracy,98.0,10,/home/sagemaker-user/atma/benchmarks/logs/foveal_cpt/retrieval_retrieval_synthetic_polar_kl_4b6cb311e4.log
polar_kl,retrieval,synthetic,niah,synthetic-filler,8k,0.1,exact_match,90.0,10,/home/sagemaker-user/atma/benchmarks/logs/foveal_cpt/retrieval_retrieval_synthetic_polar_kl_4b6cb311e4.log
polar_kl,retrieval,synthetic,niah,synthetic-filler,8k,0.1,nll_nats_per_token,0.808868203163147,10,/home/sagemaker-user/atma/benchmarks/logs/foveal_cpt/retrieval_retrieval_synthetic_polar_kl_4b6cb311e4.log
polar_kl,retrieval,synthetic,niah,synthetic-filler,8k,0.1,token_accuracy,98.0,10,/home/sagemaker-user/atma/benchmarks/logs/foveal_cpt/retrieval_retrieval_synthetic_polar_kl_4b6cb311e4.log
polar_kl,retrieval,synthetic,niah,synthetic-filler,8k,0.5,exact_match,60.0,10,/home/sagemaker-user/atma/benchmarks/logs/foveal_cpt/retrieval_retrieval_synthetic_polar_kl_4b6cb311e4.log
polar_kl,retrieval,synthetic,niah,synthetic-filler,8k,0.5,exact_match,60.0,5,/home/sagemaker-user/atma/benchmarks/logs/foveal_cpt/smoke_retrieval_synthetic_polar_kl_75410e5eca.log
polar_kl,retrieval,synthetic,niah,synthetic-filler,8k,0.5,exact_match,50.0,2,/home/sagemaker-user/atma/benchmarks/logs/foveal_cpt/smoke_retrieval_synthetic_polar_kl_f03c80b561.log
polar_kl,retrieval,synthetic,niah,synthetic-filler,8k,0.5,nll_nats_per_token,0.991590085029602,10,/home/sagemaker-user/atma/benchmarks/logs/foveal_cpt/retrieval_retrieval_synthetic_polar_kl_4b6cb311e4.log
polar_kl,retrieval,synthetic,niah,synthetic-filler,8k,0.5,nll_nats_per_token,0.9836889457702637,5,/home/sagemaker-user/atma/benchmarks/logs/foveal_cpt/smoke_retrieval_synthetic_polar_kl_75410e5eca.log
polar_kl,retrieval,synthetic,niah,synthetic-filler,8k,0.5,nll_nats_per_token,1.1527225017547607,2,/home/sagemaker-user/atma/benchmarks/logs/foveal_cpt/smoke_retrieval_synthetic_polar_kl_f03c80b561.log
polar_kl,retrieval,synthetic,niah,synthetic-filler,8k,0.5,token_accuracy,92.0,10,/home/sagemaker-user/atma/benchmarks/logs/foveal_cpt/retrieval_retrieval_synthetic_polar_kl_4b6cb311e4.log
polar_kl,retrieval,synthetic,niah,synthetic-filler,8k,0.5,token_accuracy,92.0,5,/home/sagemaker-user/atma/benchmarks/logs/foveal_cpt/smoke_retrieval_synthetic_polar_kl_75410e5eca.log
polar_kl,retrieval,synthetic,niah,synthetic-filler,8k,0.5,token_accuracy,90.0,2,/home/sagemaker-user/atma/benchmarks/logs/foveal_cpt/smoke_retrieval_synthetic_polar_kl_f03c80b561.log
polar_kl,retrieval,synthetic,niah,synthetic-filler,8k,0.9,exact_match,100.0,10,/home/sagemaker-user/atma/benchmarks/logs/foveal_cpt/retrieval_retrieval_synthetic_polar_kl_4b6cb311e4.log
polar_kl,retrieval,synthetic,niah,synthetic-filler,8k,0.9,nll_nats_per_token,0.915090537071228,10,/home/sagemaker-user/atma/benchmarks/logs/foveal_cpt/retrieval_retrieval_synthetic_polar_kl_4b6cb311e4.log
polar_kl,retrieval,synthetic,niah,synthetic-filler,8k,0.9,token_accuracy,100.0,10,/home/sagemaker-user/atma/benchmarks/logs/foveal_cpt/retrieval_retrieval_synthetic_polar_kl_4b6cb311e4.log
polar_kl,retrieval,synthetic,passkey,synthetic-filler,128k,0.1,exact_match,20.0,10,/home/sagemaker-user/atma/benchmarks/logs/foveal_cpt/retrieval_retrieval_synthetic_polar_kl_4b6cb311e4.log
polar_kl,retrieval,synthetic,passkey,synthetic-filler,128k,0.1,nll_nats_per_token,1.278891077041626,10,/home/sagemaker-user/atma/benchmarks/logs/foveal_cpt/retrieval_retrieval_synthetic_polar_kl_4b6cb311e4.log
polar_kl,retrieval,synthetic,passkey,synthetic-filler,128k,0.1,token_accuracy,80.0,10,/home/sagemaker-user/atma/benchmarks/logs/foveal_cpt/retrieval_retrieval_synthetic_polar_kl_4b6cb311e4.log
polar_kl,retrieval,synthetic,passkey,synthetic-filler,128k,0.5,exact_match,40.0,10,/home/sagemaker-user/atma/benchmarks/logs/foveal_cpt/retrieval_retrieval_synthetic_polar_kl_4b6cb311e4.log
polar_kl,retrieval,synthetic,passkey,synthetic-filler,128k,0.5,nll_nats_per_token,1.3540544414520264,10,/home/sagemaker-user/atma/benchmarks/logs/foveal_cpt/retrieval_retrieval_synthetic_polar_kl_4b6cb311e4.log
polar_kl,retrieval,synthetic,passkey,synthetic-filler,128k,0.5,token_accuracy,82.0,10,/home/sagemaker-user/atma/benchmarks/logs/foveal_cpt/retrieval_retrieval_synthetic_polar_kl_4b6cb311e4.log
polar_kl,retrieval,synthetic,passkey,synthetic-filler,128k,0.9,exact_match,40.0,10,/home/sagemaker-user/atma/benchmarks/logs/foveal_cpt/retrieval_retrieval_synthetic_polar_kl_4b6cb311e4.log
polar_kl,retrieval,synthetic,passkey,synthetic-filler,128k,0.9,nll_nats_per_token,1.0522402477264405,10,/home/sagemaker-user/atma/benchmarks/logs/foveal_cpt/retrieval_retrieval_synthetic_polar_kl_4b6cb311e4.log
polar_kl,retrieval,synthetic,passkey,synthetic-filler,128k,0.9,token_accuracy,86.0,10,/home/sagemaker-user/atma/benchmarks/logs/foveal_cpt/retrieval_retrieval_synthetic_polar_kl_4b6cb311e4.log
polar_kl,retrieval,synthetic,passkey,synthetic-filler,16k,0.1,exact_match,60.0,10,/home/sagemaker-user/atma/benchmarks/logs/foveal_cpt/retrieval_retrieval_synthetic_polar_kl_4b6cb311e4.log
polar_kl,retrieval,synthetic,passkey,synthetic-filler,16k,0.1,nll_nats_per_token,1.0088998365402222,10,/home/sagemaker-user/atma/benchmarks/logs/foveal_cpt/retrieval_retrieval_synthetic_polar_kl_4b6cb311e4.log
polar_kl,retrieval,synthetic,passkey,synthetic-filler,16k,0.1,token_accuracy,92.0,10,/home/sagemaker-user/atma/benchmarks/logs/foveal_cpt/retrieval_retrieval_synthetic_polar_kl_4b6cb311e4.log
polar_kl,retrieval,synthetic,passkey,synthetic-filler,16k,0.5,exact_match,60.0,10,/home/sagemaker-user/atma/benchmarks/logs/foveal_cpt/retrieval_retrieval_synthetic_polar_kl_4b6cb311e4.log
polar_kl,retrieval,synthetic,passkey,synthetic-filler,16k,0.5,nll_nats_per_token,1.0711076164245605,10,/home/sagemaker-user/atma/benchmarks/logs/foveal_cpt/retrieval_retrieval_synthetic_polar_kl_4b6cb311e4.log
polar_kl,retrieval,synthetic,passkey,synthetic-filler,16k,0.5,token_accuracy,92.0,10,/home/sagemaker-user/atma/benchmarks/logs/foveal_cpt/retrieval_retrieval_synthetic_polar_kl_4b6cb311e4.log
polar_kl,retrieval,synthetic,passkey,synthetic-filler,16k,0.9,exact_match,40.0,10,/home/sagemaker-user/atma/benchmarks/logs/foveal_cpt/retrieval_retrieval_synthetic_polar_kl_4b6cb311e4.log
polar_kl,retrieval,synthetic,passkey,synthetic-filler,16k,0.9,nll_nats_per_token,1.1909078168869018,10,/home/sagemaker-user/atma/benchmarks/logs/foveal_cpt/retrieval_retrieval_synthetic_polar_kl_4b6cb311e4.log
polar_kl,retrieval,synthetic,passkey,synthetic-filler,16k,0.9,token_accuracy,86.0,10,/home/sagemaker-user/atma/benchmarks/logs/foveal_cpt/retrieval_retrieval_synthetic_polar_kl_4b6cb311e4.log
polar_kl,retrieval,synthetic,passkey,synthetic-filler,256k,0.1,exact_match,40.0,10,/home/sagemaker-user/atma/benchmarks/logs/foveal_cpt/retrieval_retrieval_synthetic_polar_kl_4b6cb311e4.log
polar_kl,retrieval,synthetic,passkey,synthetic-filler,256k,0.1,nll_nats_per_token,1.334533281326294,10,/home/sagemaker-user/atma/benchmarks/logs/foveal_cpt/retrieval_retrieval_synthetic_polar_kl_4b6cb311e4.log
polar_kl,retrieval,synthetic,passkey,synthetic-filler,256k,0.1,token_accuracy,80.0,10,/home/sagemaker-user/atma/benchmarks/logs/foveal_cpt/retrieval_retrieval_synthetic_polar_kl_4b6cb311e4.log
polar_kl,retrieval,synthetic,passkey,synthetic-filler,256k,0.5,exact_match,10.0,10,/home/sagemaker-user/atma/benchmarks/logs/foveal_cpt/retrieval_retrieval_synthetic_polar_kl_4b6cb311e4.log
polar_kl,retrieval,synthetic,passkey,synthetic-filler,256k,0.5,nll_nats_per_token,2.175168581008911,10,/home/sagemaker-user/atma/benchmarks/logs/foveal_cpt/retrieval_retrieval_synthetic_polar_kl_4b6cb311e4.log
polar_kl,retrieval,synthetic,passkey,synthetic-filler,256k,0.5,token_accuracy,58.0,10,/home/sagemaker-user/atma/benchmarks/logs/foveal_cpt/retrieval_retrieval_synthetic_polar_kl_4b6cb311e4.log
polar_kl,retrieval,synthetic,passkey,synthetic-filler,256k,0.9,exact_match,30.0,10,/home/sagemaker-user/atma/benchmarks/logs/foveal_cpt/retrieval_retrieval_synthetic_polar_kl_4b6cb311e4.log
polar_kl,retrieval,synthetic,passkey,synthetic-filler,256k,0.9,nll_nats_per_token,1.352027072906494,10,/home/sagemaker-user/atma/benchmarks/logs/foveal_cpt/retrieval_retrieval_synthetic_polar_kl_4b6cb311e4.log
polar_kl,retrieval,synthetic,passkey,synthetic-filler,256k,0.9,token_accuracy,80.0,10,/home/sagemaker-user/atma/benchmarks/logs/foveal_cpt/retrieval_retrieval_synthetic_polar_kl_4b6cb311e4.log
polar_kl,retrieval,synthetic,passkey,synthetic-filler,2k,0.1,exact_match,70.0,10,/home/sagemaker-user/atma/benchmarks/logs/foveal_cpt/retrieval_retrieval_synthetic_polar_kl_4b6cb311e4.log
polar_kl,retrieval,synthetic,passkey,synthetic-filler,2k,0.1,nll_nats_per_token,1.0325313091278077,10,/home/sagemaker-user/atma/benchmarks/logs/foveal_cpt/retrieval_retrieval_synthetic_polar_kl_4b6cb311e4.log
polar_kl,retrieval,synthetic,passkey,synthetic-filler,2k,0.1,token_accuracy,94.0,10,/home/sagemaker-user/atma/benchmarks/logs/foveal_cpt/retrieval_retrieval_synthetic_polar_kl_4b6cb311e4.log
polar_kl,retrieval,synthetic,passkey,synthetic-filler,2k,0.5,exact_match,100.0,10,/home/sagemaker-user/atma/benchmarks/logs/foveal_cpt/retrieval_retrieval_synthetic_polar_kl_4b6cb311e4.log
polar_kl,retrieval,synthetic,passkey,synthetic-filler,2k,0.5,exact_match,100.0,5,/home/sagemaker-user/atma/benchmarks/logs/foveal_cpt/smoke_retrieval_synthetic_polar_kl_75410e5eca.log
polar_kl,retrieval,synthetic,passkey,synthetic-filler,2k,0.5,exact_match,100.0,2,/home/sagemaker-user/atma/benchmarks/logs/foveal_cpt/smoke_retrieval_synthetic_polar_kl_f03c80b561.log
polar_kl,retrieval,synthetic,passkey,synthetic-filler,2k,0.5,nll_nats_per_token,0.7512070298194885,10,/home/sagemaker-user/atma/benchmarks/logs/foveal_cpt/retrieval_retrieval_synthetic_polar_kl_4b6cb311e4.log
polar_kl,retrieval,synthetic,passkey,synthetic-filler,2k,0.5,nll_nats_per_token,0.7208757591247559,5,/home/sagemaker-user/atma/benchmarks/logs/foveal_cpt/smoke_retrieval_synthetic_polar_kl_75410e5eca.log
polar_kl,retrieval,synthetic,passkey,synthetic-filler,2k,0.5,nll_nats_per_token,0.6498696565628052,2,/home/sagemaker-user/atma/benchmarks/logs/foveal_cpt/smoke_retrieval_synthetic_polar_kl_f03c80b561.log
polar_kl,retrieval,synthetic,passkey,synthetic-filler,2k,0.5,token_accuracy,100.0,10,/home/sagemaker-user/atma/benchmarks/logs/foveal_cpt/retrieval_retrieval_synthetic_polar_kl_4b6cb311e4.log
polar_kl,retrieval,synthetic,passkey,synthetic-filler,2k,0.5,token_accuracy,100.0,5,/home/sagemaker-user/atma/benchmarks/logs/foveal_cpt/smoke_retrieval_synthetic_polar_kl_75410e5eca.log
polar_kl,retrieval,synthetic,passkey,synthetic-filler,2k,0.5,token_accuracy,100.0,2,/home/sagemaker-user/atma/benchmarks/logs/foveal_cpt/smoke_retrieval_synthetic_polar_kl_f03c80b561.log
polar_kl,retrieval,synthetic,passkey,synthetic-filler,2k,0.9,exact_match,90.0,10,/home/sagemaker-user/atma/benchmarks/logs/foveal_cpt/retrieval_retrieval_synthetic_polar_kl_4b6cb311e4.log
polar_kl,retrieval,synthetic,passkey,synthetic-filler,2k,0.9,nll_nats_per_token,0.2408176839351654,10,/home/sagemaker-user/atma/benchmarks/logs/foveal_cpt/retrieval_retrieval_synthetic_polar_kl_4b6cb311e4.log
polar_kl,retrieval,synthetic,passkey,synthetic-filler,2k,0.9,token_accuracy,98.0,10,/home/sagemaker-user/atma/benchmarks/logs/foveal_cpt/retrieval_retrieval_synthetic_polar_kl_4b6cb311e4.log
polar_kl,retrieval,synthetic,passkey,synthetic-filler,32k,0.1,exact_match,30.0,10,/home/sagemaker-user/atma/benchmarks/logs/foveal_cpt/retrieval_retrieval_synthetic_polar_kl_4b6cb311e4.log
polar_kl,retrieval,synthetic,passkey,synthetic-filler,32k,0.1,nll_nats_per_token,1.1739857482910157,10,/home/sagemaker-user/atma/benchmarks/logs/foveal_cpt/retrieval_retrieval_synthetic_polar_kl_4b6cb311e4.log
polar_kl,retrieval,synthetic,passkey,synthetic-filler,32k,0.1,token_accuracy,82.0,10,/home/sagemaker-user/atma/benchmarks/logs/foveal_cpt/retrieval_retrieval_synthetic_polar_kl_4b6cb311e4.log
polar_kl,retrieval,synthetic,passkey,synthetic-filler,32k,0.5,exact_match,40.0,10,/home/sagemaker-user/atma/benchmarks/logs/foveal_cpt/retrieval_retrieval_synthetic_polar_kl_4b6cb311e4.log
polar_kl,retrieval,synthetic,passkey,synthetic-filler,32k,0.5,nll_nats_per_token,1.5419146156311034,10,/home/sagemaker-user/atma/benchmarks/logs/foveal_cpt/retrieval_retrieval_synthetic_polar_kl_4b6cb311e4.log
polar_kl,retrieval,synthetic,passkey,synthetic-filler,32k,0.5,token_accuracy,78.0,10,/home/sagemaker-user/atma/benchmarks/logs/foveal_cpt/retrieval_retrieval_synthetic_polar_kl_4b6cb311e4.log
polar_kl,retrieval,synthetic,passkey,synthetic-filler,32k,0.9,exact_match,70.0,10,/home/sagemaker-user/atma/benchmarks/logs/foveal_cpt/retrieval_retrieval_synthetic_polar_kl_4b6cb311e4.log
polar_kl,retrieval,synthetic,passkey,synthetic-filler,32k,0.9,nll_nats_per_token,1.0190689706802367,10,/home/sagemaker-user/atma/benchmarks/logs/foveal_cpt/retrieval_retrieval_synthetic_polar_kl_4b6cb311e4.log
polar_kl,retrieval,synthetic,passkey,synthetic-filler,32k,0.9,token_accuracy,92.0,10,/home/sagemaker-user/atma/benchmarks/logs/foveal_cpt/retrieval_retrieval_synthetic_polar_kl_4b6cb311e4.log
polar_kl,retrieval,synthetic,passkey,synthetic-filler,4k,0.1,exact_match,60.0,10,/home/sagemaker-user/atma/benchmarks/logs/foveal_cpt/retrieval_retrieval_synthetic_polar_kl_4b6cb311e4.log
polar_kl,retrieval,synthetic,passkey,synthetic-filler,4k,0.1,nll_nats_per_token,1.0227801132202148,10,/home/sagemaker-user/atma/benchmarks/logs/foveal_cpt/retrieval_retrieval_synthetic_polar_kl_4b6cb311e4.log
polar_kl,retrieval,synthetic,passkey,synthetic-filler,4k,0.1,token_accuracy,92.0,10,/home/sagemaker-user/atma/benchmarks/logs/foveal_cpt/retrieval_retrieval_synthetic_polar_kl_4b6cb311e4.log
polar_kl,retrieval,synthetic,passkey,synthetic-filler,4k,0.5,exact_match,60.0,10,/home/sagemaker-user/atma/benchmarks/logs/foveal_cpt/retrieval_retrieval_synthetic_polar_kl_4b6cb311e4.log
polar_kl,retrieval,synthetic,passkey,synthetic-filler,4k,0.5,nll_nats_per_token,1.18624831199646,10,/home/sagemaker-user/atma/benchmarks/logs/foveal_cpt/retrieval_retrieval_synthetic_polar_kl_4b6cb311e4.log
polar_kl,retrieval,synthetic,passkey,synthetic-filler,4k,0.5,token_accuracy,88.0,10,/home/sagemaker-user/atma/benchmarks/logs/foveal_cpt/retrieval_retrieval_synthetic_polar_kl_4b6cb311e4.log
polar_kl,retrieval,synthetic,passkey,synthetic-filler,4k,0.9,exact_match,80.0,10,/home/sagemaker-user/atma/benchmarks/logs/foveal_cpt/retrieval_retrieval_synthetic_polar_kl_4b6cb311e4.log
polar_kl,retrieval,synthetic,passkey,synthetic-filler,4k,0.9,nll_nats_per_token,0.18341998934745787,10,/home/sagemaker-user/atma/benchmarks/logs/foveal_cpt/retrieval_retrieval_synthetic_polar_kl_4b6cb311e4.log
polar_kl,retrieval,synthetic,passkey,synthetic-filler,4k,0.9,token_accuracy,96.0,10,/home/sagemaker-user/atma/benchmarks/logs/foveal_cpt/retrieval_retrieval_synthetic_polar_kl_4b6cb311e4.log
polar_kl,retrieval,synthetic,passkey,synthetic-filler,64k,0.1,exact_match,60.0,10,/home/sagemaker-user/atma/benchmarks/logs/foveal_cpt/retrieval_retrieval_synthetic_polar_kl_4b6cb311e4.log
polar_kl,retrieval,synthetic,passkey,synthetic-filler,64k,0.1,nll_nats_per_token,1.0186960411071777,10,/home/sagemaker-user/atma/benchmarks/logs/foveal_cpt/retrieval_retrieval_synthetic_polar_kl_4b6cb311e4.log
polar_kl,retrieval,synthetic,passkey,synthetic-filler,64k,0.1,token_accuracy,92.0,10,/home/sagemaker-user/atma/benchmarks/logs/foveal_cpt/retrieval_retrieval_synthetic_polar_kl_4b6cb311e4.log
polar_kl,retrieval,synthetic,passkey,synthetic-filler,64k,0.5,exact_match,60.0,10,/home/sagemaker-user/atma/benchmarks/logs/foveal_cpt/retrieval_retrieval_synthetic_polar_kl_4b6cb311e4.log
polar_kl,retrieval,synthetic,passkey,synthetic-filler,64k,0.5,nll_nats_per_token,1.1845210218429565,10,/home/sagemaker-user/atma/benchmarks/logs/foveal_cpt/retrieval_retrieval_synthetic_polar_kl_4b6cb311e4.log
polar_kl,retrieval,synthetic,passkey,synthetic-filler,64k,0.5,token_accuracy,90.0,10,/home/sagemaker-user/atma/benchmarks/logs/foveal_cpt/retrieval_retrieval_synthetic_polar_kl_4b6cb311e4.log
polar_kl,retrieval,synthetic,passkey,synthetic-filler,64k,0.9,exact_match,50.0,10,/home/sagemaker-user/atma/benchmarks/logs/foveal_cpt/retrieval_retrieval_synthetic_polar_kl_4b6cb311e4.log
polar_kl,retrieval,synthetic,passkey,synthetic-filler,64k,0.9,nll_nats_per_token,0.9384697961807251,10,/home/sagemaker-user/atma/benchmarks/logs/foveal_cpt/retrieval_retrieval_synthetic_polar_kl_4b6cb311e4.log
polar_kl,retrieval,synthetic,passkey,synthetic-filler,64k,0.9,token_accuracy,90.0,10,/home/sagemaker-user/atma/benchmarks/logs/foveal_cpt/retrieval_retrieval_synthetic_polar_kl_4b6cb311e4.log
polar_kl,retrieval,synthetic,passkey,synthetic-filler,8k,0.1,exact_match,60.0,10,/home/sagemaker-user/atma/benchmarks/logs/foveal_cpt/retrieval_retrieval_synthetic_polar_kl_4b6cb311e4.log
polar_kl,retrieval,synthetic,passkey,synthetic-filler,8k,0.1,nll_nats_per_token,1.1001015663146974,10,/home/sagemaker-user/atma/benchmarks/logs/foveal_cpt/retrieval_retrieval_synthetic_polar_kl_4b6cb311e4.log
polar_kl,retrieval,synthetic,passkey,synthetic-filler,8k,0.1,token_accuracy,90.0,10,/home/sagemaker-user/atma/benchmarks/logs/foveal_cpt/retrieval_retrieval_synthetic_polar_kl_4b6cb311e4.log
polar_kl,retrieval,synthetic,passkey,synthetic-filler,8k,0.5,exact_match,70.0,10,/home/sagemaker-user/atma/benchmarks/logs/foveal_cpt/retrieval_retrieval_synthetic_polar_kl_4b6cb311e4.log
polar_kl,retrieval,synthetic,passkey,synthetic-filler,8k,0.5,exact_match,60.0,5,/home/sagemaker-user/atma/benchmarks/logs/foveal_cpt/smoke_retrieval_synthetic_polar_kl_75410e5eca.log
polar_kl,retrieval,synthetic,passkey,synthetic-filler,8k,0.5,exact_match,50.0,2,/home/sagemaker-user/atma/benchmarks/logs/foveal_cpt/smoke_retrieval_synthetic_polar_kl_f03c80b561.log
polar_kl,retrieval,synthetic,passkey,synthetic-filler,8k,0.5,nll_nats_per_token,1.0061868619918823,10,/home/sagemaker-user/atma/benchmarks/logs/foveal_cpt/retrieval_retrieval_synthetic_polar_kl_4b6cb311e4.log
polar_kl,retrieval,synthetic,passkey,synthetic-filler,8k,0.5,nll_nats_per_token,1.16673002243042,5,/home/sagemaker-user/atma/benchmarks/logs/foveal_cpt/smoke_retrieval_synthetic_polar_kl_75410e5eca.log
polar_kl,retrieval,synthetic,passkey,synthetic-filler,8k,0.5,nll_nats_per_token,1.096717405319214,2,/home/sagemaker-user/atma/benchmarks/logs/foveal_cpt/smoke_retrieval_synthetic_polar_kl_f03c80b561.log
polar_kl,retrieval,synthetic,passkey,synthetic-filler,8k,0.5,token_accuracy,94.0,10,/home/sagemaker-user/atma/benchmarks/logs/foveal_cpt/retrieval_retrieval_synthetic_polar_kl_4b6cb311e4.log
polar_kl,retrieval,synthetic,passkey,synthetic-filler,8k,0.5,token_accuracy,92.0,5,/home/sagemaker-user/atma/benchmarks/logs/foveal_cpt/smoke_retrieval_synthetic_polar_kl_75410e5eca.log
polar_kl,retrieval,synthetic,passkey,synthetic-filler,8k,0.5,token_accuracy,90.0,2,/home/sagemaker-user/atma/benchmarks/logs/foveal_cpt/smoke_retrieval_synthetic_polar_kl_f03c80b561.log
polar_kl,retrieval,synthetic,passkey,synthetic-filler,8k,0.9,exact_match,40.0,10,/home/sagemaker-user/atma/benchmarks/logs/foveal_cpt/retrieval_retrieval_synthetic_polar_kl_4b6cb311e4.log
polar_kl,retrieval,synthetic,passkey,synthetic-filler,8k,0.9,nll_nats_per_token,1.073212399482727,10,/home/sagemaker-user/atma/benchmarks/logs/foveal_cpt/retrieval_retrieval_synthetic_polar_kl_4b6cb311e4.log
polar_kl,retrieval,synthetic,passkey,synthetic-filler,8k,0.9,token_accuracy,84.0,10,/home/sagemaker-user/atma/benchmarks/logs/foveal_cpt/retrieval_retrieval_synthetic_polar_kl_4b6cb311e4.log
polar_kl,serving,generation,,,128k,,decode_tokens_per_s,458.70256323876646,1,/home/sagemaker-user/atma/benchmarks/logs/foveal_cpt/serving_serving_generation_polar_kl_102de2bb91.log
polar_kl,serving,generation,,,128k,,decode_tokens_per_s,459.0431592296241,1,/home/sagemaker-user/atma/benchmarks/logs/foveal_cpt/serving_serving_generation_polar_kl_ac37b7f613.log
polar_kl,serving,generation,,,128k,,oom,False,1,/home/sagemaker-user/atma/benchmarks/logs/foveal_cpt/serving_serving_generation_polar_kl_102de2bb91.log
polar_kl,serving,generation,,,128k,,oom,False,1,/home/sagemaker-user/atma/benchmarks/logs/foveal_cpt/serving_serving_generation_polar_kl_ac37b7f613.log
polar_kl,serving,generation,,,128k,,peak_allocated_bytes,7523795968,1,/home/sagemaker-user/atma/benchmarks/logs/foveal_cpt/serving_serving_generation_polar_kl_102de2bb91.log
polar_kl,serving,generation,,,128k,,peak_allocated_bytes,7523795968,1,/home/sagemaker-user/atma/benchmarks/logs/foveal_cpt/serving_serving_generation_polar_kl_ac37b7f613.log
polar_kl,serving,generation,,,128k,,peak_reserved_bytes,7799308288,1,/home/sagemaker-user/atma/benchmarks/logs/foveal_cpt/serving_serving_generation_polar_kl_102de2bb91.log
polar_kl,serving,generation,,,128k,,peak_reserved_bytes,7799308288,1,/home/sagemaker-user/atma/benchmarks/logs/foveal_cpt/serving_serving_generation_polar_kl_ac37b7f613.log
polar_kl,serving,generation,,,128k,,prefill_tokens_per_s,170383.64882119402,1,/home/sagemaker-user/atma/benchmarks/logs/foveal_cpt/serving_serving_generation_polar_kl_102de2bb91.log
polar_kl,serving,generation,,,128k,,prefill_tokens_per_s,169989.2043566012,1,/home/sagemaker-user/atma/benchmarks/logs/foveal_cpt/serving_serving_generation_polar_kl_ac37b7f613.log
polar_kl,serving,generation,,,16k,,decode_tokens_per_s,468.04762734719685,1,/home/sagemaker-user/atma/benchmarks/logs/foveal_cpt/serving_serving_generation_polar_kl_102de2bb91.log
polar_kl,serving,generation,,,16k,,decode_tokens_per_s,465.90131986167484,1,/home/sagemaker-user/atma/benchmarks/logs/foveal_cpt/serving_serving_generation_polar_kl_ac37b7f613.log
polar_kl,serving,generation,,,16k,,oom,False,1,/home/sagemaker-user/atma/benchmarks/logs/foveal_cpt/serving_serving_generation_polar_kl_102de2bb91.log
polar_kl,serving,generation,,,16k,,oom,False,1,/home/sagemaker-user/atma/benchmarks/logs/foveal_cpt/serving_serving_generation_polar_kl_ac37b7f613.log
polar_kl,serving,generation,,,16k,,peak_allocated_bytes,1621490688,1,/home/sagemaker-user/atma/benchmarks/logs/foveal_cpt/serving_serving_generation_polar_kl_102de2bb91.log
polar_kl,serving,generation,,,16k,,peak_allocated_bytes,1621490688,1,/home/sagemaker-user/atma/benchmarks/logs/foveal_cpt/serving_serving_generation_polar_kl_ac37b7f613.log
polar_kl,serving,generation,,,16k,,peak_reserved_bytes,1658847232,1,/home/sagemaker-user/atma/benchmarks/logs/foveal_cpt/serving_serving_generation_polar_kl_102de2bb91.log
polar_kl,serving,generation,,,16k,,peak_reserved_bytes,1658847232,1,/home/sagemaker-user/atma/benchmarks/logs/foveal_cpt/serving_serving_generation_polar_kl_ac37b7f613.log
polar_kl,serving,generation,,,16k,,prefill_tokens_per_s,187445.87905280062,1,/home/sagemaker-user/atma/benchmarks/logs/foveal_cpt/serving_serving_generation_polar_kl_102de2bb91.log
polar_kl,serving,generation,,,16k,,prefill_tokens_per_s,187232.42543297447,1,/home/sagemaker-user/atma/benchmarks/logs/foveal_cpt/serving_serving_generation_polar_kl_ac37b7f613.log
polar_kl,serving,generation,,,256k,,decode_tokens_per_s,452.35885449013017,1,/home/sagemaker-user/atma/benchmarks/logs/foveal_cpt/serving_serving_generation_polar_kl_ac37b7f613.log
polar_kl,serving,generation,,,256k,,oom,False,1,/home/sagemaker-user/atma/benchmarks/logs/foveal_cpt/serving_serving_generation_polar_kl_ac37b7f613.log
polar_kl,serving,generation,,,256k,,peak_allocated_bytes,14269287424,1,/home/sagemaker-user/atma/benchmarks/logs/foveal_cpt/serving_serving_generation_polar_kl_ac37b7f613.log
polar_kl,serving,generation,,,256k,,peak_reserved_bytes,14776532992,1,/home/sagemaker-user/atma/benchmarks/logs/foveal_cpt/serving_serving_generation_polar_kl_ac37b7f613.log
polar_kl,serving,generation,,,256k,,prefill_tokens_per_s,162192.66883554595,1,/home/sagemaker-user/atma/benchmarks/logs/foveal_cpt/serving_serving_generation_polar_kl_ac37b7f613.log
polar_kl,serving,generation,,,2k,,decode_tokens_per_s,468.99251878160607,1,/home/sagemaker-user/atma/benchmarks/logs/foveal_cpt/serving_serving_generation_polar_kl_102de2bb91.log
polar_kl,serving,generation,,,2k,,decode_tokens_per_s,465.0069890119045,1,/home/sagemaker-user/atma/benchmarks/logs/foveal_cpt/serving_serving_generation_polar_kl_ac37b7f613.log
polar_kl,serving,generation,,,2k,,oom,False,1,/home/sagemaker-user/atma/benchmarks/logs/foveal_cpt/serving_serving_generation_polar_kl_102de2bb91.log
polar_kl,serving,generation,,,2k,,oom,False,1,/home/sagemaker-user/atma/benchmarks/logs/foveal_cpt/serving_serving_generation_polar_kl_ac37b7f613.log
polar_kl,serving,generation,,,2k,,peak_allocated_bytes,889994240,1,/home/sagemaker-user/atma/benchmarks/logs/foveal_cpt/serving_serving_generation_polar_kl_102de2bb91.log
polar_kl,serving,generation,,,2k,,peak_allocated_bytes,889994240,1,/home/sagemaker-user/atma/benchmarks/logs/foveal_cpt/serving_serving_generation_polar_kl_ac37b7f613.log
polar_kl,serving,generation,,,2k,,peak_reserved_bytes,929038336,1,/home/sagemaker-user/atma/benchmarks/logs/foveal_cpt/serving_serving_generation_polar_kl_102de2bb91.log
polar_kl,serving,generation,,,2k,,peak_reserved_bytes,929038336,1,/home/sagemaker-user/atma/benchmarks/logs/foveal_cpt/serving_serving_generation_polar_kl_ac37b7f613.log
polar_kl,serving,generation,,,2k,,prefill_tokens_per_s,15100.911054218273,1,/home/sagemaker-user/atma/benchmarks/logs/foveal_cpt/serving_serving_generation_polar_kl_102de2bb91.log
polar_kl,serving,generation,,,2k,,prefill_tokens_per_s,15538.449979224986,1,/home/sagemaker-user/atma/benchmarks/logs/foveal_cpt/serving_serving_generation_polar_kl_ac37b7f613.log
polar_kl,serving,generation,,,32k,,decode_tokens_per_s,465.05498704777995,1,/home/sagemaker-user/atma/benchmarks/logs/foveal_cpt/serving_serving_generation_polar_kl_102de2bb91.log
polar_kl,serving,generation,,,32k,,decode_tokens_per_s,465.6722091780293,1,/home/sagemaker-user/atma/benchmarks/logs/foveal_cpt/serving_serving_generation_polar_kl_ac37b7f613.log
polar_kl,serving,generation,,,32k,,oom,False,1,/home/sagemaker-user/atma/benchmarks/logs/foveal_cpt/serving_serving_generation_polar_kl_102de2bb91.log
polar_kl,serving,generation,,,32k,,oom,False,1,/home/sagemaker-user/atma/benchmarks/logs/foveal_cpt/serving_serving_generation_polar_kl_ac37b7f613.log
polar_kl,serving,generation,,,32k,,peak_allocated_bytes,2464677376,1,/home/sagemaker-user/atma/benchmarks/logs/foveal_cpt/serving_serving_generation_polar_kl_102de2bb91.log
polar_kl,serving,generation,,,32k,,peak_allocated_bytes,2464677376,1,/home/sagemaker-user/atma/benchmarks/logs/foveal_cpt/serving_serving_generation_polar_kl_ac37b7f613.log
polar_kl,serving,generation,,,32k,,peak_reserved_bytes,2501902336,1,/home/sagemaker-user/atma/benchmarks/logs/foveal_cpt/serving_serving_generation_polar_kl_102de2bb91.log
polar_kl,serving,generation,,,32k,,peak_reserved_bytes,2501902336,1,/home/sagemaker-user/atma/benchmarks/logs/foveal_cpt/serving_serving_generation_polar_kl_ac37b7f613.log
polar_kl,serving,generation,,,32k,,prefill_tokens_per_s,170961.92213136647,1,/home/sagemaker-user/atma/benchmarks/logs/foveal_cpt/serving_serving_generation_polar_kl_102de2bb91.log
polar_kl,serving,generation,,,32k,,prefill_tokens_per_s,171408.23758743482,1,/home/sagemaker-user/atma/benchmarks/logs/foveal_cpt/serving_serving_generation_polar_kl_ac37b7f613.log
polar_kl,serving,generation,,,4k,,decode_tokens_per_s,468.47767637271454,1,/home/sagemaker-user/atma/benchmarks/logs/foveal_cpt/serving_serving_generation_polar_kl_102de2bb91.log
polar_kl,serving,generation,,,4k,,decode_tokens_per_s,467.3009891910578,1,/home/sagemaker-user/atma/benchmarks/logs/foveal_cpt/serving_serving_generation_polar_kl_ac37b7f613.log
polar_kl,serving,generation,,,4k,,oom,False,1,/home/sagemaker-user/atma/benchmarks/logs/foveal_cpt/serving_serving_generation_polar_kl_102de2bb91.log
polar_kl,serving,generation,,,4k,,oom,False,1,/home/sagemaker-user/atma/benchmarks/logs/foveal_cpt/serving_serving_generation_polar_kl_ac37b7f613.log
polar_kl,serving,generation,,,4k,,peak_allocated_bytes,989101056,1,/home/sagemaker-user/atma/benchmarks/logs/foveal_cpt/serving_serving_generation_polar_kl_102de2bb91.log
polar_kl,serving,generation,,,4k,,peak_allocated_bytes,989101056,1,/home/sagemaker-user/atma/benchmarks/logs/foveal_cpt/serving_serving_generation_polar_kl_ac37b7f613.log
polar_kl,serving,generation,,,4k,,peak_reserved_bytes,1054867456,1,/home/sagemaker-user/atma/benchmarks/logs/foveal_cpt/serving_serving_generation_polar_kl_102de2bb91.log
polar_kl,serving,generation,,,4k,,peak_reserved_bytes,1054867456,1,/home/sagemaker-user/atma/benchmarks/logs/foveal_cpt/serving_serving_generation_polar_kl_ac37b7f613.log
polar_kl,serving,generation,,,4k,,prefill_tokens_per_s,133426.03627463718,1,/home/sagemaker-user/atma/benchmarks/logs/foveal_cpt/serving_serving_generation_polar_kl_102de2bb91.log
polar_kl,serving,generation,,,4k,,prefill_tokens_per_s,133319.03273278783,1,/home/sagemaker-user/atma/benchmarks/logs/foveal_cpt/serving_serving_generation_polar_kl_ac37b7f613.log
polar_kl,serving,generation,,,64k,,decode_tokens_per_s,462.0902367602443,1,/home/sagemaker-user/atma/benchmarks/logs/foveal_cpt/serving_serving_generation_polar_kl_102de2bb91.log
polar_kl,serving,generation,,,64k,,decode_tokens_per_s,463.93206409425545,1,/home/sagemaker-user/atma/benchmarks/logs/foveal_cpt/serving_serving_generation_polar_kl_ac37b7f613.log
polar_kl,serving,generation,,,64k,,oom,False,1,/home/sagemaker-user/atma/benchmarks/logs/foveal_cpt/serving_serving_generation_polar_kl_102de2bb91.log
polar_kl,serving,generation,,,64k,,oom,False,1,/home/sagemaker-user/atma/benchmarks/logs/foveal_cpt/serving_serving_generation_polar_kl_ac37b7f613.log
polar_kl,serving,generation,,,64k,,peak_allocated_bytes,4151050240,1,/home/sagemaker-user/atma/benchmarks/logs/foveal_cpt/serving_serving_generation_polar_kl_102de2bb91.log
polar_kl,serving,generation,,,64k,,peak_allocated_bytes,4151050240,1,/home/sagemaker-user/atma/benchmarks/logs/foveal_cpt/serving_serving_generation_polar_kl_ac37b7f613.log
polar_kl,serving,generation,,,64k,,peak_reserved_bytes,4175429632,1,/home/sagemaker-user/atma/benchmarks/logs/foveal_cpt/serving_serving_generation_polar_kl_102de2bb91.log
polar_kl,serving,generation,,,64k,,peak_reserved_bytes,4175429632,1,/home/sagemaker-user/atma/benchmarks/logs/foveal_cpt/serving_serving_generation_polar_kl_ac37b7f613.log
polar_kl,serving,generation,,,64k,,prefill_tokens_per_s,171201.28154402648,1,/home/sagemaker-user/atma/benchmarks/logs/foveal_cpt/serving_serving_generation_polar_kl_102de2bb91.log
polar_kl,serving,generation,,,64k,,prefill_tokens_per_s,171023.1633624899,1,/home/sagemaker-user/atma/benchmarks/logs/foveal_cpt/serving_serving_generation_polar_kl_ac37b7f613.log
polar_kl,serving,generation,,,8k,,decode_tokens_per_s,467.5614939008313,1,/home/sagemaker-user/atma/benchmarks/logs/foveal_cpt/serving_serving_generation_polar_kl_102de2bb91.log
polar_kl,serving,generation,,,8k,,decode_tokens_per_s,465.84597839992637,1,/home/sagemaker-user/atma/benchmarks/logs/foveal_cpt/serving_serving_generation_polar_kl_ac37b7f613.log
polar_kl,serving,generation,,,8k,,oom,False,1,/home/sagemaker-user/atma/benchmarks/logs/foveal_cpt/serving_serving_generation_polar_kl_102de2bb91.log
polar_kl,serving,generation,,,8k,,oom,False,1,/home/sagemaker-user/atma/benchmarks/logs/foveal_cpt/serving_serving_generation_polar_kl_ac37b7f613.log
polar_kl,serving,generation,,,8k,,peak_allocated_bytes,1199897600,1,/home/sagemaker-user/atma/benchmarks/logs/foveal_cpt/serving_serving_generation_polar_kl_102de2bb91.log
polar_kl,serving,generation,,,8k,,peak_allocated_bytes,1199897600,1,/home/sagemaker-user/atma/benchmarks/logs/foveal_cpt/serving_serving_generation_polar_kl_ac37b7f613.log
polar_kl,serving,generation,,,8k,,peak_reserved_bytes,1237319680,1,/home/sagemaker-user/atma/benchmarks/logs/foveal_cpt/serving_serving_generation_polar_kl_102de2bb91.log
polar_kl,serving,generation,,,8k,,peak_reserved_bytes,1237319680,1,/home/sagemaker-user/atma/benchmarks/logs/foveal_cpt/serving_serving_generation_polar_kl_ac37b7f613.log
polar_kl,serving,generation,,,8k,,prefill_tokens_per_s,174170.74410444777,1,/home/sagemaker-user/atma/benchmarks/logs/foveal_cpt/serving_serving_generation_polar_kl_102de2bb91.log
polar_kl,serving,generation,,,8k,,prefill_tokens_per_s,173550.14602972026,1,/home/sagemaker-user/atma/benchmarks/logs/foveal_cpt/serving_serving_generation_polar_kl_ac37b7f613.log
polar_kl,serving,generation,,,,,max_successful_context_tokens,131072,,/home/sagemaker-user/atma/benchmarks/logs/foveal_cpt/serving_serving_generation_polar_kl_102de2bb91.log
polar_kl,serving,generation,,,,,max_successful_context_tokens,262144,,/home/sagemaker-user/atma/benchmarks/logs/foveal_cpt/serving_serving_generation_polar_kl_ac37b7f613.log
polar_lm_output,babilong,adapted_reasoning,,RMT-team/babilong,0k,,macro_accuracy,64.0,5,/home/sagemaker-user/atma/benchmarks/logs/foveal_cpt/babilong_babilong_direct_ft_polar_lm_output_f50f247182.log
polar_lm_output,babilong,adapted_reasoning,,RMT-team/babilong,128k,,macro_accuracy,24.0,5,/home/sagemaker-user/atma/benchmarks/logs/foveal_cpt/babilong_babilong_direct_ft_polar_lm_output_f50f247182.log
polar_lm_output,babilong,adapted_reasoning,,RMT-team/babilong,16k,,macro_accuracy,40.0,5,/home/sagemaker-user/atma/benchmarks/logs/foveal_cpt/babilong_babilong_direct_ft_polar_lm_output_f50f247182.log
polar_lm_output,babilong,adapted_reasoning,,RMT-team/babilong,1k,,macro_accuracy,52.0,5,/home/sagemaker-user/atma/benchmarks/logs/foveal_cpt/babilong_babilong_direct_ft_polar_lm_output_f50f247182.log
polar_lm_output,babilong,adapted_reasoning,,RMT-team/babilong,256k,,macro_accuracy,20.0,5,/home/sagemaker-user/atma/benchmarks/logs/foveal_cpt/babilong_babilong_direct_ft_polar_lm_output_f50f247182.log
polar_lm_output,babilong,adapted_reasoning,,RMT-team/babilong,2k,,macro_accuracy,54.0,5,/home/sagemaker-user/atma/benchmarks/logs/foveal_cpt/babilong_babilong_direct_ft_polar_lm_output_f50f247182.log
polar_lm_output,babilong,adapted_reasoning,,RMT-team/babilong,32k,,macro_accuracy,42.0,5,/home/sagemaker-user/atma/benchmarks/logs/foveal_cpt/babilong_babilong_direct_ft_polar_lm_output_f50f247182.log
polar_lm_output,babilong,adapted_reasoning,,RMT-team/babilong,4k,,macro_accuracy,56.0,5,/home/sagemaker-user/atma/benchmarks/logs/foveal_cpt/babilong_babilong_direct_ft_polar_lm_output_f50f247182.log
polar_lm_output,babilong,adapted_reasoning,,RMT-team/babilong,64k,,macro_accuracy,34.0,5,/home/sagemaker-user/atma/benchmarks/logs/foveal_cpt/babilong_babilong_direct_ft_polar_lm_output_f50f247182.log
polar_lm_output,babilong,adapted_reasoning,,RMT-team/babilong,8k,,macro_accuracy,52.0,5,/home/sagemaker-user/atma/benchmarks/logs/foveal_cpt/babilong_babilong_direct_ft_polar_lm_output_f50f247182.log
polar_lm_output,babilong,adapted_reasoning,qa1,RMT-team/babilong,0k,,accuracy,60.0,10,/home/sagemaker-user/atma/benchmarks/logs/foveal_cpt/babilong_babilong_direct_ft_polar_lm_output_f50f247182.log
polar_lm_output,babilong,adapted_reasoning,qa1,RMT-team/babilong,128k,,accuracy,40.0,10,/home/sagemaker-user/atma/benchmarks/logs/foveal_cpt/babilong_babilong_direct_ft_polar_lm_output_f50f247182.log
polar_lm_output,babilong,adapted_reasoning,qa1,RMT-team/babilong,16k,,accuracy,50.0,10,/home/sagemaker-user/atma/benchmarks/logs/foveal_cpt/babilong_babilong_direct_ft_polar_lm_output_f50f247182.log
polar_lm_output,babilong,adapted_reasoning,qa1,RMT-team/babilong,1k,,accuracy,50.0,10,/home/sagemaker-user/atma/benchmarks/logs/foveal_cpt/babilong_babilong_direct_ft_polar_lm_output_f50f247182.log
polar_lm_output,babilong,adapted_reasoning,qa1,RMT-team/babilong,256k,,accuracy,20.0,10,/home/sagemaker-user/atma/benchmarks/logs/foveal_cpt/babilong_babilong_direct_ft_polar_lm_output_f50f247182.log
polar_lm_output,babilong,adapted_reasoning,qa1,RMT-team/babilong,2k,,accuracy,70.0,10,/home/sagemaker-user/atma/benchmarks/logs/foveal_cpt/babilong_babilong_direct_ft_polar_lm_output_f50f247182.log
polar_lm_output,babilong,adapted_reasoning,qa1,RMT-team/babilong,32k,,accuracy,40.0,10,/home/sagemaker-user/atma/benchmarks/logs/foveal_cpt/babilong_babilong_direct_ft_polar_lm_output_f50f247182.log
polar_lm_output,babilong,adapted_reasoning,qa1,RMT-team/babilong,4k,,accuracy,50.0,10,/home/sagemaker-user/atma/benchmarks/logs/foveal_cpt/babilong_babilong_direct_ft_polar_lm_output_f50f247182.log
polar_lm_output,babilong,adapted_reasoning,qa1,RMT-team/babilong,64k,,accuracy,30.0,10,/home/sagemaker-user/atma/benchmarks/logs/foveal_cpt/babilong_babilong_direct_ft_polar_lm_output_f50f247182.log
polar_lm_output,babilong,adapted_reasoning,qa1,RMT-team/babilong,8k,,accuracy,70.0,10,/home/sagemaker-user/atma/benchmarks/logs/foveal_cpt/babilong_babilong_direct_ft_polar_lm_output_f50f247182.log
polar_lm_output,babilong,adapted_reasoning,qa2,RMT-team/babilong,0k,,accuracy,70.0,10,/home/sagemaker-user/atma/benchmarks/logs/foveal_cpt/babilong_babilong_direct_ft_polar_lm_output_f50f247182.log
polar_lm_output,babilong,adapted_reasoning,qa2,RMT-team/babilong,128k,,accuracy,20.0,10,/home/sagemaker-user/atma/benchmarks/logs/foveal_cpt/babilong_babilong_direct_ft_polar_lm_output_f50f247182.log
polar_lm_output,babilong,adapted_reasoning,qa2,RMT-team/babilong,16k,,accuracy,50.0,10,/home/sagemaker-user/atma/benchmarks/logs/foveal_cpt/babilong_babilong_direct_ft_polar_lm_output_f50f247182.log
polar_lm_output,babilong,adapted_reasoning,qa2,RMT-team/babilong,1k,,accuracy,60.0,10,/home/sagemaker-user/atma/benchmarks/logs/foveal_cpt/babilong_babilong_direct_ft_polar_lm_output_f50f247182.log
polar_lm_output,babilong,adapted_reasoning,qa2,RMT-team/babilong,256k,,accuracy,40.0,10,/home/sagemaker-user/atma/benchmarks/logs/foveal_cpt/babilong_babilong_direct_ft_polar_lm_output_f50f247182.log
polar_lm_output,babilong,adapted_reasoning,qa2,RMT-team/babilong,2k,,accuracy,50.0,10,/home/sagemaker-user/atma/benchmarks/logs/foveal_cpt/babilong_babilong_direct_ft_polar_lm_output_f50f247182.log
polar_lm_output,babilong,adapted_reasoning,qa2,RMT-team/babilong,32k,,accuracy,40.0,10,/home/sagemaker-user/atma/benchmarks/logs/foveal_cpt/babilong_babilong_direct_ft_polar_lm_output_f50f247182.log
polar_lm_output,babilong,adapted_reasoning,qa2,RMT-team/babilong,4k,,accuracy,60.0,10,/home/sagemaker-user/atma/benchmarks/logs/foveal_cpt/babilong_babilong_direct_ft_polar_lm_output_f50f247182.log
polar_lm_output,babilong,adapted_reasoning,qa2,RMT-team/babilong,64k,,accuracy,30.0,10,/home/sagemaker-user/atma/benchmarks/logs/foveal_cpt/babilong_babilong_direct_ft_polar_lm_output_f50f247182.log
polar_lm_output,babilong,adapted_reasoning,qa2,RMT-team/babilong,8k,,accuracy,40.0,10,/home/sagemaker-user/atma/benchmarks/logs/foveal_cpt/babilong_babilong_direct_ft_polar_lm_output_f50f247182.log
polar_lm_output,babilong,adapted_reasoning,qa3,RMT-team/babilong,0k,,accuracy,40.0,10,/home/sagemaker-user/atma/benchmarks/logs/foveal_cpt/babilong_babilong_direct_ft_polar_lm_output_f50f247182.log
polar_lm_output,babilong,adapted_reasoning,qa3,RMT-team/babilong,128k,,accuracy,20.0,10,/home/sagemaker-user/atma/benchmarks/logs/foveal_cpt/babilong_babilong_direct_ft_polar_lm_output_f50f247182.log
polar_lm_output,babilong,adapted_reasoning,qa3,RMT-team/babilong,16k,,accuracy,20.0,10,/home/sagemaker-user/atma/benchmarks/logs/foveal_cpt/babilong_babilong_direct_ft_polar_lm_output_f50f247182.log
polar_lm_output,babilong,adapted_reasoning,qa3,RMT-team/babilong,1k,,accuracy,30.0,10,/home/sagemaker-user/atma/benchmarks/logs/foveal_cpt/babilong_babilong_direct_ft_polar_lm_output_f50f247182.log
polar_lm_output,babilong,adapted_reasoning,qa3,RMT-team/babilong,256k,,accuracy,20.0,10,/home/sagemaker-user/atma/benchmarks/logs/foveal_cpt/babilong_babilong_direct_ft_polar_lm_output_f50f247182.log
polar_lm_output,babilong,adapted_reasoning,qa3,RMT-team/babilong,2k,,accuracy,30.0,10,/home/sagemaker-user/atma/benchmarks/logs/foveal_cpt/babilong_babilong_direct_ft_polar_lm_output_f50f247182.log
polar_lm_output,babilong,adapted_reasoning,qa3,RMT-team/babilong,32k,,accuracy,50.0,10,/home/sagemaker-user/atma/benchmarks/logs/foveal_cpt/babilong_babilong_direct_ft_polar_lm_output_f50f247182.log
polar_lm_output,babilong,adapted_reasoning,qa3,RMT-team/babilong,4k,,accuracy,30.0,10,/home/sagemaker-user/atma/benchmarks/logs/foveal_cpt/babilong_babilong_direct_ft_polar_lm_output_f50f247182.log
polar_lm_output,babilong,adapted_reasoning,qa3,RMT-team/babilong,64k,,accuracy,40.0,10,/home/sagemaker-user/atma/benchmarks/logs/foveal_cpt/babilong_babilong_direct_ft_polar_lm_output_f50f247182.log
polar_lm_output,babilong,adapted_reasoning,qa3,RMT-team/babilong,8k,,accuracy,30.0,10,/home/sagemaker-user/atma/benchmarks/logs/foveal_cpt/babilong_babilong_direct_ft_polar_lm_output_f50f247182.log
polar_lm_output,babilong,adapted_reasoning,qa4,RMT-team/babilong,0k,,accuracy,80.0,10,/home/sagemaker-user/atma/benchmarks/logs/foveal_cpt/babilong_babilong_direct_ft_polar_lm_output_f50f247182.log
polar_lm_output,babilong,adapted_reasoning,qa4,RMT-team/babilong,128k,,accuracy,30.0,10,/home/sagemaker-user/atma/benchmarks/logs/foveal_cpt/babilong_babilong_direct_ft_polar_lm_output_f50f247182.log
polar_lm_output,babilong,adapted_reasoning,qa4,RMT-team/babilong,16k,,accuracy,50.0,10,/home/sagemaker-user/atma/benchmarks/logs/foveal_cpt/babilong_babilong_direct_ft_polar_lm_output_f50f247182.log
polar_lm_output,babilong,adapted_reasoning,qa4,RMT-team/babilong,1k,,accuracy,80.0,10,/home/sagemaker-user/atma/benchmarks/logs/foveal_cpt/babilong_babilong_direct_ft_polar_lm_output_f50f247182.log
polar_lm_output,babilong,adapted_reasoning,qa4,RMT-team/babilong,256k,,accuracy,10.0,10,/home/sagemaker-user/atma/benchmarks/logs/foveal_cpt/babilong_babilong_direct_ft_polar_lm_output_f50f247182.log
polar_lm_output,babilong,adapted_reasoning,qa4,RMT-team/babilong,2k,,accuracy,70.0,10,/home/sagemaker-user/atma/benchmarks/logs/foveal_cpt/babilong_babilong_direct_ft_polar_lm_output_f50f247182.log
polar_lm_output,babilong,adapted_reasoning,qa4,RMT-team/babilong,32k,,accuracy,40.0,10,/home/sagemaker-user/atma/benchmarks/logs/foveal_cpt/babilong_babilong_direct_ft_polar_lm_output_f50f247182.log
polar_lm_output,babilong,adapted_reasoning,qa4,RMT-team/babilong,4k,,accuracy,70.0,10,/home/sagemaker-user/atma/benchmarks/logs/foveal_cpt/babilong_babilong_direct_ft_polar_lm_output_f50f247182.log
polar_lm_output,babilong,adapted_reasoning,qa4,RMT-team/babilong,64k,,accuracy,30.0,10,/home/sagemaker-user/atma/benchmarks/logs/foveal_cpt/babilong_babilong_direct_ft_polar_lm_output_f50f247182.log
polar_lm_output,babilong,adapted_reasoning,qa4,RMT-team/babilong,8k,,accuracy,70.0,10,/home/sagemaker-user/atma/benchmarks/logs/foveal_cpt/babilong_babilong_direct_ft_polar_lm_output_f50f247182.log
polar_lm_output,babilong,adapted_reasoning,qa5,RMT-team/babilong,0k,,accuracy,70.0,10,/home/sagemaker-user/atma/benchmarks/logs/foveal_cpt/babilong_babilong_direct_ft_polar_lm_output_f50f247182.log
polar_lm_output,babilong,adapted_reasoning,qa5,RMT-team/babilong,128k,,accuracy,10.0,10,/home/sagemaker-user/atma/benchmarks/logs/foveal_cpt/babilong_babilong_direct_ft_polar_lm_output_f50f247182.log
polar_lm_output,babilong,adapted_reasoning,qa5,RMT-team/babilong,16k,,accuracy,30.0,10,/home/sagemaker-user/atma/benchmarks/logs/foveal_cpt/babilong_babilong_direct_ft_polar_lm_output_f50f247182.log
polar_lm_output,babilong,adapted_reasoning,qa5,RMT-team/babilong,1k,,accuracy,40.0,10,/home/sagemaker-user/atma/benchmarks/logs/foveal_cpt/babilong_babilong_direct_ft_polar_lm_output_f50f247182.log
polar_lm_output,babilong,adapted_reasoning,qa5,RMT-team/babilong,256k,,accuracy,10.0,10,/home/sagemaker-user/atma/benchmarks/logs/foveal_cpt/babilong_babilong_direct_ft_polar_lm_output_f50f247182.log
polar_lm_output,babilong,adapted_reasoning,qa5,RMT-team/babilong,2k,,accuracy,50.0,10,/home/sagemaker-user/atma/benchmarks/logs/foveal_cpt/babilong_babilong_direct_ft_polar_lm_output_f50f247182.log
polar_lm_output,babilong,adapted_reasoning,qa5,RMT-team/babilong,32k,,accuracy,40.0,10,/home/sagemaker-user/atma/benchmarks/logs/foveal_cpt/babilong_babilong_direct_ft_polar_lm_output_f50f247182.log
polar_lm_output,babilong,adapted_reasoning,qa5,RMT-team/babilong,4k,,accuracy,70.0,10,/home/sagemaker-user/atma/benchmarks/logs/foveal_cpt/babilong_babilong_direct_ft_polar_lm_output_f50f247182.log
polar_lm_output,babilong,adapted_reasoning,qa5,RMT-team/babilong,64k,,accuracy,40.0,10,/home/sagemaker-user/atma/benchmarks/logs/foveal_cpt/babilong_babilong_direct_ft_polar_lm_output_f50f247182.log
polar_lm_output,babilong,adapted_reasoning,qa5,RMT-team/babilong,8k,,accuracy,50.0,10,/home/sagemaker-user/atma/benchmarks/logs/foveal_cpt/babilong_babilong_direct_ft_polar_lm_output_f50f247182.log
polar_lm_output,base,zero_shot,arc_challenge,,,,accuracy,0.2608695652173913,299,/home/sagemaker-user/atma/benchmarks/logs/foveal_cpt/base_base_zero_shot_polar_lm_output_16f1a058f6.log
polar_lm_output,base,zero_shot,arc_challenge,,,,accuracy_norm,0.2608695652173913,299,/home/sagemaker-user/atma/benchmarks/logs/foveal_cpt/base_base_zero_shot_polar_lm_output_16f1a058f6.log
polar_lm_output,base,zero_shot,arc_easy,,,,accuracy,0.5596491228070175,570,/home/sagemaker-user/atma/benchmarks/logs/foveal_cpt/base_base_zero_shot_polar_lm_output_16f1a058f6.log
polar_lm_output,base,zero_shot,arc_easy,,,,accuracy_norm,0.48947368421052634,570,/home/sagemaker-user/atma/benchmarks/logs/foveal_cpt/base_base_zero_shot_polar_lm_output_16f1a058f6.log
polar_lm_output,base,zero_shot,boolq,,,,accuracy,0.5651376146788991,3270,/home/sagemaker-user/atma/benchmarks/logs/foveal_cpt/base_base_zero_shot_polar_lm_output_16f1a058f6.log
polar_lm_output,base,zero_shot,boolq,,,,accuracy_norm,0.5651376146788991,3270,/home/sagemaker-user/atma/benchmarks/logs/foveal_cpt/base_base_zero_shot_polar_lm_output_16f1a058f6.log
polar_lm_output,base,zero_shot,hellaswag,,,,accuracy,0.31995618402708625,10042,/home/sagemaker-user/atma/benchmarks/logs/foveal_cpt/base_base_zero_shot_polar_lm_output_16f1a058f6.log
polar_lm_output,base,zero_shot,hellaswag,,,,accuracy_norm,0.36456881099382593,10042,/home/sagemaker-user/atma/benchmarks/logs/foveal_cpt/base_base_zero_shot_polar_lm_output_16f1a058f6.log
polar_lm_output,base,zero_shot,lambada,,,,accuracy,0.2773141859111197,5153,/home/sagemaker-user/atma/benchmarks/logs/foveal_cpt/base_base_zero_shot_polar_lm_output_16f1a058f6.log
polar_lm_output,base,zero_shot,lambada,,,,target_nll,3.2559625681583477,5153,/home/sagemaker-user/atma/benchmarks/logs/foveal_cpt/base_base_zero_shot_polar_lm_output_16f1a058f6.log
polar_lm_output,base,zero_shot,lambada,,,,target_perplexity,25.944575941226695,5153,/home/sagemaker-user/atma/benchmarks/logs/foveal_cpt/base_base_zero_shot_polar_lm_output_16f1a058f6.log
polar_lm_output,base,zero_shot,openbookqa,,,,accuracy,0.204,500,/home/sagemaker-user/atma/benchmarks/logs/foveal_cpt/base_base_zero_shot_polar_lm_output_16f1a058f6.log
polar_lm_output,base,zero_shot,openbookqa,,,,accuracy_norm,0.324,500,/home/sagemaker-user/atma/benchmarks/logs/foveal_cpt/base_base_zero_shot_polar_lm_output_16f1a058f6.log
polar_lm_output,base,zero_shot,piqa,,,,accuracy,0.6643090315560392,1838,/home/sagemaker-user/atma/benchmarks/logs/foveal_cpt/base_base_zero_shot_polar_lm_output_16f1a058f6.log
polar_lm_output,base,zero_shot,piqa,,,,accuracy_norm,0.6741022850924918,1838,/home/sagemaker-user/atma/benchmarks/logs/foveal_cpt/base_base_zero_shot_polar_lm_output_16f1a058f6.log
polar_lm_output,base,zero_shot,winogrande,,,,accuracy,0.5224940805051302,1267,/home/sagemaker-user/atma/benchmarks/logs/foveal_cpt/base_base_zero_shot_polar_lm_output_16f1a058f6.log
polar_lm_output,base,zero_shot,winogrande,,,,accuracy_norm,0.5185477505919495,1267,/home/sagemaker-user/atma/benchmarks/logs/foveal_cpt/base_base_zero_shot_polar_lm_output_16f1a058f6.log
polar_lm_output,longdoc,fixed_target,,codelion/finepdfs-1B,128k,,bits_per_byte,1.0164601771611828,4,/home/sagemaker-user/atma/benchmarks/logs/foveal_cpt/longdoc_longdoc_fixed_target_polar_lm_output_ffa3e50691.log
polar_lm_output,longdoc,fixed_target,,codelion/finepdfs-1B,128k,,nll_nats_per_token,1.2061401903629303,4,/home/sagemaker-user/atma/benchmarks/logs/foveal_cpt/longdoc_longdoc_fixed_target_polar_lm_output_ffa3e50691.log
polar_lm_output,longdoc,fixed_target,,codelion/finepdfs-1B,128k,,perplexity,3.3405657883864532,4,/home/sagemaker-user/atma/benchmarks/logs/foveal_cpt/longdoc_longdoc_fixed_target_polar_lm_output_ffa3e50691.log
polar_lm_output,longdoc,fixed_target,,codelion/finepdfs-1B,16k,,bits_per_byte,0.9739525111458377,4,/home/sagemaker-user/atma/benchmarks/logs/foveal_cpt/longdoc_longdoc_fixed_target_polar_lm_output_ffa3e50691.log
polar_lm_output,longdoc,fixed_target,,codelion/finepdfs-1B,16k,,nll_nats_per_token,1.1557002365589142,4,/home/sagemaker-user/atma/benchmarks/logs/foveal_cpt/longdoc_longdoc_fixed_target_polar_lm_output_ffa3e50691.log
polar_lm_output,longdoc,fixed_target,,codelion/finepdfs-1B,16k,,perplexity,3.1762467631064832,4,/home/sagemaker-user/atma/benchmarks/logs/foveal_cpt/longdoc_longdoc_fixed_target_polar_lm_output_ffa3e50691.log
polar_lm_output,longdoc,fixed_target,,codelion/finepdfs-1B,256k,,bits_per_byte,1.0548548956424069,4,/home/sagemaker-user/atma/benchmarks/logs/foveal_cpt/longdoc_longdoc_fixed_target_polar_lm_output_ffa3e50691.log
polar_lm_output,longdoc,fixed_target,,codelion/finepdfs-1B,256k,,nll_nats_per_token,1.251699686050415,4,/home/sagemaker-user/atma/benchmarks/logs/foveal_cpt/longdoc_longdoc_fixed_target_polar_lm_output_ffa3e50691.log
polar_lm_output,longdoc,fixed_target,,codelion/finepdfs-1B,256k,,perplexity,3.4962804892383437,4,/home/sagemaker-user/atma/benchmarks/logs/foveal_cpt/longdoc_longdoc_fixed_target_polar_lm_output_ffa3e50691.log
polar_lm_output,longdoc,fixed_target,,codelion/finepdfs-1B,2k,,bits_per_byte,0.8868932128918369,4,/home/sagemaker-user/atma/benchmarks/logs/foveal_cpt/longdoc_longdoc_fixed_target_polar_lm_output_ffa3e50691.log
polar_lm_output,longdoc,fixed_target,,codelion/finepdfs-1B,2k,,nll_nats_per_token,1.0523949414491653,4,/home/sagemaker-user/atma/benchmarks/logs/foveal_cpt/longdoc_longdoc_fixed_target_polar_lm_output_ffa3e50691.log
polar_lm_output,longdoc,fixed_target,,codelion/finepdfs-1B,2k,,perplexity,2.8645032270978756,4,/home/sagemaker-user/atma/benchmarks/logs/foveal_cpt/longdoc_longdoc_fixed_target_polar_lm_output_ffa3e50691.log
polar_lm_output,longdoc,fixed_target,,codelion/finepdfs-1B,32k,,bits_per_byte,0.9895178228401744,4,/home/sagemaker-user/atma/benchmarks/logs/foveal_cpt/longdoc_longdoc_fixed_target_polar_lm_output_ffa3e50691.log
polar_lm_output,longdoc,fixed_target,,codelion/finepdfs-1B,32k,,nll_nats_per_token,1.1741701662540436,4,/home/sagemaker-user/atma/benchmarks/logs/foveal_cpt/longdoc_longdoc_fixed_target_polar_lm_output_ffa3e50691.log
polar_lm_output,longdoc,fixed_target,,codelion/finepdfs-1B,32k,,perplexity,3.2354569381721423,4,/home/sagemaker-user/atma/benchmarks/logs/foveal_cpt/longdoc_longdoc_fixed_target_polar_lm_output_ffa3e50691.log
polar_lm_output,longdoc,fixed_target,,codelion/finepdfs-1B,4k,,bits_per_byte,0.8535218429479673,4,/home/sagemaker-user/atma/benchmarks/logs/foveal_cpt/longdoc_longdoc_fixed_target_polar_lm_output_ffa3e50691.log
polar_lm_output,longdoc,fixed_target,,codelion/finepdfs-1B,4k,,nll_nats_per_token,1.0127961933612823,4,/home/sagemaker-user/atma/benchmarks/logs/foveal_cpt/longdoc_longdoc_fixed_target_polar_lm_output_ffa3e50691.log
polar_lm_output,longdoc,fixed_target,,codelion/finepdfs-1B,4k,,perplexity,2.753288989870799,4,/home/sagemaker-user/atma/benchmarks/logs/foveal_cpt/longdoc_longdoc_fixed_target_polar_lm_output_ffa3e50691.log
polar_lm_output,longdoc,fixed_target,,codelion/finepdfs-1B,64k,,bits_per_byte,0.9969892216799336,4,/home/sagemaker-user/atma/benchmarks/logs/foveal_cpt/longdoc_longdoc_fixed_target_polar_lm_output_ffa3e50691.log
polar_lm_output,longdoc,fixed_target,,codelion/finepdfs-1B,64k,,nll_nats_per_token,1.1830357909202576,4,/home/sagemaker-user/atma/benchmarks/logs/foveal_cpt/longdoc_longdoc_fixed_target_polar_lm_output_ffa3e50691.log
polar_lm_output,longdoc,fixed_target,,codelion/finepdfs-1B,64k,,perplexity,3.2642688139320226,4,/home/sagemaker-user/atma/benchmarks/logs/foveal_cpt/longdoc_longdoc_fixed_target_polar_lm_output_ffa3e50691.log
polar_lm_output,longdoc,fixed_target,,codelion/finepdfs-1B,8k,,bits_per_byte,0.9370148712803524,4,/home/sagemaker-user/atma/benchmarks/logs/foveal_cpt/longdoc_longdoc_fixed_target_polar_lm_output_ffa3e50691.log
polar_lm_output,longdoc,fixed_target,,codelion/finepdfs-1B,8k,,nll_nats_per_token,1.1118697226047516,4,/home/sagemaker-user/atma/benchmarks/logs/foveal_cpt/longdoc_longdoc_fixed_target_polar_lm_output_ffa3e50691.log
polar_lm_output,longdoc,fixed_target,,codelion/finepdfs-1B,8k,,perplexity,3.040037110073833,4,/home/sagemaker-user/atma/benchmarks/logs/foveal_cpt/longdoc_longdoc_fixed_target_polar_lm_output_ffa3e50691.log
polar_lm_output,longdoc,fixed_target,,emozilla/pg19,128k,,bits_per_byte,1.1401501487405916,4,/home/sagemaker-user/atma/benchmarks/logs/foveal_cpt/longdoc_longdoc_fixed_target_polar_lm_output_ffa3e50691.log
polar_lm_output,longdoc,fixed_target,,emozilla/pg19,128k,,nll_nats_per_token,3.1773746013641357,4,/home/sagemaker-user/atma/benchmarks/logs/foveal_cpt/longdoc_longdoc_fixed_target_polar_lm_output_ffa3e50691.log
polar_lm_output,longdoc,fixed_target,,emozilla/pg19,128k,,perplexity,23.98370403935947,4,/home/sagemaker-user/atma/benchmarks/logs/foveal_cpt/longdoc_longdoc_fixed_target_polar_lm_output_ffa3e50691.log
polar_lm_output,longdoc,fixed_target,,emozilla/pg19,16k,,bits_per_byte,1.1229401108006316,4,/home/sagemaker-user/atma/benchmarks/logs/foveal_cpt/longdoc_longdoc_fixed_target_polar_lm_output_ffa3e50691.log
polar_lm_output,longdoc,fixed_target,,emozilla/pg19,16k,,nll_nats_per_token,3.129413604736328,4,/home/sagemaker-user/atma/benchmarks/logs/foveal_cpt/longdoc_longdoc_fixed_target_polar_lm_output_ffa3e50691.log
polar_lm_output,longdoc,fixed_target,,emozilla/pg19,16k,,perplexity,22.8605702811237,4,/home/sagemaker-user/atma/benchmarks/logs/foveal_cpt/longdoc_longdoc_fixed_target_polar_lm_output_ffa3e50691.log
polar_lm_output,longdoc,fixed_target,,emozilla/pg19,256k,,bits_per_byte,1.1406369436078305,4,/home/sagemaker-user/atma/benchmarks/logs/foveal_cpt/longdoc_longdoc_fixed_target_polar_lm_output_ffa3e50691.log
polar_lm_output,longdoc,fixed_target,,emozilla/pg19,256k,,nll_nats_per_token,3.1787312030792236,4,/home/sagemaker-user/atma/benchmarks/logs/foveal_cpt/longdoc_longdoc_fixed_target_polar_lm_output_ffa3e50691.log
polar_lm_output,longdoc,fixed_target,,emozilla/pg19,256k,,perplexity,24.016262452799893,4,/home/sagemaker-user/atma/benchmarks/logs/foveal_cpt/longdoc_longdoc_fixed_target_polar_lm_output_ffa3e50691.log
polar_lm_output,longdoc,fixed_target,,emozilla/pg19,2k,,bits_per_byte,1.1373155738831588,4,/home/sagemaker-user/atma/benchmarks/logs/foveal_cpt/longdoc_longdoc_fixed_target_polar_lm_output_ffa3e50691.log
polar_lm_output,longdoc,fixed_target,,emozilla/pg19,2k,,nll_nats_per_token,3.1694751977920532,4,/home/sagemaker-user/atma/benchmarks/logs/foveal_cpt/longdoc_longdoc_fixed_target_polar_lm_output_ffa3e50691.log
polar_lm_output,longdoc,fixed_target,,emozilla/pg19,2k,,perplexity,23.794993413996526,4,/home/sagemaker-user/atma/benchmarks/logs/foveal_cpt/longdoc_longdoc_fixed_target_polar_lm_output_ffa3e50691.log
polar_lm_output,longdoc,fixed_target,,emozilla/pg19,32k,,bits_per_byte,1.1216476661504773,4,/home/sagemaker-user/atma/benchmarks/logs/foveal_cpt/longdoc_longdoc_fixed_target_polar_lm_output_ffa3e50691.log
polar_lm_output,longdoc,fixed_target,,emozilla/pg19,32k,,nll_nats_per_token,3.125811815261841,4,/home/sagemaker-user/atma/benchmarks/logs/foveal_cpt/longdoc_longdoc_fixed_target_polar_lm_output_ffa3e50691.log
polar_lm_output,longdoc,fixed_target,,emozilla/pg19,32k,,perplexity,22.77837942563784,4,/home/sagemaker-user/atma/benchmarks/logs/foveal_cpt/longdoc_longdoc_fixed_target_polar_lm_output_ffa3e50691.log
polar_lm_output,longdoc,fixed_target,,emozilla/pg19,4k,,bits_per_byte,1.1351187088570793,4,/home/sagemaker-user/atma/benchmarks/logs/foveal_cpt/longdoc_longdoc_fixed_target_polar_lm_output_ffa3e50691.log
polar_lm_output,longdoc,fixed_target,,emozilla/pg19,4k,,nll_nats_per_token,3.1633529663085938,4,/home/sagemaker-user/atma/benchmarks/logs/foveal_cpt/longdoc_longdoc_fixed_target_polar_lm_output_ffa3e50691.log
polar_lm_output,longdoc,fixed_target,,emozilla/pg19,4k,,perplexity,23.649759986133823,4,/home/sagemaker-user/atma/benchmarks/logs/foveal_cpt/longdoc_longdoc_fixed_target_polar_lm_output_ffa3e50691.log
polar_lm_output,longdoc,fixed_target,,emozilla/pg19,64k,,bits_per_byte,1.1306220375177487,4,/home/sagemaker-user/atma/benchmarks/logs/foveal_cpt/longdoc_longdoc_fixed_target_polar_lm_output_ffa3e50691.log
polar_lm_output,longdoc,fixed_target,,emozilla/pg19,64k,,nll_nats_per_token,3.150821626186371,4,/home/sagemaker-user/atma/benchmarks/logs/foveal_cpt/longdoc_longdoc_fixed_target_polar_lm_output_ffa3e50691.log
polar_lm_output,longdoc,fixed_target,,emozilla/pg19,64k,,perplexity,23.35524598158072,4,/home/sagemaker-user/atma/benchmarks/logs/foveal_cpt/longdoc_longdoc_fixed_target_polar_lm_output_ffa3e50691.log
polar_lm_output,longdoc,fixed_target,,emozilla/pg19,8k,,bits_per_byte,1.1202458637605959,4,/home/sagemaker-user/atma/benchmarks/logs/foveal_cpt/longdoc_longdoc_fixed_target_polar_lm_output_ffa3e50691.log
polar_lm_output,longdoc,fixed_target,,emozilla/pg19,8k,,nll_nats_per_token,3.121905267238617,4,/home/sagemaker-user/atma/benchmarks/logs/foveal_cpt/longdoc_longdoc_fixed_target_polar_lm_output_ffa3e50691.log
polar_lm_output,longdoc,fixed_target,,emozilla/pg19,8k,,perplexity,22.689568178168535,4,/home/sagemaker-user/atma/benchmarks/logs/foveal_cpt/longdoc_longdoc_fixed_target_polar_lm_output_ffa3e50691.log
polar_lm_output,longdoc,fixed_target,,hoskinson-center/proof-pile,128k,,bits_per_byte,2.0697392608358487,4,/home/sagemaker-user/atma/benchmarks/logs/foveal_cpt/longdoc_longdoc_fixed_target_polar_lm_output_ffa3e50691.log
polar_lm_output,longdoc,fixed_target,,hoskinson-center/proof-pile,128k,,nll_nats_per_token,3.869588792324066,4,/home/sagemaker-user/atma/benchmarks/logs/foveal_cpt/longdoc_longdoc_fixed_target_polar_lm_output_ffa3e50691.log
polar_lm_output,longdoc,fixed_target,,hoskinson-center/proof-pile,128k,,perplexity,47.92267585643575,4,/home/sagemaker-user/atma/benchmarks/logs/foveal_cpt/longdoc_longdoc_fixed_target_polar_lm_output_ffa3e50691.log
polar_lm_output,longdoc,fixed_target,,hoskinson-center/proof-pile,16k,,bits_per_byte,2.079477863498269,4,/home/sagemaker-user/atma/benchmarks/logs/foveal_cpt/longdoc_longdoc_fixed_target_polar_lm_output_ffa3e50691.log
polar_lm_output,longdoc,fixed_target,,hoskinson-center/proof-pile,16k,,nll_nats_per_token,3.887796103954315,4,/home/sagemaker-user/atma/benchmarks/logs/foveal_cpt/longdoc_longdoc_fixed_target_polar_lm_output_ffa3e50691.log
polar_lm_output,longdoc,fixed_target,,hoskinson-center/proof-pile,16k,,perplexity,48.80321071106337,4,/home/sagemaker-user/atma/benchmarks/logs/foveal_cpt/longdoc_longdoc_fixed_target_polar_lm_output_ffa3e50691.log
polar_lm_output,longdoc,fixed_target,,hoskinson-center/proof-pile,256k,,bits_per_byte,2.078838332125398,4,/home/sagemaker-user/atma/benchmarks/logs/foveal_cpt/longdoc_longdoc_fixed_target_polar_lm_output_ffa3e50691.log
polar_lm_output,longdoc,fixed_target,,hoskinson-center/proof-pile,256k,,nll_nats_per_token,3.886600434780121,4,/home/sagemaker-user/atma/benchmarks/logs/foveal_cpt/longdoc_longdoc_fixed_target_polar_lm_output_ffa3e50691.log
polar_lm_output,longdoc,fixed_target,,hoskinson-center/proof-pile,256k,,perplexity,48.74489308765445,4,/home/sagemaker-user/atma/benchmarks/logs/foveal_cpt/longdoc_longdoc_fixed_target_polar_lm_output_ffa3e50691.log
polar_lm_output,longdoc,fixed_target,,hoskinson-center/proof-pile,2k,,bits_per_byte,2.0374761145496905,4,/home/sagemaker-user/atma/benchmarks/logs/foveal_cpt/longdoc_longdoc_fixed_target_polar_lm_output_ffa3e50691.log
polar_lm_output,longdoc,fixed_target,,hoskinson-center/proof-pile,2k,,nll_nats_per_token,3.8092695474624634,4,/home/sagemaker-user/atma/benchmarks/logs/foveal_cpt/longdoc_longdoc_fixed_target_polar_lm_output_ffa3e50691.log
polar_lm_output,longdoc,fixed_target,,hoskinson-center/proof-pile,2k,,perplexity,45.11747065600024,4,/home/sagemaker-user/atma/benchmarks/logs/foveal_cpt/longdoc_longdoc_fixed_target_polar_lm_output_ffa3e50691.log
polar_lm_output,longdoc,fixed_target,,hoskinson-center/proof-pile,32k,,bits_per_byte,2.069054649833803,4,/home/sagemaker-user/atma/benchmarks/logs/foveal_cpt/longdoc_longdoc_fixed_target_polar_lm_output_ffa3e50691.log
polar_lm_output,longdoc,fixed_target,,hoskinson-center/proof-pile,32k,,nll_nats_per_token,3.8683088421821594,4,/home/sagemaker-user/atma/benchmarks/logs/foveal_cpt/longdoc_longdoc_fixed_target_polar_lm_output_ffa3e50691.log
polar_lm_output,longdoc,fixed_target,,hoskinson-center/proof-pile,32k,,perplexity,47.861376459127655,4,/home/sagemaker-user/atma/benchmarks/logs/foveal_cpt/longdoc_longdoc_fixed_target_polar_lm_output_ffa3e50691.log
polar_lm_output,longdoc,fixed_target,,hoskinson-center/proof-pile,4k,,bits_per_byte,2.059552571760382,4,/home/sagemaker-user/atma/benchmarks/logs/foveal_cpt/longdoc_longdoc_fixed_target_polar_lm_output_ffa3e50691.log
polar_lm_output,longdoc,fixed_target,,hoskinson-center/proof-pile,4k,,nll_nats_per_token,3.850543737411499,4,/home/sagemaker-user/atma/benchmarks/logs/foveal_cpt/longdoc_longdoc_fixed_target_polar_lm_output_ffa3e50691.log
polar_lm_output,longdoc,fixed_target,,hoskinson-center/proof-pile,4k,,perplexity,47.0186220661568,4,/home/sagemaker-user/atma/benchmarks/logs/foveal_cpt/longdoc_longdoc_fixed_target_polar_lm_output_ffa3e50691.log
polar_lm_output,longdoc,fixed_target,,hoskinson-center/proof-pile,64k,,bits_per_byte,2.0522880245879374,4,/home/sagemaker-user/atma/benchmarks/logs/foveal_cpt/longdoc_longdoc_fixed_target_polar_lm_output_ffa3e50691.log
polar_lm_output,longdoc,fixed_target,,hoskinson-center/proof-pile,64k,,nll_nats_per_token,3.8369619250297546,4,/home/sagemaker-user/atma/benchmarks/logs/foveal_cpt/longdoc_longdoc_fixed_target_polar_lm_output_ffa3e50691.log
polar_lm_output,longdoc,fixed_target,,hoskinson-center/proof-pile,64k,,perplexity,46.38434105586937,4,/home/sagemaker-user/atma/benchmarks/logs/foveal_cpt/longdoc_longdoc_fixed_target_polar_lm_output_ffa3e50691.log
polar_lm_output,longdoc,fixed_target,,hoskinson-center/proof-pile,8k,,bits_per_byte,2.0927561734786604,4,/home/sagemaker-user/atma/benchmarks/logs/foveal_cpt/longdoc_longdoc_fixed_target_polar_lm_output_ffa3e50691.log
polar_lm_output,longdoc,fixed_target,,hoskinson-center/proof-pile,8k,,nll_nats_per_token,3.912621259689331,4,/home/sagemaker-user/atma/benchmarks/logs/foveal_cpt/longdoc_longdoc_fixed_target_polar_lm_output_ffa3e50691.log
polar_lm_output,longdoc,fixed_target,,hoskinson-center/proof-pile,8k,,perplexity,50.02992166254788,4,/home/sagemaker-user/atma/benchmarks/logs/foveal_cpt/longdoc_longdoc_fixed_target_polar_lm_output_ffa3e50691.log
polar_lm_output,retrieval,synthetic,niah,synthetic-filler,128k,0.1,exact_match,0.0,10,/home/sagemaker-user/atma/benchmarks/logs/foveal_cpt/retrieval_retrieval_synthetic_polar_lm_output_f206b8a967.log
polar_lm_output,retrieval,synthetic,niah,synthetic-filler,128k,0.1,nll_nats_per_token,4.0898348999023435,10,/home/sagemaker-user/atma/benchmarks/logs/foveal_cpt/retrieval_retrieval_synthetic_polar_lm_output_f206b8a967.log
polar_lm_output,retrieval,synthetic,niah,synthetic-filler,128k,0.1,token_accuracy,0.0,10,/home/sagemaker-user/atma/benchmarks/logs/foveal_cpt/retrieval_retrieval_synthetic_polar_lm_output_f206b8a967.log
polar_lm_output,retrieval,synthetic,niah,synthetic-filler,128k,0.5,exact_match,0.0,10,/home/sagemaker-user/atma/benchmarks/logs/foveal_cpt/retrieval_retrieval_synthetic_polar_lm_output_f206b8a967.log
polar_lm_output,retrieval,synthetic,niah,synthetic-filler,128k,0.5,nll_nats_per_token,3.5814830017089845,10,/home/sagemaker-user/atma/benchmarks/logs/foveal_cpt/retrieval_retrieval_synthetic_polar_lm_output_f206b8a967.log
polar_lm_output,retrieval,synthetic,niah,synthetic-filler,128k,0.5,token_accuracy,8.0,10,/home/sagemaker-user/atma/benchmarks/logs/foveal_cpt/retrieval_retrieval_synthetic_polar_lm_output_f206b8a967.log
polar_lm_output,retrieval,synthetic,niah,synthetic-filler,128k,0.9,exact_match,0.0,10,/home/sagemaker-user/atma/benchmarks/logs/foveal_cpt/retrieval_retrieval_synthetic_polar_lm_output_f206b8a967.log
polar_lm_output,retrieval,synthetic,niah,synthetic-filler,128k,0.9,nll_nats_per_token,3.4226409149169923,10,/home/sagemaker-user/atma/benchmarks/logs/foveal_cpt/retrieval_retrieval_synthetic_polar_lm_output_f206b8a967.log
polar_lm_output,retrieval,synthetic,niah,synthetic-filler,128k,0.9,token_accuracy,10.0,10,/home/sagemaker-user/atma/benchmarks/logs/foveal_cpt/retrieval_retrieval_synthetic_polar_lm_output_f206b8a967.log
polar_lm_output,retrieval,synthetic,niah,synthetic-filler,16k,0.1,exact_match,0.0,10,/home/sagemaker-user/atma/benchmarks/logs/foveal_cpt/retrieval_retrieval_synthetic_polar_lm_output_f206b8a967.log
polar_lm_output,retrieval,synthetic,niah,synthetic-filler,16k,0.1,nll_nats_per_token,3.442364044189453,10,/home/sagemaker-user/atma/benchmarks/logs/foveal_cpt/retrieval_retrieval_synthetic_polar_lm_output_f206b8a967.log
polar_lm_output,retrieval,synthetic,niah,synthetic-filler,16k,0.1,token_accuracy,10.0,10,/home/sagemaker-user/atma/benchmarks/logs/foveal_cpt/retrieval_retrieval_synthetic_polar_lm_output_f206b8a967.log
polar_lm_output,retrieval,synthetic,niah,synthetic-filler,16k,0.5,exact_match,0.0,10,/home/sagemaker-user/atma/benchmarks/logs/foveal_cpt/retrieval_retrieval_synthetic_polar_lm_output_f206b8a967.log
polar_lm_output,retrieval,synthetic,niah,synthetic-filler,16k,0.5,nll_nats_per_token,3.8886359405517577,10,/home/sagemaker-user/atma/benchmarks/logs/foveal_cpt/retrieval_retrieval_synthetic_polar_lm_output_f206b8a967.log
polar_lm_output,retrieval,synthetic,niah,synthetic-filler,16k,0.5,token_accuracy,0.0,10,/home/sagemaker-user/atma/benchmarks/logs/foveal_cpt/retrieval_retrieval_synthetic_polar_lm_output_f206b8a967.log
polar_lm_output,retrieval,synthetic,niah,synthetic-filler,16k,0.9,exact_match,0.0,10,/home/sagemaker-user/atma/benchmarks/logs/foveal_cpt/retrieval_retrieval_synthetic_polar_lm_output_f206b8a967.log
polar_lm_output,retrieval,synthetic,niah,synthetic-filler,16k,0.9,nll_nats_per_token,3.165068950653076,10,/home/sagemaker-user/atma/benchmarks/logs/foveal_cpt/retrieval_retrieval_synthetic_polar_lm_output_f206b8a967.log
polar_lm_output,retrieval,synthetic,niah,synthetic-filler,16k,0.9,token_accuracy,18.0,10,/home/sagemaker-user/atma/benchmarks/logs/foveal_cpt/retrieval_retrieval_synthetic_polar_lm_output_f206b8a967.log
polar_lm_output,retrieval,synthetic,niah,synthetic-filler,256k,0.1,exact_match,0.0,10,/home/sagemaker-user/atma/benchmarks/logs/foveal_cpt/retrieval_retrieval_synthetic_polar_lm_output_f206b8a967.log
polar_lm_output,retrieval,synthetic,niah,synthetic-filler,256k,0.1,nll_nats_per_token,3.191045799255371,10,/home/sagemaker-user/atma/benchmarks/logs/foveal_cpt/retrieval_retrieval_synthetic_polar_lm_output_f206b8a967.log
polar_lm_output,retrieval,synthetic,niah,synthetic-filler,256k,0.1,token_accuracy,18.0,10,/home/sagemaker-user/atma/benchmarks/logs/foveal_cpt/retrieval_retrieval_synthetic_polar_lm_output_f206b8a967.log
polar_lm_output,retrieval,synthetic,niah,synthetic-filler,256k,0.5,exact_match,0.0,10,/home/sagemaker-user/atma/benchmarks/logs/foveal_cpt/retrieval_retrieval_synthetic_polar_lm_output_f206b8a967.log
polar_lm_output,retrieval,synthetic,niah,synthetic-filler,256k,0.5,nll_nats_per_token,3.7651356506347655,10,/home/sagemaker-user/atma/benchmarks/logs/foveal_cpt/retrieval_retrieval_synthetic_polar_lm_output_f206b8a967.log
polar_lm_output,retrieval,synthetic,niah,synthetic-filler,256k,0.5,token_accuracy,0.0,10,/home/sagemaker-user/atma/benchmarks/logs/foveal_cpt/retrieval_retrieval_synthetic_polar_lm_output_f206b8a967.log
polar_lm_output,retrieval,synthetic,niah,synthetic-filler,256k,0.9,exact_match,0.0,10,/home/sagemaker-user/atma/benchmarks/logs/foveal_cpt/retrieval_retrieval_synthetic_polar_lm_output_f206b8a967.log
polar_lm_output,retrieval,synthetic,niah,synthetic-filler,256k,0.9,nll_nats_per_token,3.052002773284912,10,/home/sagemaker-user/atma/benchmarks/logs/foveal_cpt/retrieval_retrieval_synthetic_polar_lm_output_f206b8a967.log
polar_lm_output,retrieval,synthetic,niah,synthetic-filler,256k,0.9,token_accuracy,18.0,10,/home/sagemaker-user/atma/benchmarks/logs/foveal_cpt/retrieval_retrieval_synthetic_polar_lm_output_f206b8a967.log
polar_lm_output,retrieval,synthetic,niah,synthetic-filler,2k,0.1,exact_match,90.0,10,/home/sagemaker-user/atma/benchmarks/logs/foveal_cpt/retrieval_retrieval_synthetic_polar_lm_output_f206b8a967.log
polar_lm_output,retrieval,synthetic,niah,synthetic-filler,2k,0.1,nll_nats_per_token,0.5084712219238281,10,/home/sagemaker-user/atma/benchmarks/logs/foveal_cpt/retrieval_retrieval_synthetic_polar_lm_output_f206b8a967.log
polar_lm_output,retrieval,synthetic,niah,synthetic-filler,2k,0.1,token_accuracy,98.0,10,/home/sagemaker-user/atma/benchmarks/logs/foveal_cpt/retrieval_retrieval_synthetic_polar_lm_output_f206b8a967.log
polar_lm_output,retrieval,synthetic,niah,synthetic-filler,2k,0.5,exact_match,30.0,10,/home/sagemaker-user/atma/benchmarks/logs/foveal_cpt/retrieval_retrieval_synthetic_polar_lm_output_f206b8a967.log
polar_lm_output,retrieval,synthetic,niah,synthetic-filler,2k,0.5,exact_match,0.0,2,/home/sagemaker-user/atma/benchmarks/logs/foveal_cpt/smoke_retrieval_synthetic_polar_lm_output_37542d85af.log
polar_lm_output,retrieval,synthetic,niah,synthetic-filler,2k,0.5,exact_match,40.0,5,/home/sagemaker-user/atma/benchmarks/logs/foveal_cpt/smoke_retrieval_synthetic_polar_lm_output_9011624dcc.log
polar_lm_output,retrieval,synthetic,niah,synthetic-filler,2k,0.5,nll_nats_per_token,0.8137947392463684,10,/home/sagemaker-user/atma/benchmarks/logs/foveal_cpt/retrieval_retrieval_synthetic_polar_lm_output_f206b8a967.log
polar_lm_output,retrieval,synthetic,niah,synthetic-filler,2k,0.5,nll_nats_per_token,0.9121354579925537,2,/home/sagemaker-user/atma/benchmarks/logs/foveal_cpt/smoke_retrieval_synthetic_polar_lm_output_37542d85af.log
polar_lm_output,retrieval,synthetic,niah,synthetic-filler,2k,0.5,nll_nats_per_token,0.7778518676757813,5,/home/sagemaker-user/atma/benchmarks/logs/foveal_cpt/smoke_retrieval_synthetic_polar_lm_output_9011624dcc.log
polar_lm_output,retrieval,synthetic,niah,synthetic-filler,2k,0.5,token_accuracy,78.0,10,/home/sagemaker-user/atma/benchmarks/logs/foveal_cpt/retrieval_retrieval_synthetic_polar_lm_output_f206b8a967.log
polar_lm_output,retrieval,synthetic,niah,synthetic-filler,2k,0.5,token_accuracy,80.0,2,/home/sagemaker-user/atma/benchmarks/logs/foveal_cpt/smoke_retrieval_synthetic_polar_lm_output_37542d85af.log
polar_lm_output,retrieval,synthetic,niah,synthetic-filler,2k,0.5,token_accuracy,88.0,5,/home/sagemaker-user/atma/benchmarks/logs/foveal_cpt/smoke_retrieval_synthetic_polar_lm_output_9011624dcc.log
polar_lm_output,retrieval,synthetic,niah,synthetic-filler,2k,0.9,exact_match,100.0,10,/home/sagemaker-user/atma/benchmarks/logs/foveal_cpt/retrieval_retrieval_synthetic_polar_lm_output_f206b8a967.log
polar_lm_output,retrieval,synthetic,niah,synthetic-filler,2k,0.9,nll_nats_per_token,0.34800570011138915,10,/home/sagemaker-user/atma/benchmarks/logs/foveal_cpt/retrieval_retrieval_synthetic_polar_lm_output_f206b8a967.log
polar_lm_output,retrieval,synthetic,niah,synthetic-filler,2k,0.9,token_accuracy,100.0,10,/home/sagemaker-user/atma/benchmarks/logs/foveal_cpt/retrieval_retrieval_synthetic_polar_lm_output_f206b8a967.log
polar_lm_output,retrieval,synthetic,niah,synthetic-filler,32k,0.1,exact_match,0.0,10,/home/sagemaker-user/atma/benchmarks/logs/foveal_cpt/retrieval_retrieval_synthetic_polar_lm_output_f206b8a967.log
polar_lm_output,retrieval,synthetic,niah,synthetic-filler,32k,0.1,nll_nats_per_token,4.029625205993653,10,/home/sagemaker-user/atma/benchmarks/logs/foveal_cpt/retrieval_retrieval_synthetic_polar_lm_output_f206b8a967.log
polar_lm_output,retrieval,synthetic,niah,synthetic-filler,32k,0.1,token_accuracy,0.0,10,/home/sagemaker-user/atma/benchmarks/logs/foveal_cpt/retrieval_retrieval_synthetic_polar_lm_output_f206b8a967.log
polar_lm_output,retrieval,synthetic,niah,synthetic-filler,32k,0.5,exact_match,0.0,10,/home/sagemaker-user/atma/benchmarks/logs/foveal_cpt/retrieval_retrieval_synthetic_polar_lm_output_f206b8a967.log
polar_lm_output,retrieval,synthetic,niah,synthetic-filler,32k,0.5,nll_nats_per_token,3.9890021896362304,10,/home/sagemaker-user/atma/benchmarks/logs/foveal_cpt/retrieval_retrieval_synthetic_polar_lm_output_f206b8a967.log
polar_lm_output,retrieval,synthetic,niah,synthetic-filler,32k,0.5,token_accuracy,0.0,10,/home/sagemaker-user/atma/benchmarks/logs/foveal_cpt/retrieval_retrieval_synthetic_polar_lm_output_f206b8a967.log
polar_lm_output,retrieval,synthetic,niah,synthetic-filler,32k,0.9,exact_match,0.0,10,/home/sagemaker-user/atma/benchmarks/logs/foveal_cpt/retrieval_retrieval_synthetic_polar_lm_output_f206b8a967.log
polar_lm_output,retrieval,synthetic,niah,synthetic-filler,32k,0.9,nll_nats_per_token,3.7150479888916017,10,/home/sagemaker-user/atma/benchmarks/logs/foveal_cpt/retrieval_retrieval_synthetic_polar_lm_output_f206b8a967.log
polar_lm_output,retrieval,synthetic,niah,synthetic-filler,32k,0.9,token_accuracy,0.0,10,/home/sagemaker-user/atma/benchmarks/logs/foveal_cpt/retrieval_retrieval_synthetic_polar_lm_output_f206b8a967.log
polar_lm_output,retrieval,synthetic,niah,synthetic-filler,4k,0.1,exact_match,60.0,10,/home/sagemaker-user/atma/benchmarks/logs/foveal_cpt/retrieval_retrieval_synthetic_polar_lm_output_f206b8a967.log
polar_lm_output,retrieval,synthetic,niah,synthetic-filler,4k,0.1,nll_nats_per_token,0.8885618019104004,10,/home/sagemaker-user/atma/benchmarks/logs/foveal_cpt/retrieval_retrieval_synthetic_polar_lm_output_f206b8a967.log
polar_lm_output,retrieval,synthetic,niah,synthetic-filler,4k,0.1,token_accuracy,90.0,10,/home/sagemaker-user/atma/benchmarks/logs/foveal_cpt/retrieval_retrieval_synthetic_polar_lm_output_f206b8a967.log
polar_lm_output,retrieval,synthetic,niah,synthetic-filler,4k,0.5,exact_match,0.0,10,/home/sagemaker-user/atma/benchmarks/logs/foveal_cpt/retrieval_retrieval_synthetic_polar_lm_output_f206b8a967.log
polar_lm_output,retrieval,synthetic,niah,synthetic-filler,4k,0.5,nll_nats_per_token,1.5009805583953857,10,/home/sagemaker-user/atma/benchmarks/logs/foveal_cpt/retrieval_retrieval_synthetic_polar_lm_output_f206b8a967.log
polar_lm_output,retrieval,synthetic,niah,synthetic-filler,4k,0.5,token_accuracy,48.0,10,/home/sagemaker-user/atma/benchmarks/logs/foveal_cpt/retrieval_retrieval_synthetic_polar_lm_output_f206b8a967.log
polar_lm_output,retrieval,synthetic,niah,synthetic-filler,4k,0.9,exact_match,100.0,10,/home/sagemaker-user/atma/benchmarks/logs/foveal_cpt/retrieval_retrieval_synthetic_polar_lm_output_f206b8a967.log
polar_lm_output,retrieval,synthetic,niah,synthetic-filler,4k,0.9,nll_nats_per_token,0.30618680238723756,10,/home/sagemaker-user/atma/benchmarks/logs/foveal_cpt/retrieval_retrieval_synthetic_polar_lm_output_f206b8a967.log
polar_lm_output,retrieval,synthetic,niah,synthetic-filler,4k,0.9,token_accuracy,100.0,10,/home/sagemaker-user/atma/benchmarks/logs/foveal_cpt/retrieval_retrieval_synthetic_polar_lm_output_f206b8a967.log
polar_lm_output,retrieval,synthetic,niah,synthetic-filler,64k,0.1,exact_match,0.0,10,/home/sagemaker-user/atma/benchmarks/logs/foveal_cpt/retrieval_retrieval_synthetic_polar_lm_output_f206b8a967.log
polar_lm_output,retrieval,synthetic,niah,synthetic-filler,64k,0.1,nll_nats_per_token,2.931861610412598,10,/home/sagemaker-user/atma/benchmarks/logs/foveal_cpt/retrieval_retrieval_synthetic_polar_lm_output_f206b8a967.log
polar_lm_output,retrieval,synthetic,niah,synthetic-filler,64k,0.1,token_accuracy,18.0,10,/home/sagemaker-user/atma/benchmarks/logs/foveal_cpt/retrieval_retrieval_synthetic_polar_lm_output_f206b8a967.log
polar_lm_output,retrieval,synthetic,niah,synthetic-filler,64k,0.5,exact_match,0.0,10,/home/sagemaker-user/atma/benchmarks/logs/foveal_cpt/retrieval_retrieval_synthetic_polar_lm_output_f206b8a967.log
polar_lm_output,retrieval,synthetic,niah,synthetic-filler,64k,0.5,nll_nats_per_token,3.1393974304199217,10,/home/sagemaker-user/atma/benchmarks/logs/foveal_cpt/retrieval_retrieval_synthetic_polar_lm_output_f206b8a967.log
polar_lm_output,retrieval,synthetic,niah,synthetic-filler,64k,0.5,token_accuracy,6.0,10,/home/sagemaker-user/atma/benchmarks/logs/foveal_cpt/retrieval_retrieval_synthetic_polar_lm_output_f206b8a967.log
polar_lm_output,retrieval,synthetic,niah,synthetic-filler,64k,0.9,exact_match,0.0,10,/home/sagemaker-user/atma/benchmarks/logs/foveal_cpt/retrieval_retrieval_synthetic_polar_lm_output_f206b8a967.log
polar_lm_output,retrieval,synthetic,niah,synthetic-filler,64k,0.9,nll_nats_per_token,2.6088588714599608,10,/home/sagemaker-user/atma/benchmarks/logs/foveal_cpt/retrieval_retrieval_synthetic_polar_lm_output_f206b8a967.log
polar_lm_output,retrieval,synthetic,niah,synthetic-filler,64k,0.9,token_accuracy,20.0,10,/home/sagemaker-user/atma/benchmarks/logs/foveal_cpt/retrieval_retrieval_synthetic_polar_lm_output_f206b8a967.log
polar_lm_output,retrieval,synthetic,niah,synthetic-filler,8k,0.1,exact_match,60.0,10,/home/sagemaker-user/atma/benchmarks/logs/foveal_cpt/retrieval_retrieval_synthetic_polar_lm_output_f206b8a967.log
polar_lm_output,retrieval,synthetic,niah,synthetic-filler,8k,0.1,nll_nats_per_token,1.143886365890503,10,/home/sagemaker-user/atma/benchmarks/logs/foveal_cpt/retrieval_retrieval_synthetic_polar_lm_output_f206b8a967.log
polar_lm_output,retrieval,synthetic,niah,synthetic-filler,8k,0.1,token_accuracy,86.0,10,/home/sagemaker-user/atma/benchmarks/logs/foveal_cpt/retrieval_retrieval_synthetic_polar_lm_output_f206b8a967.log
polar_lm_output,retrieval,synthetic,niah,synthetic-filler,8k,0.5,exact_match,0.0,10,/home/sagemaker-user/atma/benchmarks/logs/foveal_cpt/retrieval_retrieval_synthetic_polar_lm_output_f206b8a967.log
polar_lm_output,retrieval,synthetic,niah,synthetic-filler,8k,0.5,exact_match,0.0,2,/home/sagemaker-user/atma/benchmarks/logs/foveal_cpt/smoke_retrieval_synthetic_polar_lm_output_37542d85af.log
polar_lm_output,retrieval,synthetic,niah,synthetic-filler,8k,0.5,exact_match,0.0,5,/home/sagemaker-user/atma/benchmarks/logs/foveal_cpt/smoke_retrieval_synthetic_polar_lm_output_9011624dcc.log
polar_lm_output,retrieval,synthetic,niah,synthetic-filler,8k,0.5,nll_nats_per_token,3.0100010681152343,10,/home/sagemaker-user/atma/benchmarks/logs/foveal_cpt/retrieval_retrieval_synthetic_polar_lm_output_f206b8a967.log
polar_lm_output,retrieval,synthetic,niah,synthetic-filler,8k,0.5,nll_nats_per_token,3.0296884536743165,2,/home/sagemaker-user/atma/benchmarks/logs/foveal_cpt/smoke_retrieval_synthetic_polar_lm_output_37542d85af.log
polar_lm_output,retrieval,synthetic,niah,synthetic-filler,8k,0.5,nll_nats_per_token,3.075666847229004,5,/home/sagemaker-user/atma/benchmarks/logs/foveal_cpt/smoke_retrieval_synthetic_polar_lm_output_9011624dcc.log
polar_lm_output,retrieval,synthetic,niah,synthetic-filler,8k,0.5,token_accuracy,0.0,10,/home/sagemaker-user/atma/benchmarks/logs/foveal_cpt/retrieval_retrieval_synthetic_polar_lm_output_f206b8a967.log
polar_lm_output,retrieval,synthetic,niah,synthetic-filler,8k,0.5,token_accuracy,0.0,2,/home/sagemaker-user/atma/benchmarks/logs/foveal_cpt/smoke_retrieval_synthetic_polar_lm_output_37542d85af.log
polar_lm_output,retrieval,synthetic,niah,synthetic-filler,8k,0.5,token_accuracy,0.0,5,/home/sagemaker-user/atma/benchmarks/logs/foveal_cpt/smoke_retrieval_synthetic_polar_lm_output_9011624dcc.log
polar_lm_output,retrieval,synthetic,niah,synthetic-filler,8k,0.9,exact_match,0.0,10,/home/sagemaker-user/atma/benchmarks/logs/foveal_cpt/retrieval_retrieval_synthetic_polar_lm_output_f206b8a967.log
polar_lm_output,retrieval,synthetic,niah,synthetic-filler,8k,0.9,nll_nats_per_token,2.697332057952881,10,/home/sagemaker-user/atma/benchmarks/logs/foveal_cpt/retrieval_retrieval_synthetic_polar_lm_output_f206b8a967.log
polar_lm_output,retrieval,synthetic,niah,synthetic-filler,8k,0.9,token_accuracy,18.0,10,/home/sagemaker-user/atma/benchmarks/logs/foveal_cpt/retrieval_retrieval_synthetic_polar_lm_output_f206b8a967.log
polar_lm_output,retrieval,synthetic,passkey,synthetic-filler,128k,0.1,exact_match,0.0,10,/home/sagemaker-user/atma/benchmarks/logs/foveal_cpt/retrieval_retrieval_synthetic_polar_lm_output_f206b8a967.log
polar_lm_output,retrieval,synthetic,passkey,synthetic-filler,128k,0.1,nll_nats_per_token,4.118303375244141,10,/home/sagemaker-user/atma/benchmarks/logs/foveal_cpt/retrieval_retrieval_synthetic_polar_lm_output_f206b8a967.log
polar_lm_output,retrieval,synthetic,passkey,synthetic-filler,128k,0.1,token_accuracy,10.0,10,/home/sagemaker-user/atma/benchmarks/logs/foveal_cpt/retrieval_retrieval_synthetic_polar_lm_output_f206b8a967.log
polar_lm_output,retrieval,synthetic,passkey,synthetic-filler,128k,0.5,exact_match,0.0,10,/home/sagemaker-user/atma/benchmarks/logs/foveal_cpt/retrieval_retrieval_synthetic_polar_lm_output_f206b8a967.log
polar_lm_output,retrieval,synthetic,passkey,synthetic-filler,128k,0.5,nll_nats_per_token,4.1146513366699216,10,/home/sagemaker-user/atma/benchmarks/logs/foveal_cpt/retrieval_retrieval_synthetic_polar_lm_output_f206b8a967.log
polar_lm_output,retrieval,synthetic,passkey,synthetic-filler,128k,0.5,token_accuracy,10.0,10,/home/sagemaker-user/atma/benchmarks/logs/foveal_cpt/retrieval_retrieval_synthetic_polar_lm_output_f206b8a967.log
polar_lm_output,retrieval,synthetic,passkey,synthetic-filler,128k,0.9,exact_match,0.0,10,/home/sagemaker-user/atma/benchmarks/logs/foveal_cpt/retrieval_retrieval_synthetic_polar_lm_output_f206b8a967.log
polar_lm_output,retrieval,synthetic,passkey,synthetic-filler,128k,0.9,nll_nats_per_token,3.8616488075256346,10,/home/sagemaker-user/atma/benchmarks/logs/foveal_cpt/retrieval_retrieval_synthetic_polar_lm_output_f206b8a967.log
polar_lm_output,retrieval,synthetic,passkey,synthetic-filler,128k,0.9,token_accuracy,12.0,10,/home/sagemaker-user/atma/benchmarks/logs/foveal_cpt/retrieval_retrieval_synthetic_polar_lm_output_f206b8a967.log
polar_lm_output,retrieval,synthetic,passkey,synthetic-filler,16k,0.1,exact_match,0.0,10,/home/sagemaker-user/atma/benchmarks/logs/foveal_cpt/retrieval_retrieval_synthetic_polar_lm_output_f206b8a967.log
polar_lm_output,retrieval,synthetic,passkey,synthetic-filler,16k,0.1,nll_nats_per_token,3.7479626083374025,10,/home/sagemaker-user/atma/benchmarks/logs/foveal_cpt/retrieval_retrieval_synthetic_polar_lm_output_f206b8a967.log
polar_lm_output,retrieval,synthetic,passkey,synthetic-filler,16k,0.1,token_accuracy,14.0,10,/home/sagemaker-user/atma/benchmarks/logs/foveal_cpt/retrieval_retrieval_synthetic_polar_lm_output_f206b8a967.log
polar_lm_output,retrieval,synthetic,passkey,synthetic-filler,16k,0.5,exact_match,0.0,10,/home/sagemaker-user/atma/benchmarks/logs/foveal_cpt/retrieval_retrieval_synthetic_polar_lm_output_f206b8a967.log
polar_lm_output,retrieval,synthetic,passkey,synthetic-filler,16k,0.5,nll_nats_per_token,3.790275421142578,10,/home/sagemaker-user/atma/benchmarks/logs/foveal_cpt/retrieval_retrieval_synthetic_polar_lm_output_f206b8a967.log
polar_lm_output,retrieval,synthetic,passkey,synthetic-filler,16k,0.5,token_accuracy,18.0,10,/home/sagemaker-user/atma/benchmarks/logs/foveal_cpt/retrieval_retrieval_synthetic_polar_lm_output_f206b8a967.log
polar_lm_output,retrieval,synthetic,passkey,synthetic-filler,16k,0.9,exact_match,0.0,10,/home/sagemaker-user/atma/benchmarks/logs/foveal_cpt/retrieval_retrieval_synthetic_polar_lm_output_f206b8a967.log
polar_lm_output,retrieval,synthetic,passkey,synthetic-filler,16k,0.9,nll_nats_per_token,3.670733814239502,10,/home/sagemaker-user/atma/benchmarks/logs/foveal_cpt/retrieval_retrieval_synthetic_polar_lm_output_f206b8a967.log
polar_lm_output,retrieval,synthetic,passkey,synthetic-filler,16k,0.9,token_accuracy,20.0,10,/home/sagemaker-user/atma/benchmarks/logs/foveal_cpt/retrieval_retrieval_synthetic_polar_lm_output_f206b8a967.log
polar_lm_output,retrieval,synthetic,passkey,synthetic-filler,256k,0.1,exact_match,0.0,10,/home/sagemaker-user/atma/benchmarks/logs/foveal_cpt/retrieval_retrieval_synthetic_polar_lm_output_f206b8a967.log
polar_lm_output,retrieval,synthetic,passkey,synthetic-filler,256k,0.1,nll_nats_per_token,4.469993705749512,10,/home/sagemaker-user/atma/benchmarks/logs/foveal_cpt/retrieval_retrieval_synthetic_polar_lm_output_f206b8a967.log
polar_lm_output,retrieval,synthetic,passkey,synthetic-filler,256k,0.1,token_accuracy,0.0,10,/home/sagemaker-user/atma/benchmarks/logs/foveal_cpt/retrieval_retrieval_synthetic_polar_lm_output_f206b8a967.log
polar_lm_output,retrieval,synthetic,passkey,synthetic-filler,256k,0.5,exact_match,0.0,10,/home/sagemaker-user/atma/benchmarks/logs/foveal_cpt/retrieval_retrieval_synthetic_polar_lm_output_f206b8a967.log
polar_lm_output,retrieval,synthetic,passkey,synthetic-filler,256k,0.5,nll_nats_per_token,4.435337524414063,10,/home/sagemaker-user/atma/benchmarks/logs/foveal_cpt/retrieval_retrieval_synthetic_polar_lm_output_f206b8a967.log
polar_lm_output,retrieval,synthetic,passkey,synthetic-filler,256k,0.5,token_accuracy,0.0,10,/home/sagemaker-user/atma/benchmarks/logs/foveal_cpt/retrieval_retrieval_synthetic_polar_lm_output_f206b8a967.log
polar_lm_output,retrieval,synthetic,passkey,synthetic-filler,256k,0.9,exact_match,0.0,10,/home/sagemaker-user/atma/benchmarks/logs/foveal_cpt/retrieval_retrieval_synthetic_polar_lm_output_f206b8a967.log
polar_lm_output,retrieval,synthetic,passkey,synthetic-filler,256k,0.9,nll_nats_per_token,4.378930320739746,10,/home/sagemaker-user/atma/benchmarks/logs/foveal_cpt/retrieval_retrieval_synthetic_polar_lm_output_f206b8a967.log
polar_lm_output,retrieval,synthetic,passkey,synthetic-filler,256k,0.9,token_accuracy,0.0,10,/home/sagemaker-user/atma/benchmarks/logs/foveal_cpt/retrieval_retrieval_synthetic_polar_lm_output_f206b8a967.log
polar_lm_output,retrieval,synthetic,passkey,synthetic-filler,2k,0.1,exact_match,60.0,10,/home/sagemaker-user/atma/benchmarks/logs/foveal_cpt/retrieval_retrieval_synthetic_polar_lm_output_f206b8a967.log
polar_lm_output,retrieval,synthetic,passkey,synthetic-filler,2k,0.1,nll_nats_per_token,0.9266807198524475,10,/home/sagemaker-user/atma/benchmarks/logs/foveal_cpt/retrieval_retrieval_synthetic_polar_lm_output_f206b8a967.log
polar_lm_output,retrieval,synthetic,passkey,synthetic-filler,2k,0.1,token_accuracy,92.0,10,/home/sagemaker-user/atma/benchmarks/logs/foveal_cpt/retrieval_retrieval_synthetic_polar_lm_output_f206b8a967.log
polar_lm_output,retrieval,synthetic,passkey,synthetic-filler,2k,0.5,exact_match,50.0,10,/home/sagemaker-user/atma/benchmarks/logs/foveal_cpt/retrieval_retrieval_synthetic_polar_lm_output_f206b8a967.log
polar_lm_output,retrieval,synthetic,passkey,synthetic-filler,2k,0.5,exact_match,100.0,2,/home/sagemaker-user/atma/benchmarks/logs/foveal_cpt/smoke_retrieval_synthetic_polar_lm_output_37542d85af.log
polar_lm_output,retrieval,synthetic,passkey,synthetic-filler,2k,0.5,exact_match,60.0,5,/home/sagemaker-user/atma/benchmarks/logs/foveal_cpt/smoke_retrieval_synthetic_polar_lm_output_9011624dcc.log
polar_lm_output,retrieval,synthetic,passkey,synthetic-filler,2k,0.5,nll_nats_per_token,0.9216760420799255,10,/home/sagemaker-user/atma/benchmarks/logs/foveal_cpt/retrieval_retrieval_synthetic_polar_lm_output_f206b8a967.log
polar_lm_output,retrieval,synthetic,passkey,synthetic-filler,2k,0.5,nll_nats_per_token,1.1319326877593994,2,/home/sagemaker-user/atma/benchmarks/logs/foveal_cpt/smoke_retrieval_synthetic_polar_lm_output_37542d85af.log
polar_lm_output,retrieval,synthetic,passkey,synthetic-filler,2k,0.5,nll_nats_per_token,1.1119791412353515,5,/home/sagemaker-user/atma/benchmarks/logs/foveal_cpt/smoke_retrieval_synthetic_polar_lm_output_9011624dcc.log
polar_lm_output,retrieval,synthetic,passkey,synthetic-filler,2k,0.5,token_accuracy,88.0,10,/home/sagemaker-user/atma/benchmarks/logs/foveal_cpt/retrieval_retrieval_synthetic_polar_lm_output_f206b8a967.log
polar_lm_output,retrieval,synthetic,passkey,synthetic-filler,2k,0.5,token_accuracy,100.0,2,/home/sagemaker-user/atma/benchmarks/logs/foveal_cpt/smoke_retrieval_synthetic_polar_lm_output_37542d85af.log
polar_lm_output,retrieval,synthetic,passkey,synthetic-filler,2k,0.5,token_accuracy,92.0,5,/home/sagemaker-user/atma/benchmarks/logs/foveal_cpt/smoke_retrieval_synthetic_polar_lm_output_9011624dcc.log
polar_lm_output,retrieval,synthetic,passkey,synthetic-filler,2k,0.9,exact_match,100.0,10,/home/sagemaker-user/atma/benchmarks/logs/foveal_cpt/retrieval_retrieval_synthetic_polar_lm_output_f206b8a967.log
polar_lm_output,retrieval,synthetic,passkey,synthetic-filler,2k,0.9,nll_nats_per_token,0.22085776329040527,10,/home/sagemaker-user/atma/benchmarks/logs/foveal_cpt/retrieval_retrieval_synthetic_polar_lm_output_f206b8a967.log
polar_lm_output,retrieval,synthetic,passkey,synthetic-filler,2k,0.9,token_accuracy,100.0,10,/home/sagemaker-user/atma/benchmarks/logs/foveal_cpt/retrieval_retrieval_synthetic_polar_lm_output_f206b8a967.log
polar_lm_output,retrieval,synthetic,passkey,synthetic-filler,32k,0.1,exact_match,0.0,10,/home/sagemaker-user/atma/benchmarks/logs/foveal_cpt/retrieval_retrieval_synthetic_polar_lm_output_f206b8a967.log
polar_lm_output,retrieval,synthetic,passkey,synthetic-filler,32k,0.1,nll_nats_per_token,3.890375061035156,10,/home/sagemaker-user/atma/benchmarks/logs/foveal_cpt/retrieval_retrieval_synthetic_polar_lm_output_f206b8a967.log
polar_lm_output,retrieval,synthetic,passkey,synthetic-filler,32k,0.1,token_accuracy,12.0,10,/home/sagemaker-user/atma/benchmarks/logs/foveal_cpt/retrieval_retrieval_synthetic_polar_lm_output_f206b8a967.log
polar_lm_output,retrieval,synthetic,passkey,synthetic-filler,32k,0.5,exact_match,0.0,10,/home/sagemaker-user/atma/benchmarks/logs/foveal_cpt/retrieval_retrieval_synthetic_polar_lm_output_f206b8a967.log
polar_lm_output,retrieval,synthetic,passkey,synthetic-filler,32k,0.5,nll_nats_per_token,4.016865959167481,10,/home/sagemaker-user/atma/benchmarks/logs/foveal_cpt/retrieval_retrieval_synthetic_polar_lm_output_f206b8a967.log
polar_lm_output,retrieval,synthetic,passkey,synthetic-filler,32k,0.5,token_accuracy,10.0,10,/home/sagemaker-user/atma/benchmarks/logs/foveal_cpt/retrieval_retrieval_synthetic_polar_lm_output_f206b8a967.log
polar_lm_output,retrieval,synthetic,passkey,synthetic-filler,32k,0.9,exact_match,0.0,10,/home/sagemaker-user/atma/benchmarks/logs/foveal_cpt/retrieval_retrieval_synthetic_polar_lm_output_f206b8a967.log
polar_lm_output,retrieval,synthetic,passkey,synthetic-filler,32k,0.9,nll_nats_per_token,3.7458356857299804,10,/home/sagemaker-user/atma/benchmarks/logs/foveal_cpt/retrieval_retrieval_synthetic_polar_lm_output_f206b8a967.log
polar_lm_output,retrieval,synthetic,passkey,synthetic-filler,32k,0.9,token_accuracy,14.0,10,/home/sagemaker-user/atma/benchmarks/logs/foveal_cpt/retrieval_retrieval_synthetic_polar_lm_output_f206b8a967.log
polar_lm_output,retrieval,synthetic,passkey,synthetic-filler,4k,0.1,exact_match,0.0,10,/home/sagemaker-user/atma/benchmarks/logs/foveal_cpt/retrieval_retrieval_synthetic_polar_lm_output_f206b8a967.log
polar_lm_output,retrieval,synthetic,passkey,synthetic-filler,4k,0.1,nll_nats_per_token,3.2123326301574706,10,/home/sagemaker-user/atma/benchmarks/logs/foveal_cpt/retrieval_retrieval_synthetic_polar_lm_output_f206b8a967.log
polar_lm_output,retrieval,synthetic,passkey,synthetic-filler,4k,0.1,token_accuracy,18.0,10,/home/sagemaker-user/atma/benchmarks/logs/foveal_cpt/retrieval_retrieval_synthetic_polar_lm_output_f206b8a967.log
polar_lm_output,retrieval,synthetic,passkey,synthetic-filler,4k,0.5,exact_match,0.0,10,/home/sagemaker-user/atma/benchmarks/logs/foveal_cpt/retrieval_retrieval_synthetic_polar_lm_output_f206b8a967.log
polar_lm_output,retrieval,synthetic,passkey,synthetic-filler,4k,0.5,nll_nats_per_token,3.8674710464477537,10,/home/sagemaker-user/atma/benchmarks/logs/foveal_cpt/retrieval_retrieval_synthetic_polar_lm_output_f206b8a967.log
polar_lm_output,retrieval,synthetic,passkey,synthetic-filler,4k,0.5,token_accuracy,4.0,10,/home/sagemaker-user/atma/benchmarks/logs/foveal_cpt/retrieval_retrieval_synthetic_polar_lm_output_f206b8a967.log
polar_lm_output,retrieval,synthetic,passkey,synthetic-filler,4k,0.9,exact_match,80.0,10,/home/sagemaker-user/atma/benchmarks/logs/foveal_cpt/retrieval_retrieval_synthetic_polar_lm_output_f206b8a967.log
polar_lm_output,retrieval,synthetic,passkey,synthetic-filler,4k,0.9,nll_nats_per_token,0.23025272488594056,10,/home/sagemaker-user/atma/benchmarks/logs/foveal_cpt/retrieval_retrieval_synthetic_polar_lm_output_f206b8a967.log
polar_lm_output,retrieval,synthetic,passkey,synthetic-filler,4k,0.9,token_accuracy,96.0,10,/home/sagemaker-user/atma/benchmarks/logs/foveal_cpt/retrieval_retrieval_synthetic_polar_lm_output_f206b8a967.log
polar_lm_output,retrieval,synthetic,passkey,synthetic-filler,64k,0.1,exact_match,0.0,10,/home/sagemaker-user/atma/benchmarks/logs/foveal_cpt/retrieval_retrieval_synthetic_polar_lm_output_f206b8a967.log
polar_lm_output,retrieval,synthetic,passkey,synthetic-filler,64k,0.1,nll_nats_per_token,4.172915840148926,10,/home/sagemaker-user/atma/benchmarks/logs/foveal_cpt/retrieval_retrieval_synthetic_polar_lm_output_f206b8a967.log
polar_lm_output,retrieval,synthetic,passkey,synthetic-filler,64k,0.1,token_accuracy,8.0,10,/home/sagemaker-user/atma/benchmarks/logs/foveal_cpt/retrieval_retrieval_synthetic_polar_lm_output_f206b8a967.log
polar_lm_output,retrieval,synthetic,passkey,synthetic-filler,64k,0.5,exact_match,0.0,10,/home/sagemaker-user/atma/benchmarks/logs/foveal_cpt/retrieval_retrieval_synthetic_polar_lm_output_f206b8a967.log
polar_lm_output,retrieval,synthetic,passkey,synthetic-filler,64k,0.5,nll_nats_per_token,4.330186080932617,10,/home/sagemaker-user/atma/benchmarks/logs/foveal_cpt/retrieval_retrieval_synthetic_polar_lm_output_f206b8a967.log
polar_lm_output,retrieval,synthetic,passkey,synthetic-filler,64k,0.5,token_accuracy,12.0,10,/home/sagemaker-user/atma/benchmarks/logs/foveal_cpt/retrieval_retrieval_synthetic_polar_lm_output_f206b8a967.log
polar_lm_output,retrieval,synthetic,passkey,synthetic-filler,64k,0.9,exact_match,0.0,10,/home/sagemaker-user/atma/benchmarks/logs/foveal_cpt/retrieval_retrieval_synthetic_polar_lm_output_f206b8a967.log
polar_lm_output,retrieval,synthetic,passkey,synthetic-filler,64k,0.9,nll_nats_per_token,4.127670211791992,10,/home/sagemaker-user/atma/benchmarks/logs/foveal_cpt/retrieval_retrieval_synthetic_polar_lm_output_f206b8a967.log
polar_lm_output,retrieval,synthetic,passkey,synthetic-filler,64k,0.9,token_accuracy,12.0,10,/home/sagemaker-user/atma/benchmarks/logs/foveal_cpt/retrieval_retrieval_synthetic_polar_lm_output_f206b8a967.log
polar_lm_output,retrieval,synthetic,passkey,synthetic-filler,8k,0.1,exact_match,10.0,10,/home/sagemaker-user/atma/benchmarks/logs/foveal_cpt/retrieval_retrieval_synthetic_polar_lm_output_f206b8a967.log
polar_lm_output,retrieval,synthetic,passkey,synthetic-filler,8k,0.1,nll_nats_per_token,2.754286985397339,10,/home/sagemaker-user/atma/benchmarks/logs/foveal_cpt/retrieval_retrieval_synthetic_polar_lm_output_f206b8a967.log
polar_lm_output,retrieval,synthetic,passkey,synthetic-filler,8k,0.1,token_accuracy,40.0,10,/home/sagemaker-user/atma/benchmarks/logs/foveal_cpt/retrieval_retrieval_synthetic_polar_lm_output_f206b8a967.log
polar_lm_output,retrieval,synthetic,passkey,synthetic-filler,8k,0.5,exact_match,0.0,10,/home/sagemaker-user/atma/benchmarks/logs/foveal_cpt/retrieval_retrieval_synthetic_polar_lm_output_f206b8a967.log
polar_lm_output,retrieval,synthetic,passkey,synthetic-filler,8k,0.5,exact_match,0.0,2,/home/sagemaker-user/atma/benchmarks/logs/foveal_cpt/smoke_retrieval_synthetic_polar_lm_output_37542d85af.log
polar_lm_output,retrieval,synthetic,passkey,synthetic-filler,8k,0.5,exact_match,0.0,5,/home/sagemaker-user/atma/benchmarks/logs/foveal_cpt/smoke_retrieval_synthetic_polar_lm_output_9011624dcc.log
polar_lm_output,retrieval,synthetic,passkey,synthetic-filler,8k,0.5,nll_nats_per_token,3.5289717864990235,10,/home/sagemaker-user/atma/benchmarks/logs/foveal_cpt/retrieval_retrieval_synthetic_polar_lm_output_f206b8a967.log
polar_lm_output,retrieval,synthetic,passkey,synthetic-filler,8k,0.5,nll_nats_per_token,3.636110305786133,2,/home/sagemaker-user/atma/benchmarks/logs/foveal_cpt/smoke_retrieval_synthetic_polar_lm_output_37542d85af.log
polar_lm_output,retrieval,synthetic,passkey,synthetic-filler,8k,0.5,nll_nats_per_token,3.676476364135742,5,/home/sagemaker-user/atma/benchmarks/logs/foveal_cpt/smoke_retrieval_synthetic_polar_lm_output_9011624dcc.log
polar_lm_output,retrieval,synthetic,passkey,synthetic-filler,8k,0.5,token_accuracy,12.0,10,/home/sagemaker-user/atma/benchmarks/logs/foveal_cpt/retrieval_retrieval_synthetic_polar_lm_output_f206b8a967.log
polar_lm_output,retrieval,synthetic,passkey,synthetic-filler,8k,0.5,token_accuracy,0.0,2,/home/sagemaker-user/atma/benchmarks/logs/foveal_cpt/smoke_retrieval_synthetic_polar_lm_output_37542d85af.log
polar_lm_output,retrieval,synthetic,passkey,synthetic-filler,8k,0.5,token_accuracy,4.0,5,/home/sagemaker-user/atma/benchmarks/logs/foveal_cpt/smoke_retrieval_synthetic_polar_lm_output_9011624dcc.log
polar_lm_output,retrieval,synthetic,passkey,synthetic-filler,8k,0.9,exact_match,0.0,10,/home/sagemaker-user/atma/benchmarks/logs/foveal_cpt/retrieval_retrieval_synthetic_polar_lm_output_f206b8a967.log
polar_lm_output,retrieval,synthetic,passkey,synthetic-filler,8k,0.9,nll_nats_per_token,3.9706297302246094,10,/home/sagemaker-user/atma/benchmarks/logs/foveal_cpt/retrieval_retrieval_synthetic_polar_lm_output_f206b8a967.log
polar_lm_output,retrieval,synthetic,passkey,synthetic-filler,8k,0.9,token_accuracy,6.0,10,/home/sagemaker-user/atma/benchmarks/logs/foveal_cpt/retrieval_retrieval_synthetic_polar_lm_output_f206b8a967.log
polar_lm_output,serving,generation,,,128k,,decode_tokens_per_s,462.9147428592163,1,/home/sagemaker-user/atma/benchmarks/logs/foveal_cpt/serving_serving_generation_polar_lm_output_2a861ff0ae.log
polar_lm_output,serving,generation,,,128k,,decode_tokens_per_s,462.2997232614181,1,/home/sagemaker-user/atma/benchmarks/logs/foveal_cpt/serving_serving_generation_polar_lm_output_a9672173ca.log
polar_lm_output,serving,generation,,,128k,,oom,False,1,/home/sagemaker-user/atma/benchmarks/logs/foveal_cpt/serving_serving_generation_polar_lm_output_2a861ff0ae.log
polar_lm_output,serving,generation,,,128k,,oom,False,1,/home/sagemaker-user/atma/benchmarks/logs/foveal_cpt/serving_serving_generation_polar_lm_output_a9672173ca.log
polar_lm_output,serving,generation,,,128k,,peak_allocated_bytes,7523795968,1,/home/sagemaker-user/atma/benchmarks/logs/foveal_cpt/serving_serving_generation_polar_lm_output_2a861ff0ae.log
polar_lm_output,serving,generation,,,128k,,peak_allocated_bytes,7523795968,1,/home/sagemaker-user/atma/benchmarks/logs/foveal_cpt/serving_serving_generation_polar_lm_output_a9672173ca.log
polar_lm_output,serving,generation,,,128k,,peak_reserved_bytes,7799308288,1,/home/sagemaker-user/atma/benchmarks/logs/foveal_cpt/serving_serving_generation_polar_lm_output_2a861ff0ae.log
polar_lm_output,serving,generation,,,128k,,peak_reserved_bytes,7799308288,1,/home/sagemaker-user/atma/benchmarks/logs/foveal_cpt/serving_serving_generation_polar_lm_output_a9672173ca.log
polar_lm_output,serving,generation,,,128k,,prefill_tokens_per_s,170606.53432371412,1,/home/sagemaker-user/atma/benchmarks/logs/foveal_cpt/serving_serving_generation_polar_lm_output_2a861ff0ae.log
polar_lm_output,serving,generation,,,128k,,prefill_tokens_per_s,170700.70394406284,1,/home/sagemaker-user/atma/benchmarks/logs/foveal_cpt/serving_serving_generation_polar_lm_output_a9672173ca.log
polar_lm_output,serving,generation,,,16k,,decode_tokens_per_s,467.69286204922764,1,/home/sagemaker-user/atma/benchmarks/logs/foveal_cpt/serving_serving_generation_polar_lm_output_2a861ff0ae.log
polar_lm_output,serving,generation,,,16k,,decode_tokens_per_s,466.8620697365056,1,/home/sagemaker-user/atma/benchmarks/logs/foveal_cpt/serving_serving_generation_polar_lm_output_a9672173ca.log
polar_lm_output,serving,generation,,,16k,,oom,False,1,/home/sagemaker-user/atma/benchmarks/logs/foveal_cpt/serving_serving_generation_polar_lm_output_2a861ff0ae.log
polar_lm_output,serving,generation,,,16k,,oom,False,1,/home/sagemaker-user/atma/benchmarks/logs/foveal_cpt/serving_serving_generation_polar_lm_output_a9672173ca.log
polar_lm_output,serving,generation,,,16k,,peak_allocated_bytes,1621490688,1,/home/sagemaker-user/atma/benchmarks/logs/foveal_cpt/serving_serving_generation_polar_lm_output_2a861ff0ae.log
polar_lm_output,serving,generation,,,16k,,peak_allocated_bytes,1621490688,1,/home/sagemaker-user/atma/benchmarks/logs/foveal_cpt/serving_serving_generation_polar_lm_output_a9672173ca.log
polar_lm_output,serving,generation,,,16k,,peak_reserved_bytes,1658847232,1,/home/sagemaker-user/atma/benchmarks/logs/foveal_cpt/serving_serving_generation_polar_lm_output_2a861ff0ae.log
polar_lm_output,serving,generation,,,16k,,peak_reserved_bytes,1658847232,1,/home/sagemaker-user/atma/benchmarks/logs/foveal_cpt/serving_serving_generation_polar_lm_output_a9672173ca.log
polar_lm_output,serving,generation,,,16k,,prefill_tokens_per_s,180293.68305732726,1,/home/sagemaker-user/atma/benchmarks/logs/foveal_cpt/serving_serving_generation_polar_lm_output_2a861ff0ae.log
polar_lm_output,serving,generation,,,16k,,prefill_tokens_per_s,187483.22333215267,1,/home/sagemaker-user/atma/benchmarks/logs/foveal_cpt/serving_serving_generation_polar_lm_output_a9672173ca.log
polar_lm_output,serving,generation,,,256k,,decode_tokens_per_s,451.8813432406896,1,/home/sagemaker-user/atma/benchmarks/logs/foveal_cpt/serving_serving_generation_polar_lm_output_2a861ff0ae.log
polar_lm_output,serving,generation,,,256k,,oom,False,1,/home/sagemaker-user/atma/benchmarks/logs/foveal_cpt/serving_serving_generation_polar_lm_output_2a861ff0ae.log
polar_lm_output,serving,generation,,,256k,,peak_allocated_bytes,14269287424,1,/home/sagemaker-user/atma/benchmarks/logs/foveal_cpt/serving_serving_generation_polar_lm_output_2a861ff0ae.log
polar_lm_output,serving,generation,,,256k,,peak_reserved_bytes,14776532992,1,/home/sagemaker-user/atma/benchmarks/logs/foveal_cpt/serving_serving_generation_polar_lm_output_2a861ff0ae.log
polar_lm_output,serving,generation,,,256k,,prefill_tokens_per_s,162298.74881260272,1,/home/sagemaker-user/atma/benchmarks/logs/foveal_cpt/serving_serving_generation_polar_lm_output_2a861ff0ae.log
polar_lm_output,serving,generation,,,2k,,decode_tokens_per_s,449.39707393940796,1,/home/sagemaker-user/atma/benchmarks/logs/foveal_cpt/serving_serving_generation_polar_lm_output_2a861ff0ae.log
polar_lm_output,serving,generation,,,2k,,decode_tokens_per_s,469.2249040322846,1,/home/sagemaker-user/atma/benchmarks/logs/foveal_cpt/serving_serving_generation_polar_lm_output_a9672173ca.log
polar_lm_output,serving,generation,,,2k,,oom,False,1,/home/sagemaker-user/atma/benchmarks/logs/foveal_cpt/serving_serving_generation_polar_lm_output_2a861ff0ae.log
polar_lm_output,serving,generation,,,2k,,oom,False,1,/home/sagemaker-user/atma/benchmarks/logs/foveal_cpt/serving_serving_generation_polar_lm_output_a9672173ca.log
polar_lm_output,serving,generation,,,2k,,peak_allocated_bytes,889994240,1,/home/sagemaker-user/atma/benchmarks/logs/foveal_cpt/serving_serving_generation_polar_lm_output_2a861ff0ae.log
polar_lm_output,serving,generation,,,2k,,peak_allocated_bytes,889994240,1,/home/sagemaker-user/atma/benchmarks/logs/foveal_cpt/serving_serving_generation_polar_lm_output_a9672173ca.log
polar_lm_output,serving,generation,,,2k,,peak_reserved_bytes,929038336,1,/home/sagemaker-user/atma/benchmarks/logs/foveal_cpt/serving_serving_generation_polar_lm_output_2a861ff0ae.log
polar_lm_output,serving,generation,,,2k,,peak_reserved_bytes,929038336,1,/home/sagemaker-user/atma/benchmarks/logs/foveal_cpt/serving_serving_generation_polar_lm_output_a9672173ca.log
polar_lm_output,serving,generation,,,2k,,prefill_tokens_per_s,14363.59517177265,1,/home/sagemaker-user/atma/benchmarks/logs/foveal_cpt/serving_serving_generation_polar_lm_output_2a861ff0ae.log
polar_lm_output,serving,generation,,,2k,,prefill_tokens_per_s,14712.244045424794,1,/home/sagemaker-user/atma/benchmarks/logs/foveal_cpt/serving_serving_generation_polar_lm_output_a9672173ca.log
polar_lm_output,serving,generation,,,32k,,decode_tokens_per_s,464.28514844448233,1,/home/sagemaker-user/atma/benchmarks/logs/foveal_cpt/serving_serving_generation_polar_lm_output_2a861ff0ae.log
polar_lm_output,serving,generation,,,32k,,decode_tokens_per_s,466.5131459526411,1,/home/sagemaker-user/atma/benchmarks/logs/foveal_cpt/serving_serving_generation_polar_lm_output_a9672173ca.log
polar_lm_output,serving,generation,,,32k,,oom,False,1,/home/sagemaker-user/atma/benchmarks/logs/foveal_cpt/serving_serving_generation_polar_lm_output_2a861ff0ae.log
polar_lm_output,serving,generation,,,32k,,oom,False,1,/home/sagemaker-user/atma/benchmarks/logs/foveal_cpt/serving_serving_generation_polar_lm_output_a9672173ca.log
polar_lm_output,serving,generation,,,32k,,peak_allocated_bytes,2464677376,1,/home/sagemaker-user/atma/benchmarks/logs/foveal_cpt/serving_serving_generation_polar_lm_output_2a861ff0ae.log
polar_lm_output,serving,generation,,,32k,,peak_allocated_bytes,2464677376,1,/home/sagemaker-user/atma/benchmarks/logs/foveal_cpt/serving_serving_generation_polar_lm_output_a9672173ca.log
polar_lm_output,serving,generation,,,32k,,peak_reserved_bytes,2501902336,1,/home/sagemaker-user/atma/benchmarks/logs/foveal_cpt/serving_serving_generation_polar_lm_output_2a861ff0ae.log
polar_lm_output,serving,generation,,,32k,,peak_reserved_bytes,2501902336,1,/home/sagemaker-user/atma/benchmarks/logs/foveal_cpt/serving_serving_generation_polar_lm_output_a9672173ca.log
polar_lm_output,serving,generation,,,32k,,prefill_tokens_per_s,171297.47542690087,1,/home/sagemaker-user/atma/benchmarks/logs/foveal_cpt/serving_serving_generation_polar_lm_output_2a861ff0ae.log
polar_lm_output,serving,generation,,,32k,,prefill_tokens_per_s,171595.2896474635,1,/home/sagemaker-user/atma/benchmarks/logs/foveal_cpt/serving_serving_generation_polar_lm_output_a9672173ca.log
polar_lm_output,serving,generation,,,4k,,decode_tokens_per_s,471.9000878592256,1,/home/sagemaker-user/atma/benchmarks/logs/foveal_cpt/serving_serving_generation_polar_lm_output_2a861ff0ae.log
polar_lm_output,serving,generation,,,4k,,decode_tokens_per_s,468.48583262574084,1,/home/sagemaker-user/atma/benchmarks/logs/foveal_cpt/serving_serving_generation_polar_lm_output_a9672173ca.log
polar_lm_output,serving,generation,,,4k,,oom,False,1,/home/sagemaker-user/atma/benchmarks/logs/foveal_cpt/serving_serving_generation_polar_lm_output_2a861ff0ae.log
polar_lm_output,serving,generation,,,4k,,oom,False,1,/home/sagemaker-user/atma/benchmarks/logs/foveal_cpt/serving_serving_generation_polar_lm_output_a9672173ca.log
polar_lm_output,serving,generation,,,4k,,peak_allocated_bytes,989101056,1,/home/sagemaker-user/atma/benchmarks/logs/foveal_cpt/serving_serving_generation_polar_lm_output_2a861ff0ae.log
polar_lm_output,serving,generation,,,4k,,peak_allocated_bytes,989101056,1,/home/sagemaker-user/atma/benchmarks/logs/foveal_cpt/serving_serving_generation_polar_lm_output_a9672173ca.log
polar_lm_output,serving,generation,,,4k,,peak_reserved_bytes,1054867456,1,/home/sagemaker-user/atma/benchmarks/logs/foveal_cpt/serving_serving_generation_polar_lm_output_2a861ff0ae.log
polar_lm_output,serving,generation,,,4k,,peak_reserved_bytes,1054867456,1,/home/sagemaker-user/atma/benchmarks/logs/foveal_cpt/serving_serving_generation_polar_lm_output_a9672173ca.log
polar_lm_output,serving,generation,,,4k,,prefill_tokens_per_s,122723.15514119357,1,/home/sagemaker-user/atma/benchmarks/logs/foveal_cpt/serving_serving_generation_polar_lm_output_2a861ff0ae.log
polar_lm_output,serving,generation,,,4k,,prefill_tokens_per_s,133318.89202993418,1,/home/sagemaker-user/atma/benchmarks/logs/foveal_cpt/serving_serving_generation_polar_lm_output_a9672173ca.log
polar_lm_output,serving,generation,,,64k,,decode_tokens_per_s,463.22263401945844,1,/home/sagemaker-user/atma/benchmarks/logs/foveal_cpt/serving_serving_generation_polar_lm_output_2a861ff0ae.log
polar_lm_output,serving,generation,,,64k,,decode_tokens_per_s,464.0854157945738,1,/home/sagemaker-user/atma/benchmarks/logs/foveal_cpt/serving_serving_generation_polar_lm_output_a9672173ca.log
polar_lm_output,serving,generation,,,64k,,oom,False,1,/home/sagemaker-user/atma/benchmarks/logs/foveal_cpt/serving_serving_generation_polar_lm_output_2a861ff0ae.log
polar_lm_output,serving,generation,,,64k,,oom,False,1,/home/sagemaker-user/atma/benchmarks/logs/foveal_cpt/serving_serving_generation_polar_lm_output_a9672173ca.log
polar_lm_output,serving,generation,,,64k,,peak_allocated_bytes,4151050240,1,/home/sagemaker-user/atma/benchmarks/logs/foveal_cpt/serving_serving_generation_polar_lm_output_2a861ff0ae.log
polar_lm_output,serving,generation,,,64k,,peak_allocated_bytes,4151050240,1,/home/sagemaker-user/atma/benchmarks/logs/foveal_cpt/serving_serving_generation_polar_lm_output_a9672173ca.log
polar_lm_output,serving,generation,,,64k,,peak_reserved_bytes,4175429632,1,/home/sagemaker-user/atma/benchmarks/logs/foveal_cpt/serving_serving_generation_polar_lm_output_2a861ff0ae.log
polar_lm_output,serving,generation,,,64k,,peak_reserved_bytes,4175429632,1,/home/sagemaker-user/atma/benchmarks/logs/foveal_cpt/serving_serving_generation_polar_lm_output_a9672173ca.log
polar_lm_output,serving,generation,,,64k,,prefill_tokens_per_s,171135.57571123412,1,/home/sagemaker-user/atma/benchmarks/logs/foveal_cpt/serving_serving_generation_polar_lm_output_2a861ff0ae.log
polar_lm_output,serving,generation,,,64k,,prefill_tokens_per_s,171333.81522582407,1,/home/sagemaker-user/atma/benchmarks/logs/foveal_cpt/serving_serving_generation_polar_lm_output_a9672173ca.log
polar_lm_output,serving,generation,,,8k,,decode_tokens_per_s,470.63801599324285,1,/home/sagemaker-user/atma/benchmarks/logs/foveal_cpt/serving_serving_generation_polar_lm_output_2a861ff0ae.log
polar_lm_output,serving,generation,,,8k,,decode_tokens_per_s,467.1376273398386,1,/home/sagemaker-user/atma/benchmarks/logs/foveal_cpt/serving_serving_generation_polar_lm_output_a9672173ca.log
polar_lm_output,serving,generation,,,8k,,oom,False,1,/home/sagemaker-user/atma/benchmarks/logs/foveal_cpt/serving_serving_generation_polar_lm_output_2a861ff0ae.log
polar_lm_output,serving,generation,,,8k,,oom,False,1,/home/sagemaker-user/atma/benchmarks/logs/foveal_cpt/serving_serving_generation_polar_lm_output_a9672173ca.log
polar_lm_output,serving,generation,,,8k,,peak_allocated_bytes,1199897600,1,/home/sagemaker-user/atma/benchmarks/logs/foveal_cpt/serving_serving_generation_polar_lm_output_2a861ff0ae.log
polar_lm_output,serving,generation,,,8k,,peak_allocated_bytes,1199897600,1,/home/sagemaker-user/atma/benchmarks/logs/foveal_cpt/serving_serving_generation_polar_lm_output_a9672173ca.log
polar_lm_output,serving,generation,,,8k,,peak_reserved_bytes,1237319680,1,/home/sagemaker-user/atma/benchmarks/logs/foveal_cpt/serving_serving_generation_polar_lm_output_2a861ff0ae.log
polar_lm_output,serving,generation,,,8k,,peak_reserved_bytes,1237319680,1,/home/sagemaker-user/atma/benchmarks/logs/foveal_cpt/serving_serving_generation_polar_lm_output_a9672173ca.log
polar_lm_output,serving,generation,,,8k,,prefill_tokens_per_s,163581.40878372203,1,/home/sagemaker-user/atma/benchmarks/logs/foveal_cpt/serving_serving_generation_polar_lm_output_2a861ff0ae.log
polar_lm_output,serving,generation,,,8k,,prefill_tokens_per_s,173089.92886211709,1,/home/sagemaker-user/atma/benchmarks/logs/foveal_cpt/serving_serving_generation_polar_lm_output_a9672173ca.log
polar_lm_output,serving,generation,,,,,max_successful_context_tokens,262144,,/home/sagemaker-user/atma/benchmarks/logs/foveal_cpt/serving_serving_generation_polar_lm_output_2a861ff0ae.log
polar_lm_output,serving,generation,,,,,max_successful_context_tokens,131072,,/home/sagemaker-user/atma/benchmarks/logs/foveal_cpt/serving_serving_generation_polar_lm_output_a9672173ca.log
polar_lm_output_kl,babilong,adapted_reasoning,,RMT-team/babilong,0k,,macro_accuracy,50.0,1,/home/sagemaker-user/atma/benchmarks/logs/foveal_cpt/babilong_babilong_direct_ft_polar_lm_output_kl_3abb354cf0.log
polar_lm_output_kl,babilong,adapted_reasoning,,RMT-team/babilong,0k,,macro_accuracy,64.0,5,/home/sagemaker-user/atma/benchmarks/logs/foveal_cpt/babilong_babilong_direct_ft_polar_lm_output_kl_98cfe3d8fb.log
polar_lm_output_kl,babilong,adapted_reasoning,,RMT-team/babilong,0k,,macro_accuracy,50.0,1,/home/sagemaker-user/atma/benchmarks/logs/foveal_cpt/babilong_babilong_direct_polar_lm_output_kl_e587966421.log
polar_lm_output_kl,babilong,adapted_reasoning,,RMT-team/babilong,128k,,macro_accuracy,28.0,5,/home/sagemaker-user/atma/benchmarks/logs/foveal_cpt/babilong_babilong_direct_ft_polar_lm_output_kl_98cfe3d8fb.log
polar_lm_output_kl,babilong,adapted_reasoning,,RMT-team/babilong,16k,,macro_accuracy,46.0,5,/home/sagemaker-user/atma/benchmarks/logs/foveal_cpt/babilong_babilong_direct_ft_polar_lm_output_kl_98cfe3d8fb.log
polar_lm_output_kl,babilong,adapted_reasoning,,RMT-team/babilong,1k,,macro_accuracy,54.0,5,/home/sagemaker-user/atma/benchmarks/logs/foveal_cpt/babilong_babilong_direct_ft_polar_lm_output_kl_98cfe3d8fb.log
polar_lm_output_kl,babilong,adapted_reasoning,,RMT-team/babilong,1k,,macro_accuracy,0.0,1,/home/sagemaker-user/atma/benchmarks/logs/foveal_cpt/babilong_babilong_direct_polar_lm_output_kl_e587966421.log
polar_lm_output_kl,babilong,adapted_reasoning,,RMT-team/babilong,256k,,macro_accuracy,16.0,5,/home/sagemaker-user/atma/benchmarks/logs/foveal_cpt/babilong_babilong_direct_ft_polar_lm_output_kl_98cfe3d8fb.log
polar_lm_output_kl,babilong,adapted_reasoning,,RMT-team/babilong,2k,,macro_accuracy,62.0,5,/home/sagemaker-user/atma/benchmarks/logs/foveal_cpt/babilong_babilong_direct_ft_polar_lm_output_kl_98cfe3d8fb.log
polar_lm_output_kl,babilong,adapted_reasoning,,RMT-team/babilong,32k,,macro_accuracy,34.0,5,/home/sagemaker-user/atma/benchmarks/logs/foveal_cpt/babilong_babilong_direct_ft_polar_lm_output_kl_98cfe3d8fb.log
polar_lm_output_kl,babilong,adapted_reasoning,,RMT-team/babilong,4k,,macro_accuracy,56.0,5,/home/sagemaker-user/atma/benchmarks/logs/foveal_cpt/babilong_babilong_direct_ft_polar_lm_output_kl_98cfe3d8fb.log
polar_lm_output_kl,babilong,adapted_reasoning,,RMT-team/babilong,64k,,macro_accuracy,30.0,5,/home/sagemaker-user/atma/benchmarks/logs/foveal_cpt/babilong_babilong_direct_ft_polar_lm_output_kl_98cfe3d8fb.log
polar_lm_output_kl,babilong,adapted_reasoning,,RMT-team/babilong,8k,,macro_accuracy,60.0,5,/home/sagemaker-user/atma/benchmarks/logs/foveal_cpt/babilong_babilong_direct_ft_polar_lm_output_kl_98cfe3d8fb.log
polar_lm_output_kl,babilong,adapted_reasoning,qa1,RMT-team/babilong,0k,,accuracy,50.0,2,/home/sagemaker-user/atma/benchmarks/logs/foveal_cpt/babilong_babilong_direct_ft_polar_lm_output_kl_3abb354cf0.log
polar_lm_output_kl,babilong,adapted_reasoning,qa1,RMT-team/babilong,0k,,accuracy,60.0,10,/home/sagemaker-user/atma/benchmarks/logs/foveal_cpt/babilong_babilong_direct_ft_polar_lm_output_kl_98cfe3d8fb.log
polar_lm_output_kl,babilong,adapted_reasoning,qa1,RMT-team/babilong,0k,,accuracy,50.0,2,/home/sagemaker-user/atma/benchmarks/logs/foveal_cpt/babilong_babilong_direct_polar_lm_output_kl_e587966421.log
polar_lm_output_kl,babilong,adapted_reasoning,qa1,RMT-team/babilong,128k,,accuracy,40.0,10,/home/sagemaker-user/atma/benchmarks/logs/foveal_cpt/babilong_babilong_direct_ft_polar_lm_output_kl_98cfe3d8fb.log
polar_lm_output_kl,babilong,adapted_reasoning,qa1,RMT-team/babilong,16k,,accuracy,50.0,10,/home/sagemaker-user/atma/benchmarks/logs/foveal_cpt/babilong_babilong_direct_ft_polar_lm_output_kl_98cfe3d8fb.log
polar_lm_output_kl,babilong,adapted_reasoning,qa1,RMT-team/babilong,1k,,accuracy,50.0,10,/home/sagemaker-user/atma/benchmarks/logs/foveal_cpt/babilong_babilong_direct_ft_polar_lm_output_kl_98cfe3d8fb.log
polar_lm_output_kl,babilong,adapted_reasoning,qa1,RMT-team/babilong,1k,,accuracy,0.0,2,/home/sagemaker-user/atma/benchmarks/logs/foveal_cpt/babilong_babilong_direct_polar_lm_output_kl_e587966421.log
polar_lm_output_kl,babilong,adapted_reasoning,qa1,RMT-team/babilong,256k,,accuracy,30.0,10,/home/sagemaker-user/atma/benchmarks/logs/foveal_cpt/babilong_babilong_direct_ft_polar_lm_output_kl_98cfe3d8fb.log
polar_lm_output_kl,babilong,adapted_reasoning,qa1,RMT-team/babilong,2k,,accuracy,60.0,10,/home/sagemaker-user/atma/benchmarks/logs/foveal_cpt/babilong_babilong_direct_ft_polar_lm_output_kl_98cfe3d8fb.log
polar_lm_output_kl,babilong,adapted_reasoning,qa1,RMT-team/babilong,32k,,accuracy,30.0,10,/home/sagemaker-user/atma/benchmarks/logs/foveal_cpt/babilong_babilong_direct_ft_polar_lm_output_kl_98cfe3d8fb.log
polar_lm_output_kl,babilong,adapted_reasoning,qa1,RMT-team/babilong,4k,,accuracy,70.0,10,/home/sagemaker-user/atma/benchmarks/logs/foveal_cpt/babilong_babilong_direct_ft_polar_lm_output_kl_98cfe3d8fb.log
polar_lm_output_kl,babilong,adapted_reasoning,qa1,RMT-team/babilong,64k,,accuracy,40.0,10,/home/sagemaker-user/atma/benchmarks/logs/foveal_cpt/babilong_babilong_direct_ft_polar_lm_output_kl_98cfe3d8fb.log
polar_lm_output_kl,babilong,adapted_reasoning,qa1,RMT-team/babilong,8k,,accuracy,70.0,10,/home/sagemaker-user/atma/benchmarks/logs/foveal_cpt/babilong_babilong_direct_ft_polar_lm_output_kl_98cfe3d8fb.log
polar_lm_output_kl,babilong,adapted_reasoning,qa2,RMT-team/babilong,0k,,accuracy,80.0,10,/home/sagemaker-user/atma/benchmarks/logs/foveal_cpt/babilong_babilong_direct_ft_polar_lm_output_kl_98cfe3d8fb.log
polar_lm_output_kl,babilong,adapted_reasoning,qa2,RMT-team/babilong,128k,,accuracy,10.0,10,/home/sagemaker-user/atma/benchmarks/logs/foveal_cpt/babilong_babilong_direct_ft_polar_lm_output_kl_98cfe3d8fb.log
polar_lm_output_kl,babilong,adapted_reasoning,qa2,RMT-team/babilong,16k,,accuracy,50.0,10,/home/sagemaker-user/atma/benchmarks/logs/foveal_cpt/babilong_babilong_direct_ft_polar_lm_output_kl_98cfe3d8fb.log
polar_lm_output_kl,babilong,adapted_reasoning,qa2,RMT-team/babilong,1k,,accuracy,60.0,10,/home/sagemaker-user/atma/benchmarks/logs/foveal_cpt/babilong_babilong_direct_ft_polar_lm_output_kl_98cfe3d8fb.log
polar_lm_output_kl,babilong,adapted_reasoning,qa2,RMT-team/babilong,256k,,accuracy,30.0,10,/home/sagemaker-user/atma/benchmarks/logs/foveal_cpt/babilong_babilong_direct_ft_polar_lm_output_kl_98cfe3d8fb.log
polar_lm_output_kl,babilong,adapted_reasoning,qa2,RMT-team/babilong,2k,,accuracy,70.0,10,/home/sagemaker-user/atma/benchmarks/logs/foveal_cpt/babilong_babilong_direct_ft_polar_lm_output_kl_98cfe3d8fb.log
polar_lm_output_kl,babilong,adapted_reasoning,qa2,RMT-team/babilong,32k,,accuracy,40.0,10,/home/sagemaker-user/atma/benchmarks/logs/foveal_cpt/babilong_babilong_direct_ft_polar_lm_output_kl_98cfe3d8fb.log
polar_lm_output_kl,babilong,adapted_reasoning,qa2,RMT-team/babilong,4k,,accuracy,40.0,10,/home/sagemaker-user/atma/benchmarks/logs/foveal_cpt/babilong_babilong_direct_ft_polar_lm_output_kl_98cfe3d8fb.log
polar_lm_output_kl,babilong,adapted_reasoning,qa2,RMT-team/babilong,64k,,accuracy,30.0,10,/home/sagemaker-user/atma/benchmarks/logs/foveal_cpt/babilong_babilong_direct_ft_polar_lm_output_kl_98cfe3d8fb.log
polar_lm_output_kl,babilong,adapted_reasoning,qa2,RMT-team/babilong,8k,,accuracy,60.0,10,/home/sagemaker-user/atma/benchmarks/logs/foveal_cpt/babilong_babilong_direct_ft_polar_lm_output_kl_98cfe3d8fb.log
polar_lm_output_kl,babilong,adapted_reasoning,qa3,RMT-team/babilong,0k,,accuracy,30.0,10,/home/sagemaker-user/atma/benchmarks/logs/foveal_cpt/babilong_babilong_direct_ft_polar_lm_output_kl_98cfe3d8fb.log
polar_lm_output_kl,babilong,adapted_reasoning,qa3,RMT-team/babilong,128k,,accuracy,30.0,10,/home/sagemaker-user/atma/benchmarks/logs/foveal_cpt/babilong_babilong_direct_ft_polar_lm_output_kl_98cfe3d8fb.log
polar_lm_output_kl,babilong,adapted_reasoning,qa3,RMT-team/babilong,16k,,accuracy,40.0,10,/home/sagemaker-user/atma/benchmarks/logs/foveal_cpt/babilong_babilong_direct_ft_polar_lm_output_kl_98cfe3d8fb.log
polar_lm_output_kl,babilong,adapted_reasoning,qa3,RMT-team/babilong,1k,,accuracy,40.0,10,/home/sagemaker-user/atma/benchmarks/logs/foveal_cpt/babilong_babilong_direct_ft_polar_lm_output_kl_98cfe3d8fb.log
polar_lm_output_kl,babilong,adapted_reasoning,qa3,RMT-team/babilong,256k,,accuracy,10.0,10,/home/sagemaker-user/atma/benchmarks/logs/foveal_cpt/babilong_babilong_direct_ft_polar_lm_output_kl_98cfe3d8fb.log
polar_lm_output_kl,babilong,adapted_reasoning,qa3,RMT-team/babilong,2k,,accuracy,30.0,10,/home/sagemaker-user/atma/benchmarks/logs/foveal_cpt/babilong_babilong_direct_ft_polar_lm_output_kl_98cfe3d8fb.log
polar_lm_output_kl,babilong,adapted_reasoning,qa3,RMT-team/babilong,32k,,accuracy,30.0,10,/home/sagemaker-user/atma/benchmarks/logs/foveal_cpt/babilong_babilong_direct_ft_polar_lm_output_kl_98cfe3d8fb.log
polar_lm_output_kl,babilong,adapted_reasoning,qa3,RMT-team/babilong,4k,,accuracy,30.0,10,/home/sagemaker-user/atma/benchmarks/logs/foveal_cpt/babilong_babilong_direct_ft_polar_lm_output_kl_98cfe3d8fb.log
polar_lm_output_kl,babilong,adapted_reasoning,qa3,RMT-team/babilong,64k,,accuracy,30.0,10,/home/sagemaker-user/atma/benchmarks/logs/foveal_cpt/babilong_babilong_direct_ft_polar_lm_output_kl_98cfe3d8fb.log
polar_lm_output_kl,babilong,adapted_reasoning,qa3,RMT-team/babilong,8k,,accuracy,40.0,10,/home/sagemaker-user/atma/benchmarks/logs/foveal_cpt/babilong_babilong_direct_ft_polar_lm_output_kl_98cfe3d8fb.log
polar_lm_output_kl,babilong,adapted_reasoning,qa4,RMT-team/babilong,0k,,accuracy,80.0,10,/home/sagemaker-user/atma/benchmarks/logs/foveal_cpt/babilong_babilong_direct_ft_polar_lm_output_kl_98cfe3d8fb.log
polar_lm_output_kl,babilong,adapted_reasoning,qa4,RMT-team/babilong,128k,,accuracy,50.0,10,/home/sagemaker-user/atma/benchmarks/logs/foveal_cpt/babilong_babilong_direct_ft_polar_lm_output_kl_98cfe3d8fb.log
polar_lm_output_kl,babilong,adapted_reasoning,qa4,RMT-team/babilong,16k,,accuracy,50.0,10,/home/sagemaker-user/atma/benchmarks/logs/foveal_cpt/babilong_babilong_direct_ft_polar_lm_output_kl_98cfe3d8fb.log
polar_lm_output_kl,babilong,adapted_reasoning,qa4,RMT-team/babilong,1k,,accuracy,80.0,10,/home/sagemaker-user/atma/benchmarks/logs/foveal_cpt/babilong_babilong_direct_ft_polar_lm_output_kl_98cfe3d8fb.log
polar_lm_output_kl,babilong,adapted_reasoning,qa4,RMT-team/babilong,256k,,accuracy,0.0,10,/home/sagemaker-user/atma/benchmarks/logs/foveal_cpt/babilong_babilong_direct_ft_polar_lm_output_kl_98cfe3d8fb.log
polar_lm_output_kl,babilong,adapted_reasoning,qa4,RMT-team/babilong,2k,,accuracy,90.0,10,/home/sagemaker-user/atma/benchmarks/logs/foveal_cpt/babilong_babilong_direct_ft_polar_lm_output_kl_98cfe3d8fb.log
polar_lm_output_kl,babilong,adapted_reasoning,qa4,RMT-team/babilong,32k,,accuracy,30.0,10,/home/sagemaker-user/atma/benchmarks/logs/foveal_cpt/babilong_babilong_direct_ft_polar_lm_output_kl_98cfe3d8fb.log
polar_lm_output_kl,babilong,adapted_reasoning,qa4,RMT-team/babilong,4k,,accuracy,70.0,10,/home/sagemaker-user/atma/benchmarks/logs/foveal_cpt/babilong_babilong_direct_ft_polar_lm_output_kl_98cfe3d8fb.log
polar_lm_output_kl,babilong,adapted_reasoning,qa4,RMT-team/babilong,64k,,accuracy,30.0,10,/home/sagemaker-user/atma/benchmarks/logs/foveal_cpt/babilong_babilong_direct_ft_polar_lm_output_kl_98cfe3d8fb.log
polar_lm_output_kl,babilong,adapted_reasoning,qa4,RMT-team/babilong,8k,,accuracy,70.0,10,/home/sagemaker-user/atma/benchmarks/logs/foveal_cpt/babilong_babilong_direct_ft_polar_lm_output_kl_98cfe3d8fb.log
polar_lm_output_kl,babilong,adapted_reasoning,qa5,RMT-team/babilong,0k,,accuracy,70.0,10,/home/sagemaker-user/atma/benchmarks/logs/foveal_cpt/babilong_babilong_direct_ft_polar_lm_output_kl_98cfe3d8fb.log
polar_lm_output_kl,babilong,adapted_reasoning,qa5,RMT-team/babilong,128k,,accuracy,10.0,10,/home/sagemaker-user/atma/benchmarks/logs/foveal_cpt/babilong_babilong_direct_ft_polar_lm_output_kl_98cfe3d8fb.log
polar_lm_output_kl,babilong,adapted_reasoning,qa5,RMT-team/babilong,16k,,accuracy,40.0,10,/home/sagemaker-user/atma/benchmarks/logs/foveal_cpt/babilong_babilong_direct_ft_polar_lm_output_kl_98cfe3d8fb.log
polar_lm_output_kl,babilong,adapted_reasoning,qa5,RMT-team/babilong,1k,,accuracy,40.0,10,/home/sagemaker-user/atma/benchmarks/logs/foveal_cpt/babilong_babilong_direct_ft_polar_lm_output_kl_98cfe3d8fb.log
polar_lm_output_kl,babilong,adapted_reasoning,qa5,RMT-team/babilong,256k,,accuracy,10.0,10,/home/sagemaker-user/atma/benchmarks/logs/foveal_cpt/babilong_babilong_direct_ft_polar_lm_output_kl_98cfe3d8fb.log
polar_lm_output_kl,babilong,adapted_reasoning,qa5,RMT-team/babilong,2k,,accuracy,60.0,10,/home/sagemaker-user/atma/benchmarks/logs/foveal_cpt/babilong_babilong_direct_ft_polar_lm_output_kl_98cfe3d8fb.log
polar_lm_output_kl,babilong,adapted_reasoning,qa5,RMT-team/babilong,32k,,accuracy,40.0,10,/home/sagemaker-user/atma/benchmarks/logs/foveal_cpt/babilong_babilong_direct_ft_polar_lm_output_kl_98cfe3d8fb.log
polar_lm_output_kl,babilong,adapted_reasoning,qa5,RMT-team/babilong,4k,,accuracy,70.0,10,/home/sagemaker-user/atma/benchmarks/logs/foveal_cpt/babilong_babilong_direct_ft_polar_lm_output_kl_98cfe3d8fb.log
polar_lm_output_kl,babilong,adapted_reasoning,qa5,RMT-team/babilong,64k,,accuracy,20.0,10,/home/sagemaker-user/atma/benchmarks/logs/foveal_cpt/babilong_babilong_direct_ft_polar_lm_output_kl_98cfe3d8fb.log
polar_lm_output_kl,babilong,adapted_reasoning,qa5,RMT-team/babilong,8k,,accuracy,60.0,10,/home/sagemaker-user/atma/benchmarks/logs/foveal_cpt/babilong_babilong_direct_ft_polar_lm_output_kl_98cfe3d8fb.log
polar_lm_output_kl,base,zero_shot,arc_challenge,,,,accuracy,0.25752508361204013,299,/home/sagemaker-user/atma/benchmarks/logs/foveal_cpt/base_base_zero_shot_polar_lm_output_kl_e7453fce22.log
polar_lm_output_kl,base,zero_shot,arc_challenge,,,,accuracy,0.5,10,/home/sagemaker-user/atma/benchmarks/logs/foveal_cpt/base_base_zero_shot_polar_lm_output_kl_fb604832a2.log
polar_lm_output_kl,base,zero_shot,arc_challenge,,,,accuracy_norm,0.25418060200668896,299,/home/sagemaker-user/atma/benchmarks/logs/foveal_cpt/base_base_zero_shot_polar_lm_output_kl_e7453fce22.log
polar_lm_output_kl,base,zero_shot,arc_challenge,,,,accuracy_norm,0.2,10,/home/sagemaker-user/atma/benchmarks/logs/foveal_cpt/base_base_zero_shot_polar_lm_output_kl_fb604832a2.log
polar_lm_output_kl,base,zero_shot,arc_easy,,,,accuracy,0.5684210526315789,570,/home/sagemaker-user/atma/benchmarks/logs/foveal_cpt/base_base_zero_shot_polar_lm_output_kl_e7453fce22.log
polar_lm_output_kl,base,zero_shot,arc_easy,,,,accuracy,0.5,10,/home/sagemaker-user/atma/benchmarks/logs/foveal_cpt/base_base_zero_shot_polar_lm_output_kl_fb604832a2.log
polar_lm_output_kl,base,zero_shot,arc_easy,,,,accuracy_norm,0.4982456140350877,570,/home/sagemaker-user/atma/benchmarks/logs/foveal_cpt/base_base_zero_shot_polar_lm_output_kl_e7453fce22.log
polar_lm_output_kl,base,zero_shot,arc_easy,,,,accuracy_norm,0.6,10,/home/sagemaker-user/atma/benchmarks/logs/foveal_cpt/base_base_zero_shot_polar_lm_output_kl_fb604832a2.log
polar_lm_output_kl,base,zero_shot,boolq,,,,accuracy,0.5813455657492355,3270,/home/sagemaker-user/atma/benchmarks/logs/foveal_cpt/base_base_zero_shot_polar_lm_output_kl_e7453fce22.log
polar_lm_output_kl,base,zero_shot,boolq,,,,accuracy,0.5,10,/home/sagemaker-user/atma/benchmarks/logs/foveal_cpt/base_base_zero_shot_polar_lm_output_kl_fb604832a2.log
polar_lm_output_kl,base,zero_shot,boolq,,,,accuracy_norm,0.5813455657492355,3270,/home/sagemaker-user/atma/benchmarks/logs/foveal_cpt/base_base_zero_shot_polar_lm_output_kl_e7453fce22.log
polar_lm_output_kl,base,zero_shot,boolq,,,,accuracy_norm,0.5,10,/home/sagemaker-user/atma/benchmarks/logs/foveal_cpt/base_base_zero_shot_polar_lm_output_kl_fb604832a2.log
polar_lm_output_kl,base,zero_shot,hellaswag,,,,accuracy,0.3202549292969528,10042,/home/sagemaker-user/atma/benchmarks/logs/foveal_cpt/base_base_zero_shot_polar_lm_output_kl_e7453fce22.log
polar_lm_output_kl,base,zero_shot,hellaswag,,,,accuracy,0.4,10,/home/sagemaker-user/atma/benchmarks/logs/foveal_cpt/base_base_zero_shot_polar_lm_output_kl_fb604832a2.log
polar_lm_output_kl,base,zero_shot,hellaswag,,,,accuracy_norm,0.36456881099382593,10042,/home/sagemaker-user/atma/benchmarks/logs/foveal_cpt/base_base_zero_shot_polar_lm_output_kl_e7453fce22.log
polar_lm_output_kl,base,zero_shot,hellaswag,,,,accuracy_norm,0.2,10,/home/sagemaker-user/atma/benchmarks/logs/foveal_cpt/base_base_zero_shot_polar_lm_output_kl_fb604832a2.log
polar_lm_output_kl,base,zero_shot,lambada,,,,accuracy,0.2792548030273627,5153,/home/sagemaker-user/atma/benchmarks/logs/foveal_cpt/base_base_zero_shot_polar_lm_output_kl_e7453fce22.log
polar_lm_output_kl,base,zero_shot,lambada,,,,accuracy,0.3,10,/home/sagemaker-user/atma/benchmarks/logs/foveal_cpt/base_base_zero_shot_polar_lm_output_kl_fb604832a2.log
polar_lm_output_kl,base,zero_shot,lambada,,,,target_nll,3.2223744501880476,5153,/home/sagemaker-user/atma/benchmarks/logs/foveal_cpt/base_base_zero_shot_polar_lm_output_kl_e7453fce22.log
polar_lm_output_kl,base,zero_shot,lambada,,,,target_nll,3.347941905260086,10,/home/sagemaker-user/atma/benchmarks/logs/foveal_cpt/base_base_zero_shot_polar_lm_output_kl_fb604832a2.log
polar_lm_output_kl,base,zero_shot,lambada,,,,target_perplexity,25.087618816326877,5153,/home/sagemaker-user/atma/benchmarks/logs/foveal_cpt/base_base_zero_shot_polar_lm_output_kl_e7453fce22.log
polar_lm_output_kl,base,zero_shot,lambada,,,,target_perplexity,28.44413264147411,10,/home/sagemaker-user/atma/benchmarks/logs/foveal_cpt/base_base_zero_shot_polar_lm_output_kl_fb604832a2.log
polar_lm_output_kl,base,zero_shot,openbookqa,,,,accuracy,0.208,500,/home/sagemaker-user/atma/benchmarks/logs/foveal_cpt/base_base_zero_shot_polar_lm_output_kl_e7453fce22.log
polar_lm_output_kl,base,zero_shot,openbookqa,,,,accuracy,0.0,10,/home/sagemaker-user/atma/benchmarks/logs/foveal_cpt/base_base_zero_shot_polar_lm_output_kl_fb604832a2.log
polar_lm_output_kl,base,zero_shot,openbookqa,,,,accuracy_norm,0.318,500,/home/sagemaker-user/atma/benchmarks/logs/foveal_cpt/base_base_zero_shot_polar_lm_output_kl_e7453fce22.log
polar_lm_output_kl,base,zero_shot,openbookqa,,,,accuracy_norm,0.3,10,/home/sagemaker-user/atma/benchmarks/logs/foveal_cpt/base_base_zero_shot_polar_lm_output_kl_fb604832a2.log
polar_lm_output_kl,base,zero_shot,piqa,,,,accuracy,0.6643090315560392,1838,/home/sagemaker-user/atma/benchmarks/logs/foveal_cpt/base_base_zero_shot_polar_lm_output_kl_e7453fce22.log
polar_lm_output_kl,base,zero_shot,piqa,,,,accuracy,0.8,10,/home/sagemaker-user/atma/benchmarks/logs/foveal_cpt/base_base_zero_shot_polar_lm_output_kl_fb604832a2.log
polar_lm_output_kl,base,zero_shot,piqa,,,,accuracy_norm,0.6713819368879217,1838,/home/sagemaker-user/atma/benchmarks/logs/foveal_cpt/base_base_zero_shot_polar_lm_output_kl_e7453fce22.log
polar_lm_output_kl,base,zero_shot,piqa,,,,accuracy_norm,0.9,10,/home/sagemaker-user/atma/benchmarks/logs/foveal_cpt/base_base_zero_shot_polar_lm_output_kl_fb604832a2.log
polar_lm_output_kl,base,zero_shot,winogrande,,,,accuracy,0.5256511444356748,1267,/home/sagemaker-user/atma/benchmarks/logs/foveal_cpt/base_base_zero_shot_polar_lm_output_kl_e7453fce22.log
polar_lm_output_kl,base,zero_shot,winogrande,,,,accuracy,0.5,10,/home/sagemaker-user/atma/benchmarks/logs/foveal_cpt/base_base_zero_shot_polar_lm_output_kl_fb604832a2.log
polar_lm_output_kl,base,zero_shot,winogrande,,,,accuracy_norm,0.5232833464877664,1267,/home/sagemaker-user/atma/benchmarks/logs/foveal_cpt/base_base_zero_shot_polar_lm_output_kl_e7453fce22.log
polar_lm_output_kl,base,zero_shot,winogrande,,,,accuracy_norm,0.5,10,/home/sagemaker-user/atma/benchmarks/logs/foveal_cpt/base_base_zero_shot_polar_lm_output_kl_fb604832a2.log
polar_lm_output_kl,longdoc,fixed_target,,codelion/finepdfs-1B,128k,,bits_per_byte,0.9678608601442968,4,/home/sagemaker-user/atma/benchmarks/logs/foveal_cpt/longdoc_longdoc_fixed_target_polar_lm_output_kl_fb535f4bbf.log
polar_lm_output_kl,longdoc,fixed_target,,codelion/finepdfs-1B,128k,,nll_nats_per_token,1.1484718322753906,4,/home/sagemaker-user/atma/benchmarks/logs/foveal_cpt/longdoc_longdoc_fixed_target_polar_lm_output_kl_fb535f4bbf.log
polar_lm_output_kl,longdoc,fixed_target,,codelion/finepdfs-1B,128k,,perplexity,3.1533703469979266,4,/home/sagemaker-user/atma/benchmarks/logs/foveal_cpt/longdoc_longdoc_fixed_target_polar_lm_output_kl_fb535f4bbf.log
polar_lm_output_kl,longdoc,fixed_target,,codelion/finepdfs-1B,16k,,bits_per_byte,0.9079498888343789,4,/home/sagemaker-user/atma/benchmarks/logs/foveal_cpt/longdoc_longdoc_fixed_target_polar_lm_output_kl_fb535f4bbf.log
polar_lm_output_kl,longdoc,fixed_target,,codelion/finepdfs-1B,16k,,nll_nats_per_token,1.07738097012043,4,/home/sagemaker-user/atma/benchmarks/logs/foveal_cpt/longdoc_longdoc_fixed_target_polar_lm_output_kl_fb535f4bbf.log
polar_lm_output_kl,longdoc,fixed_target,,codelion/finepdfs-1B,16k,,perplexity,2.936977437770555,4,/home/sagemaker-user/atma/benchmarks/logs/foveal_cpt/longdoc_longdoc_fixed_target_polar_lm_output_kl_fb535f4bbf.log
polar_lm_output_kl,longdoc,fixed_target,,codelion/finepdfs-1B,256k,,bits_per_byte,1.0070630184327674,4,/home/sagemaker-user/atma/benchmarks/logs/foveal_cpt/longdoc_longdoc_fixed_target_polar_lm_output_kl_fb535f4bbf.log
polar_lm_output_kl,longdoc,fixed_target,,codelion/finepdfs-1B,256k,,nll_nats_per_token,1.1949894428253174,4,/home/sagemaker-user/atma/benchmarks/logs/foveal_cpt/longdoc_longdoc_fixed_target_polar_lm_output_kl_fb535f4bbf.log
polar_lm_output_kl,longdoc,fixed_target,,codelion/finepdfs-1B,256k,,perplexity,3.3035228944493107,4,/home/sagemaker-user/atma/benchmarks/logs/foveal_cpt/longdoc_longdoc_fixed_target_polar_lm_output_kl_fb535f4bbf.log
polar_lm_output_kl,longdoc,fixed_target,,codelion/finepdfs-1B,2k,,bits_per_byte,1.7755745453681706,1,/home/sagemaker-user/atma/benchmarks/logs/foveal_cpt/longdoc_longdoc_fixed_target_polar_lm_output_kl_5f96df63aa.log
polar_lm_output_kl,longdoc,fixed_target,,codelion/finepdfs-1B,2k,,bits_per_byte,0.8834662840399465,4,/home/sagemaker-user/atma/benchmarks/logs/foveal_cpt/longdoc_longdoc_fixed_target_polar_lm_output_kl_fb535f4bbf.log
polar_lm_output_kl,longdoc,fixed_target,,codelion/finepdfs-1B,2k,,nll_nats_per_token,3.89892840385437,1,/home/sagemaker-user/atma/benchmarks/logs/foveal_cpt/longdoc_longdoc_fixed_target_polar_lm_output_kl_5f96df63aa.log
polar_lm_output_kl,longdoc,fixed_target,,codelion/finepdfs-1B,2k,,nll_nats_per_token,1.0483285188674927,4,/home/sagemaker-user/atma/benchmarks/logs/foveal_cpt/longdoc_longdoc_fixed_target_polar_lm_output_kl_fb535f4bbf.log
polar_lm_output_kl,longdoc,fixed_target,,codelion/finepdfs-1B,2k,,perplexity,49.349537986223,1,/home/sagemaker-user/atma/benchmarks/logs/foveal_cpt/longdoc_longdoc_fixed_target_polar_lm_output_kl_5f96df63aa.log
polar_lm_output_kl,longdoc,fixed_target,,codelion/finepdfs-1B,2k,,perplexity,2.8528785978359315,4,/home/sagemaker-user/atma/benchmarks/logs/foveal_cpt/longdoc_longdoc_fixed_target_polar_lm_output_kl_fb535f4bbf.log
polar_lm_output_kl,longdoc,fixed_target,,codelion/finepdfs-1B,32k,,bits_per_byte,0.9265853002082693,4,/home/sagemaker-user/atma/benchmarks/logs/foveal_cpt/longdoc_longdoc_fixed_target_polar_lm_output_kl_fb535f4bbf.log
polar_lm_output_kl,longdoc,fixed_target,,codelion/finepdfs-1B,32k,,nll_nats_per_token,1.0994939059019089,4,/home/sagemaker-user/atma/benchmarks/logs/foveal_cpt/longdoc_longdoc_fixed_target_polar_lm_output_kl_fb535f4bbf.log
polar_lm_output_kl,longdoc,fixed_target,,codelion/finepdfs-1B,32k,,perplexity,3.0026460179175114,4,/home/sagemaker-user/atma/benchmarks/logs/foveal_cpt/longdoc_longdoc_fixed_target_polar_lm_output_kl_fb535f4bbf.log
polar_lm_output_kl,longdoc,fixed_target,,codelion/finepdfs-1B,4k,,bits_per_byte,0.844882382680621,4,/home/sagemaker-user/atma/benchmarks/logs/foveal_cpt/longdoc_longdoc_fixed_target_polar_lm_output_kl_fb535f4bbf.log
polar_lm_output_kl,longdoc,fixed_target,,codelion/finepdfs-1B,4k,,nll_nats_per_token,1.0025445371866226,4,/home/sagemaker-user/atma/benchmarks/logs/foveal_cpt/longdoc_longdoc_fixed_target_polar_lm_output_kl_fb535f4bbf.log
polar_lm_output_kl,longdoc,fixed_target,,codelion/finepdfs-1B,4k,,perplexity,2.7252074051122115,4,/home/sagemaker-user/atma/benchmarks/logs/foveal_cpt/longdoc_longdoc_fixed_target_polar_lm_output_kl_fb535f4bbf.log
polar_lm_output_kl,longdoc,fixed_target,,codelion/finepdfs-1B,64k,,bits_per_byte,0.930305189389614,4,/home/sagemaker-user/atma/benchmarks/logs/foveal_cpt/longdoc_longdoc_fixed_target_polar_lm_output_kl_fb535f4bbf.log
polar_lm_output_kl,longdoc,fixed_target,,codelion/finepdfs-1B,64k,,nll_nats_per_token,1.1039079576730728,4,/home/sagemaker-user/atma/benchmarks/logs/foveal_cpt/longdoc_longdoc_fixed_target_polar_lm_output_kl_fb535f4bbf.log
polar_lm_output_kl,longdoc,fixed_target,,codelion/finepdfs-1B,64k,,perplexity,3.0159291475347803,4,/home/sagemaker-user/atma/benchmarks/logs/foveal_cpt/longdoc_longdoc_fixed_target_polar_lm_output_kl_fb535f4bbf.log
polar_lm_output_kl,longdoc,fixed_target,,codelion/finepdfs-1B,8k,,bits_per_byte,0.8867303887831438,4,/home/sagemaker-user/atma/benchmarks/logs/foveal_cpt/longdoc_longdoc_fixed_target_polar_lm_output_kl_fb535f4bbf.log
polar_lm_output_kl,longdoc,fixed_target,,codelion/finepdfs-1B,8k,,nll_nats_per_token,1.052201732993126,4,/home/sagemaker-user/atma/benchmarks/logs/foveal_cpt/longdoc_longdoc_fixed_target_polar_lm_output_kl_fb535f4bbf.log
polar_lm_output_kl,longdoc,fixed_target,,codelion/finepdfs-1B,8k,,perplexity,2.8639498343138525,4,/home/sagemaker-user/atma/benchmarks/logs/foveal_cpt/longdoc_longdoc_fixed_target_polar_lm_output_kl_fb535f4bbf.log
polar_lm_output_kl,longdoc,fixed_target,,emozilla/pg19,128k,,bits_per_byte,1.141513217145211,4,/home/sagemaker-user/atma/benchmarks/logs/foveal_cpt/longdoc_longdoc_fixed_target_polar_lm_output_kl_fb535f4bbf.log
polar_lm_output_kl,longdoc,fixed_target,,emozilla/pg19,128k,,nll_nats_per_token,3.1811732053756714,4,/home/sagemaker-user/atma/benchmarks/logs/foveal_cpt/longdoc_longdoc_fixed_target_polar_lm_output_kl_fb535f4bbf.log
polar_lm_output_kl,longdoc,fixed_target,,emozilla/pg19,128k,,perplexity,24.074981888179245,4,/home/sagemaker-user/atma/benchmarks/logs/foveal_cpt/longdoc_longdoc_fixed_target_polar_lm_output_kl_fb535f4bbf.log
polar_lm_output_kl,longdoc,fixed_target,,emozilla/pg19,16k,,bits_per_byte,1.1270107724666028,4,/home/sagemaker-user/atma/benchmarks/logs/foveal_cpt/longdoc_longdoc_fixed_target_polar_lm_output_kl_fb535f4bbf.log
polar_lm_output_kl,longdoc,fixed_target,,emozilla/pg19,16k,,nll_nats_per_token,3.140757739543915,4,/home/sagemaker-user/atma/benchmarks/logs/foveal_cpt/longdoc_longdoc_fixed_target_polar_lm_output_kl_fb535f4bbf.log
polar_lm_output_kl,longdoc,fixed_target,,emozilla/pg19,16k,,perplexity,23.121380206698564,4,/home/sagemaker-user/atma/benchmarks/logs/foveal_cpt/longdoc_longdoc_fixed_target_polar_lm_output_kl_fb535f4bbf.log
polar_lm_output_kl,longdoc,fixed_target,,emozilla/pg19,256k,,bits_per_byte,1.147038894980927,4,/home/sagemaker-user/atma/benchmarks/logs/foveal_cpt/longdoc_longdoc_fixed_target_polar_lm_output_kl_fb535f4bbf.log
polar_lm_output_kl,longdoc,fixed_target,,emozilla/pg19,256k,,nll_nats_per_token,3.196572184562683,4,/home/sagemaker-user/atma/benchmarks/logs/foveal_cpt/longdoc_longdoc_fixed_target_polar_lm_output_kl_fb535f4bbf.log
polar_lm_output_kl,longdoc,fixed_target,,emozilla/pg19,256k,,perplexity,24.448581174460646,4,/home/sagemaker-user/atma/benchmarks/logs/foveal_cpt/longdoc_longdoc_fixed_target_polar_lm_output_kl_fb535f4bbf.log
polar_lm_output_kl,longdoc,fixed_target,,emozilla/pg19,2k,,bits_per_byte,0.9997380012748173,1,/home/sagemaker-user/atma/benchmarks/logs/foveal_cpt/longdoc_longdoc_fixed_target_polar_lm_output_kl_5f96df63aa.log
polar_lm_output_kl,longdoc,fixed_target,,emozilla/pg19,2k,,bits_per_byte,1.1374396466874144,4,/home/sagemaker-user/atma/benchmarks/logs/foveal_cpt/longdoc_longdoc_fixed_target_polar_lm_output_kl_fb535f4bbf.log
polar_lm_output_kl,longdoc,fixed_target,,emozilla/pg19,2k,,nll_nats_per_token,2.7908105850219727,1,/home/sagemaker-user/atma/benchmarks/logs/foveal_cpt/longdoc_longdoc_fixed_target_polar_lm_output_kl_5f96df63aa.log
polar_lm_output_kl,longdoc,fixed_target,,emozilla/pg19,2k,,nll_nats_per_token,3.1698209643363953,4,/home/sagemaker-user/atma/benchmarks/logs/foveal_cpt/longdoc_longdoc_fixed_target_polar_lm_output_kl_fb535f4bbf.log
polar_lm_output_kl,longdoc,fixed_target,,emozilla/pg19,2k,,perplexity,16.294222302734067,1,/home/sagemaker-user/atma/benchmarks/logs/foveal_cpt/longdoc_longdoc_fixed_target_polar_lm_output_kl_5f96df63aa.log
polar_lm_output_kl,longdoc,fixed_target,,emozilla/pg19,2k,,perplexity,23.80322234920519,4,/home/sagemaker-user/atma/benchmarks/logs/foveal_cpt/longdoc_longdoc_fixed_target_polar_lm_output_kl_fb535f4bbf.log
polar_lm_output_kl,longdoc,fixed_target,,emozilla/pg19,32k,,bits_per_byte,1.1284920319273013,4,/home/sagemaker-user/atma/benchmarks/logs/foveal_cpt/longdoc_longdoc_fixed_target_polar_lm_output_kl_fb535f4bbf.log
polar_lm_output_kl,longdoc,fixed_target,,emozilla/pg19,32k,,nll_nats_per_token,3.1448857188224792,4,/home/sagemaker-user/atma/benchmarks/logs/foveal_cpt/longdoc_longdoc_fixed_target_polar_lm_output_kl_fb535f4bbf.log
polar_lm_output_kl,longdoc,fixed_target,,emozilla/pg19,32k,,perplexity,23.2170220530505,4,/home/sagemaker-user/atma/benchmarks/logs/foveal_cpt/longdoc_longdoc_fixed_target_polar_lm_output_kl_fb535f4bbf.log
polar_lm_output_kl,longdoc,fixed_target,,emozilla/pg19,4k,,bits_per_byte,1.133869425544451,4,/home/sagemaker-user/atma/benchmarks/logs/foveal_cpt/longdoc_longdoc_fixed_target_polar_lm_output_kl_fb535f4bbf.log
polar_lm_output_kl,longdoc,fixed_target,,emozilla/pg19,4k,,nll_nats_per_token,3.159871459007263,4,/home/sagemaker-user/atma/benchmarks/logs/foveal_cpt/longdoc_longdoc_fixed_target_polar_lm_output_kl_fb535f4bbf.log
polar_lm_output_kl,longdoc,fixed_target,,emozilla/pg19,4k,,perplexity,23.567566335985624,4,/home/sagemaker-user/atma/benchmarks/logs/foveal_cpt/longdoc_longdoc_fixed_target_polar_lm_output_kl_fb535f4bbf.log
polar_lm_output_kl,longdoc,fixed_target,,emozilla/pg19,64k,,bits_per_byte,1.1373393361457909,4,/home/sagemaker-user/atma/benchmarks/logs/foveal_cpt/longdoc_longdoc_fixed_target_polar_lm_output_kl_fb535f4bbf.log
polar_lm_output_kl,longdoc,fixed_target,,emozilla/pg19,64k,,nll_nats_per_token,3.1695414185523987,4,/home/sagemaker-user/atma/benchmarks/logs/foveal_cpt/longdoc_longdoc_fixed_target_polar_lm_output_kl_fb535f4bbf.log
polar_lm_output_kl,longdoc,fixed_target,,emozilla/pg19,64k,,perplexity,23.796569188726743,4,/home/sagemaker-user/atma/benchmarks/logs/foveal_cpt/longdoc_longdoc_fixed_target_polar_lm_output_kl_fb535f4bbf.log
polar_lm_output_kl,longdoc,fixed_target,,emozilla/pg19,8k,,bits_per_byte,1.125758216763171,4,/home/sagemaker-user/atma/benchmarks/logs/foveal_cpt/longdoc_longdoc_fixed_target_polar_lm_output_kl_fb535f4bbf.log
polar_lm_output_kl,longdoc,fixed_target,,emozilla/pg19,8k,,nll_nats_per_token,3.1372671127319336,4,/home/sagemaker-user/atma/benchmarks/logs/foveal_cpt/longdoc_longdoc_fixed_target_polar_lm_output_kl_fb535f4bbf.log
polar_lm_output_kl,longdoc,fixed_target,,emozilla/pg19,8k,,perplexity,23.040812794210108,4,/home/sagemaker-user/atma/benchmarks/logs/foveal_cpt/longdoc_longdoc_fixed_target_polar_lm_output_kl_fb535f4bbf.log
polar_lm_output_kl,longdoc,fixed_target,,hoskinson-center/proof-pile,128k,,bits_per_byte,2.2710501238602907,4,/home/sagemaker-user/atma/benchmarks/logs/foveal_cpt/longdoc_longdoc_fixed_target_polar_lm_output_kl_fb535f4bbf.log
polar_lm_output_kl,longdoc,fixed_target,,hoskinson-center/proof-pile,128k,,nll_nats_per_token,4.245959997177124,4,/home/sagemaker-user/atma/benchmarks/logs/foveal_cpt/longdoc_longdoc_fixed_target_polar_lm_output_kl_fb535f4bbf.log
polar_lm_output_kl,longdoc,fixed_target,,hoskinson-center/proof-pile,128k,,perplexity,69.82275763028298,4,/home/sagemaker-user/atma/benchmarks/logs/foveal_cpt/longdoc_longdoc_fixed_target_polar_lm_output_kl_fb535f4bbf.log
polar_lm_output_kl,longdoc,fixed_target,,hoskinson-center/proof-pile,16k,,bits_per_byte,2.3006777377669625,4,/home/sagemaker-user/atma/benchmarks/logs/foveal_cpt/longdoc_longdoc_fixed_target_polar_lm_output_kl_fb535f4bbf.log
polar_lm_output_kl,longdoc,fixed_target,,hoskinson-center/proof-pile,16k,,nll_nats_per_token,4.301351845264435,4,/home/sagemaker-user/atma/benchmarks/logs/foveal_cpt/longdoc_longdoc_fixed_target_polar_lm_output_kl_fb535f4bbf.log
polar_lm_output_kl,longdoc,fixed_target,,hoskinson-center/proof-pile,16k,,perplexity,73.79949178971084,4,/home/sagemaker-user/atma/benchmarks/logs/foveal_cpt/longdoc_longdoc_fixed_target_polar_lm_output_kl_fb535f4bbf.log
polar_lm_output_kl,longdoc,fixed_target,,hoskinson-center/proof-pile,256k,,bits_per_byte,2.2643959051326235,4,/home/sagemaker-user/atma/benchmarks/logs/foveal_cpt/longdoc_longdoc_fixed_target_polar_lm_output_kl_fb535f4bbf.log
polar_lm_output_kl,longdoc,fixed_target,,hoskinson-center/proof-pile,256k,,nll_nats_per_token,4.23351925611496,4,/home/sagemaker-user/atma/benchmarks/logs/foveal_cpt/longdoc_longdoc_fixed_target_polar_lm_output_kl_fb535f4bbf.log
polar_lm_output_kl,longdoc,fixed_target,,hoskinson-center/proof-pile,256k,,perplexity,68.95949175008961,4,/home/sagemaker-user/atma/benchmarks/logs/foveal_cpt/longdoc_longdoc_fixed_target_polar_lm_output_kl_fb535f4bbf.log
polar_lm_output_kl,longdoc,fixed_target,,hoskinson-center/proof-pile,2k,,bits_per_byte,1.8248375264720114,1,/home/sagemaker-user/atma/benchmarks/logs/foveal_cpt/longdoc_longdoc_fixed_target_polar_lm_output_kl_5f96df63aa.log
polar_lm_output_kl,longdoc,fixed_target,,hoskinson-center/proof-pile,2k,,bits_per_byte,2.2451333859625637,4,/home/sagemaker-user/atma/benchmarks/logs/foveal_cpt/longdoc_longdoc_fixed_target_polar_lm_output_kl_fb535f4bbf.log
polar_lm_output_kl,longdoc,fixed_target,,hoskinson-center/proof-pile,2k,,nll_nats_per_token,4.214622974395752,1,/home/sagemaker-user/atma/benchmarks/logs/foveal_cpt/longdoc_longdoc_fixed_target_polar_lm_output_kl_5f96df63aa.log
polar_lm_output_kl,longdoc,fixed_target,,hoskinson-center/proof-pile,2k,,nll_nats_per_token,4.197506010532379,4,/home/sagemaker-user/atma/benchmarks/logs/foveal_cpt/longdoc_longdoc_fixed_target_polar_lm_output_kl_fb535f4bbf.log
polar_lm_output_kl,longdoc,fixed_target,,hoskinson-center/proof-pile,2k,,perplexity,67.66864824784122,1,/home/sagemaker-user/atma/benchmarks/logs/foveal_cpt/longdoc_longdoc_fixed_target_polar_lm_output_kl_5f96df63aa.log
polar_lm_output_kl,longdoc,fixed_target,,hoskinson-center/proof-pile,2k,,perplexity,66.52022325530767,4,/home/sagemaker-user/atma/benchmarks/logs/foveal_cpt/longdoc_longdoc_fixed_target_polar_lm_output_kl_fb535f4bbf.log
polar_lm_output_kl,longdoc,fixed_target,,hoskinson-center/proof-pile,32k,,bits_per_byte,2.297872407576314,4,/home/sagemaker-user/atma/benchmarks/logs/foveal_cpt/longdoc_longdoc_fixed_target_polar_lm_output_kl_fb535f4bbf.log
polar_lm_output_kl,longdoc,fixed_target,,hoskinson-center/proof-pile,32k,,nll_nats_per_token,4.296106994152069,4,/home/sagemaker-user/atma/benchmarks/logs/foveal_cpt/longdoc_longdoc_fixed_target_polar_lm_output_kl_fb535f4bbf.log
polar_lm_output_kl,longdoc,fixed_target,,hoskinson-center/proof-pile,32k,,perplexity,73.41343772612706,4,/home/sagemaker-user/atma/benchmarks/logs/foveal_cpt/longdoc_longdoc_fixed_target_polar_lm_output_kl_fb535f4bbf.log
polar_lm_output_kl,longdoc,fixed_target,,hoskinson-center/proof-pile,4k,,bits_per_byte,2.2489752606958917,4,/home/sagemaker-user/atma/benchmarks/logs/foveal_cpt/longdoc_longdoc_fixed_target_polar_lm_output_kl_fb535f4bbf.log
polar_lm_output_kl,longdoc,fixed_target,,hoskinson-center/proof-pile,4k,,nll_nats_per_token,4.204688787460327,4,/home/sagemaker-user/atma/benchmarks/logs/foveal_cpt/longdoc_longdoc_fixed_target_polar_lm_output_kl_fb535f4bbf.log
polar_lm_output_kl,longdoc,fixed_target,,hoskinson-center/proof-pile,4k,,perplexity,66.9997432611391,4,/home/sagemaker-user/atma/benchmarks/logs/foveal_cpt/longdoc_longdoc_fixed_target_polar_lm_output_kl_fb535f4bbf.log
polar_lm_output_kl,longdoc,fixed_target,,hoskinson-center/proof-pile,64k,,bits_per_byte,2.3045864349209055,4,/home/sagemaker-user/atma/benchmarks/logs/foveal_cpt/longdoc_longdoc_fixed_target_polar_lm_output_kl_fb535f4bbf.log
polar_lm_output_kl,longdoc,fixed_target,,hoskinson-center/proof-pile,64k,,nll_nats_per_token,4.308659553527832,4,/home/sagemaker-user/atma/benchmarks/logs/foveal_cpt/longdoc_longdoc_fixed_target_polar_lm_output_kl_fb535f4bbf.log
polar_lm_output_kl,longdoc,fixed_target,,hoskinson-center/proof-pile,64k,,perplexity,74.34077229690125,4,/home/sagemaker-user/atma/benchmarks/logs/foveal_cpt/longdoc_longdoc_fixed_target_polar_lm_output_kl_fb535f4bbf.log
polar_lm_output_kl,longdoc,fixed_target,,hoskinson-center/proof-pile,8k,,bits_per_byte,2.3001179405896823,4,/home/sagemaker-user/atma/benchmarks/logs/foveal_cpt/longdoc_longdoc_fixed_target_polar_lm_output_kl_fb535f4bbf.log
polar_lm_output_kl,longdoc,fixed_target,,hoskinson-center/proof-pile,8k,,nll_nats_per_token,4.300305247306824,4,/home/sagemaker-user/atma/benchmarks/logs/foveal_cpt/longdoc_longdoc_fixed_target_polar_lm_output_kl_fb535f4bbf.log
polar_lm_output_kl,longdoc,fixed_target,,hoskinson-center/proof-pile,8k,,perplexity,73.72229379700843,4,/home/sagemaker-user/atma/benchmarks/logs/foveal_cpt/longdoc_longdoc_fixed_target_polar_lm_output_kl_fb535f4bbf.log
polar_lm_output_kl,retrieval,synthetic,niah,synthetic-filler,128k,0.1,exact_match,50.0,10,/home/sagemaker-user/atma/benchmarks/logs/foveal_cpt/retrieval_retrieval_synthetic_polar_lm_output_kl_761c38dfd3.log
polar_lm_output_kl,retrieval,synthetic,niah,synthetic-filler,128k,0.1,nll_nats_per_token,0.8168252944946289,10,/home/sagemaker-user/atma/benchmarks/logs/foveal_cpt/retrieval_retrieval_synthetic_polar_lm_output_kl_761c38dfd3.log
polar_lm_output_kl,retrieval,synthetic,niah,synthetic-filler,128k,0.1,token_accuracy,90.0,10,/home/sagemaker-user/atma/benchmarks/logs/foveal_cpt/retrieval_retrieval_synthetic_polar_lm_output_kl_761c38dfd3.log
polar_lm_output_kl,retrieval,synthetic,niah,synthetic-filler,128k,0.5,exact_match,80.0,10,/home/sagemaker-user/atma/benchmarks/logs/foveal_cpt/retrieval_retrieval_synthetic_polar_lm_output_kl_761c38dfd3.log
polar_lm_output_kl,retrieval,synthetic,niah,synthetic-filler,128k,0.5,nll_nats_per_token,0.9687134838104248,10,/home/sagemaker-user/atma/benchmarks/logs/foveal_cpt/retrieval_retrieval_synthetic_polar_lm_output_kl_761c38dfd3.log
polar_lm_output_kl,retrieval,synthetic,niah,synthetic-filler,128k,0.5,token_accuracy,94.0,10,/home/sagemaker-user/atma/benchmarks/logs/foveal_cpt/retrieval_retrieval_synthetic_polar_lm_output_kl_761c38dfd3.log
polar_lm_output_kl,retrieval,synthetic,niah,synthetic-filler,128k,0.9,exact_match,40.0,10,/home/sagemaker-user/atma/benchmarks/logs/foveal_cpt/retrieval_retrieval_synthetic_polar_lm_output_kl_761c38dfd3.log
polar_lm_output_kl,retrieval,synthetic,niah,synthetic-filler,128k,0.9,nll_nats_per_token,0.8419571733474731,10,/home/sagemaker-user/atma/benchmarks/logs/foveal_cpt/retrieval_retrieval_synthetic_polar_lm_output_kl_761c38dfd3.log
polar_lm_output_kl,retrieval,synthetic,niah,synthetic-filler,128k,0.9,token_accuracy,88.0,10,/home/sagemaker-user/atma/benchmarks/logs/foveal_cpt/retrieval_retrieval_synthetic_polar_lm_output_kl_761c38dfd3.log
polar_lm_output_kl,retrieval,synthetic,niah,synthetic-filler,16k,0.1,exact_match,90.0,10,/home/sagemaker-user/atma/benchmarks/logs/foveal_cpt/retrieval_retrieval_synthetic_polar_lm_output_kl_761c38dfd3.log
polar_lm_output_kl,retrieval,synthetic,niah,synthetic-filler,16k,0.1,nll_nats_per_token,0.6442474699020386,10,/home/sagemaker-user/atma/benchmarks/logs/foveal_cpt/retrieval_retrieval_synthetic_polar_lm_output_kl_761c38dfd3.log
polar_lm_output_kl,retrieval,synthetic,niah,synthetic-filler,16k,0.1,token_accuracy,98.0,10,/home/sagemaker-user/atma/benchmarks/logs/foveal_cpt/retrieval_retrieval_synthetic_polar_lm_output_kl_761c38dfd3.log
polar_lm_output_kl,retrieval,synthetic,niah,synthetic-filler,16k,0.5,exact_match,100.0,10,/home/sagemaker-user/atma/benchmarks/logs/foveal_cpt/retrieval_retrieval_synthetic_polar_lm_output_kl_761c38dfd3.log
polar_lm_output_kl,retrieval,synthetic,niah,synthetic-filler,16k,0.5,nll_nats_per_token,0.696866044998169,10,/home/sagemaker-user/atma/benchmarks/logs/foveal_cpt/retrieval_retrieval_synthetic_polar_lm_output_kl_761c38dfd3.log
polar_lm_output_kl,retrieval,synthetic,niah,synthetic-filler,16k,0.5,token_accuracy,100.0,10,/home/sagemaker-user/atma/benchmarks/logs/foveal_cpt/retrieval_retrieval_synthetic_polar_lm_output_kl_761c38dfd3.log
polar_lm_output_kl,retrieval,synthetic,niah,synthetic-filler,16k,0.9,exact_match,60.0,10,/home/sagemaker-user/atma/benchmarks/logs/foveal_cpt/retrieval_retrieval_synthetic_polar_lm_output_kl_761c38dfd3.log
polar_lm_output_kl,retrieval,synthetic,niah,synthetic-filler,16k,0.9,nll_nats_per_token,0.7798489809036255,10,/home/sagemaker-user/atma/benchmarks/logs/foveal_cpt/retrieval_retrieval_synthetic_polar_lm_output_kl_761c38dfd3.log
polar_lm_output_kl,retrieval,synthetic,niah,synthetic-filler,16k,0.9,token_accuracy,90.0,10,/home/sagemaker-user/atma/benchmarks/logs/foveal_cpt/retrieval_retrieval_synthetic_polar_lm_output_kl_761c38dfd3.log
polar_lm_output_kl,retrieval,synthetic,niah,synthetic-filler,256k,0.1,exact_match,10.0,10,/home/sagemaker-user/atma/benchmarks/logs/foveal_cpt/retrieval_retrieval_synthetic_polar_lm_output_kl_761c38dfd3.log
polar_lm_output_kl,retrieval,synthetic,niah,synthetic-filler,256k,0.1,nll_nats_per_token,1.2360758018493652,10,/home/sagemaker-user/atma/benchmarks/logs/foveal_cpt/retrieval_retrieval_synthetic_polar_lm_output_kl_761c38dfd3.log
polar_lm_output_kl,retrieval,synthetic,niah,synthetic-filler,256k,0.1,token_accuracy,74.0,10,/home/sagemaker-user/atma/benchmarks/logs/foveal_cpt/retrieval_retrieval_synthetic_polar_lm_output_kl_761c38dfd3.log
polar_lm_output_kl,retrieval,synthetic,niah,synthetic-filler,256k,0.5,exact_match,0.0,10,/home/sagemaker-user/atma/benchmarks/logs/foveal_cpt/retrieval_retrieval_synthetic_polar_lm_output_kl_761c38dfd3.log
polar_lm_output_kl,retrieval,synthetic,niah,synthetic-filler,256k,0.5,nll_nats_per_token,1.3825155353546144,10,/home/sagemaker-user/atma/benchmarks/logs/foveal_cpt/retrieval_retrieval_synthetic_polar_lm_output_kl_761c38dfd3.log
polar_lm_output_kl,retrieval,synthetic,niah,synthetic-filler,256k,0.5,token_accuracy,68.0,10,/home/sagemaker-user/atma/benchmarks/logs/foveal_cpt/retrieval_retrieval_synthetic_polar_lm_output_kl_761c38dfd3.log
polar_lm_output_kl,retrieval,synthetic,niah,synthetic-filler,256k,0.9,exact_match,60.0,10,/home/sagemaker-user/atma/benchmarks/logs/foveal_cpt/retrieval_retrieval_synthetic_polar_lm_output_kl_761c38dfd3.log
polar_lm_output_kl,retrieval,synthetic,niah,synthetic-filler,256k,0.9,nll_nats_per_token,1.10070650100708,10,/home/sagemaker-user/atma/benchmarks/logs/foveal_cpt/retrieval_retrieval_synthetic_polar_lm_output_kl_761c38dfd3.log
polar_lm_output_kl,retrieval,synthetic,niah,synthetic-filler,256k,0.9,token_accuracy,92.0,10,/home/sagemaker-user/atma/benchmarks/logs/foveal_cpt/retrieval_retrieval_synthetic_polar_lm_output_kl_761c38dfd3.log
polar_lm_output_kl,retrieval,synthetic,niah,synthetic-filler,2k,0.1,exact_match,40.0,10,/home/sagemaker-user/atma/benchmarks/logs/foveal_cpt/retrieval_retrieval_synthetic_polar_lm_output_kl_761c38dfd3.log
polar_lm_output_kl,retrieval,synthetic,niah,synthetic-filler,2k,0.1,nll_nats_per_token,0.8702198505401612,10,/home/sagemaker-user/atma/benchmarks/logs/foveal_cpt/retrieval_retrieval_synthetic_polar_lm_output_kl_761c38dfd3.log
polar_lm_output_kl,retrieval,synthetic,niah,synthetic-filler,2k,0.1,token_accuracy,88.0,10,/home/sagemaker-user/atma/benchmarks/logs/foveal_cpt/retrieval_retrieval_synthetic_polar_lm_output_kl_761c38dfd3.log
polar_lm_output_kl,retrieval,synthetic,niah,synthetic-filler,2k,0.5,exact_match,90.0,10,/home/sagemaker-user/atma/benchmarks/logs/foveal_cpt/retrieval_retrieval_synthetic_polar_lm_output_kl_761c38dfd3.log
polar_lm_output_kl,retrieval,synthetic,niah,synthetic-filler,2k,0.5,exact_match,100.0,2,/home/sagemaker-user/atma/benchmarks/logs/foveal_cpt/smoke_retrieval_synthetic_polar_lm_output_kl_67dacf48b8.log
polar_lm_output_kl,retrieval,synthetic,niah,synthetic-filler,2k,0.5,exact_match,100.0,5,/home/sagemaker-user/atma/benchmarks/logs/foveal_cpt/smoke_retrieval_synthetic_polar_lm_output_kl_71bd07314a.log
polar_lm_output_kl,retrieval,synthetic,niah,synthetic-filler,2k,0.5,nll_nats_per_token,0.4908308553695679,10,/home/sagemaker-user/atma/benchmarks/logs/foveal_cpt/retrieval_retrieval_synthetic_polar_lm_output_kl_761c38dfd3.log
polar_lm_output_kl,retrieval,synthetic,niah,synthetic-filler,2k,0.5,nll_nats_per_token,0.5371347427368164,2,/home/sagemaker-user/atma/benchmarks/logs/foveal_cpt/smoke_retrieval_synthetic_polar_lm_output_kl_67dacf48b8.log
polar_lm_output_kl,retrieval,synthetic,niah,synthetic-filler,2k,0.5,nll_nats_per_token,0.4802664089202881,5,/home/sagemaker-user/atma/benchmarks/logs/foveal_cpt/smoke_retrieval_synthetic_polar_lm_output_kl_71bd07314a.log
polar_lm_output_kl,retrieval,synthetic,niah,synthetic-filler,2k,0.5,token_accuracy,98.0,10,/home/sagemaker-user/atma/benchmarks/logs/foveal_cpt/retrieval_retrieval_synthetic_polar_lm_output_kl_761c38dfd3.log
polar_lm_output_kl,retrieval,synthetic,niah,synthetic-filler,2k,0.5,token_accuracy,100.0,2,/home/sagemaker-user/atma/benchmarks/logs/foveal_cpt/smoke_retrieval_synthetic_polar_lm_output_kl_67dacf48b8.log
polar_lm_output_kl,retrieval,synthetic,niah,synthetic-filler,2k,0.5,token_accuracy,100.0,5,/home/sagemaker-user/atma/benchmarks/logs/foveal_cpt/smoke_retrieval_synthetic_polar_lm_output_kl_71bd07314a.log
polar_lm_output_kl,retrieval,synthetic,niah,synthetic-filler,2k,0.9,exact_match,100.0,10,/home/sagemaker-user/atma/benchmarks/logs/foveal_cpt/retrieval_retrieval_synthetic_polar_lm_output_kl_761c38dfd3.log
polar_lm_output_kl,retrieval,synthetic,niah,synthetic-filler,2k,0.9,nll_nats_per_token,0.38859904527664185,10,/home/sagemaker-user/atma/benchmarks/logs/foveal_cpt/retrieval_retrieval_synthetic_polar_lm_output_kl_761c38dfd3.log
polar_lm_output_kl,retrieval,synthetic,niah,synthetic-filler,2k,0.9,token_accuracy,100.0,10,/home/sagemaker-user/atma/benchmarks/logs/foveal_cpt/retrieval_retrieval_synthetic_polar_lm_output_kl_761c38dfd3.log
polar_lm_output_kl,retrieval,synthetic,niah,synthetic-filler,32k,0.1,exact_match,30.0,10,/home/sagemaker-user/atma/benchmarks/logs/foveal_cpt/retrieval_retrieval_synthetic_polar_lm_output_kl_761c38dfd3.log
polar_lm_output_kl,retrieval,synthetic,niah,synthetic-filler,32k,0.1,nll_nats_per_token,1.0750810527801513,10,/home/sagemaker-user/atma/benchmarks/logs/foveal_cpt/retrieval_retrieval_synthetic_polar_lm_output_kl_761c38dfd3.log
polar_lm_output_kl,retrieval,synthetic,niah,synthetic-filler,32k,0.1,token_accuracy,84.0,10,/home/sagemaker-user/atma/benchmarks/logs/foveal_cpt/retrieval_retrieval_synthetic_polar_lm_output_kl_761c38dfd3.log
polar_lm_output_kl,retrieval,synthetic,niah,synthetic-filler,32k,0.5,exact_match,20.0,10,/home/sagemaker-user/atma/benchmarks/logs/foveal_cpt/retrieval_retrieval_synthetic_polar_lm_output_kl_761c38dfd3.log
polar_lm_output_kl,retrieval,synthetic,niah,synthetic-filler,32k,0.5,nll_nats_per_token,1.33379150390625,10,/home/sagemaker-user/atma/benchmarks/logs/foveal_cpt/retrieval_retrieval_synthetic_polar_lm_output_kl_761c38dfd3.log
polar_lm_output_kl,retrieval,synthetic,niah,synthetic-filler,32k,0.5,token_accuracy,82.0,10,/home/sagemaker-user/atma/benchmarks/logs/foveal_cpt/retrieval_retrieval_synthetic_polar_lm_output_kl_761c38dfd3.log
polar_lm_output_kl,retrieval,synthetic,niah,synthetic-filler,32k,0.9,exact_match,10.0,10,/home/sagemaker-user/atma/benchmarks/logs/foveal_cpt/retrieval_retrieval_synthetic_polar_lm_output_kl_761c38dfd3.log
polar_lm_output_kl,retrieval,synthetic,niah,synthetic-filler,32k,0.9,nll_nats_per_token,1.1486315536499023,10,/home/sagemaker-user/atma/benchmarks/logs/foveal_cpt/retrieval_retrieval_synthetic_polar_lm_output_kl_761c38dfd3.log
polar_lm_output_kl,retrieval,synthetic,niah,synthetic-filler,32k,0.9,token_accuracy,78.0,10,/home/sagemaker-user/atma/benchmarks/logs/foveal_cpt/retrieval_retrieval_synthetic_polar_lm_output_kl_761c38dfd3.log
polar_lm_output_kl,retrieval,synthetic,niah,synthetic-filler,4k,0.1,exact_match,100.0,10,/home/sagemaker-user/atma/benchmarks/logs/foveal_cpt/retrieval_retrieval_synthetic_polar_lm_output_kl_761c38dfd3.log
polar_lm_output_kl,retrieval,synthetic,niah,synthetic-filler,4k,0.1,nll_nats_per_token,0.7654682588577271,10,/home/sagemaker-user/atma/benchmarks/logs/foveal_cpt/retrieval_retrieval_synthetic_polar_lm_output_kl_761c38dfd3.log
polar_lm_output_kl,retrieval,synthetic,niah,synthetic-filler,4k,0.1,token_accuracy,100.0,10,/home/sagemaker-user/atma/benchmarks/logs/foveal_cpt/retrieval_retrieval_synthetic_polar_lm_output_kl_761c38dfd3.log
polar_lm_output_kl,retrieval,synthetic,niah,synthetic-filler,4k,0.5,exact_match,70.0,10,/home/sagemaker-user/atma/benchmarks/logs/foveal_cpt/retrieval_retrieval_synthetic_polar_lm_output_kl_761c38dfd3.log
polar_lm_output_kl,retrieval,synthetic,niah,synthetic-filler,4k,0.5,nll_nats_per_token,0.8648789834976196,10,/home/sagemaker-user/atma/benchmarks/logs/foveal_cpt/retrieval_retrieval_synthetic_polar_lm_output_kl_761c38dfd3.log
polar_lm_output_kl,retrieval,synthetic,niah,synthetic-filler,4k,0.5,token_accuracy,94.0,10,/home/sagemaker-user/atma/benchmarks/logs/foveal_cpt/retrieval_retrieval_synthetic_polar_lm_output_kl_761c38dfd3.log
polar_lm_output_kl,retrieval,synthetic,niah,synthetic-filler,4k,0.9,exact_match,100.0,10,/home/sagemaker-user/atma/benchmarks/logs/foveal_cpt/retrieval_retrieval_synthetic_polar_lm_output_kl_761c38dfd3.log
polar_lm_output_kl,retrieval,synthetic,niah,synthetic-filler,4k,0.9,nll_nats_per_token,0.31808277606964114,10,/home/sagemaker-user/atma/benchmarks/logs/foveal_cpt/retrieval_retrieval_synthetic_polar_lm_output_kl_761c38dfd3.log
polar_lm_output_kl,retrieval,synthetic,niah,synthetic-filler,4k,0.9,token_accuracy,100.0,10,/home/sagemaker-user/atma/benchmarks/logs/foveal_cpt/retrieval_retrieval_synthetic_polar_lm_output_kl_761c38dfd3.log
polar_lm_output_kl,retrieval,synthetic,niah,synthetic-filler,64k,0.1,exact_match,100.0,10,/home/sagemaker-user/atma/benchmarks/logs/foveal_cpt/retrieval_retrieval_synthetic_polar_lm_output_kl_761c38dfd3.log
polar_lm_output_kl,retrieval,synthetic,niah,synthetic-filler,64k,0.1,nll_nats_per_token,0.7978033828735351,10,/home/sagemaker-user/atma/benchmarks/logs/foveal_cpt/retrieval_retrieval_synthetic_polar_lm_output_kl_761c38dfd3.log
polar_lm_output_kl,retrieval,synthetic,niah,synthetic-filler,64k,0.1,token_accuracy,100.0,10,/home/sagemaker-user/atma/benchmarks/logs/foveal_cpt/retrieval_retrieval_synthetic_polar_lm_output_kl_761c38dfd3.log
polar_lm_output_kl,retrieval,synthetic,niah,synthetic-filler,64k,0.5,exact_match,30.0,10,/home/sagemaker-user/atma/benchmarks/logs/foveal_cpt/retrieval_retrieval_synthetic_polar_lm_output_kl_761c38dfd3.log
polar_lm_output_kl,retrieval,synthetic,niah,synthetic-filler,64k,0.5,nll_nats_per_token,0.8863329792022705,10,/home/sagemaker-user/atma/benchmarks/logs/foveal_cpt/retrieval_retrieval_synthetic_polar_lm_output_kl_761c38dfd3.log
polar_lm_output_kl,retrieval,synthetic,niah,synthetic-filler,64k,0.5,token_accuracy,86.0,10,/home/sagemaker-user/atma/benchmarks/logs/foveal_cpt/retrieval_retrieval_synthetic_polar_lm_output_kl_761c38dfd3.log
polar_lm_output_kl,retrieval,synthetic,niah,synthetic-filler,64k,0.9,exact_match,90.0,10,/home/sagemaker-user/atma/benchmarks/logs/foveal_cpt/retrieval_retrieval_synthetic_polar_lm_output_kl_761c38dfd3.log
polar_lm_output_kl,retrieval,synthetic,niah,synthetic-filler,64k,0.9,nll_nats_per_token,0.9025405931472779,10,/home/sagemaker-user/atma/benchmarks/logs/foveal_cpt/retrieval_retrieval_synthetic_polar_lm_output_kl_761c38dfd3.log
polar_lm_output_kl,retrieval,synthetic,niah,synthetic-filler,64k,0.9,token_accuracy,98.0,10,/home/sagemaker-user/atma/benchmarks/logs/foveal_cpt/retrieval_retrieval_synthetic_polar_lm_output_kl_761c38dfd3.log
polar_lm_output_kl,retrieval,synthetic,niah,synthetic-filler,8k,0.1,exact_match,80.0,10,/home/sagemaker-user/atma/benchmarks/logs/foveal_cpt/retrieval_retrieval_synthetic_polar_lm_output_kl_761c38dfd3.log
polar_lm_output_kl,retrieval,synthetic,niah,synthetic-filler,8k,0.1,nll_nats_per_token,0.8568956851959229,10,/home/sagemaker-user/atma/benchmarks/logs/foveal_cpt/retrieval_retrieval_synthetic_polar_lm_output_kl_761c38dfd3.log
polar_lm_output_kl,retrieval,synthetic,niah,synthetic-filler,8k,0.1,token_accuracy,96.0,10,/home/sagemaker-user/atma/benchmarks/logs/foveal_cpt/retrieval_retrieval_synthetic_polar_lm_output_kl_761c38dfd3.log
polar_lm_output_kl,retrieval,synthetic,niah,synthetic-filler,8k,0.5,exact_match,50.0,10,/home/sagemaker-user/atma/benchmarks/logs/foveal_cpt/retrieval_retrieval_synthetic_polar_lm_output_kl_761c38dfd3.log
polar_lm_output_kl,retrieval,synthetic,niah,synthetic-filler,8k,0.5,exact_match,0.0,2,/home/sagemaker-user/atma/benchmarks/logs/foveal_cpt/smoke_retrieval_synthetic_polar_lm_output_kl_67dacf48b8.log
polar_lm_output_kl,retrieval,synthetic,niah,synthetic-filler,8k,0.5,exact_match,40.0,5,/home/sagemaker-user/atma/benchmarks/logs/foveal_cpt/smoke_retrieval_synthetic_polar_lm_output_kl_71bd07314a.log
polar_lm_output_kl,retrieval,synthetic,niah,synthetic-filler,8k,0.5,nll_nats_per_token,0.8798752069473267,10,/home/sagemaker-user/atma/benchmarks/logs/foveal_cpt/retrieval_retrieval_synthetic_polar_lm_output_kl_761c38dfd3.log
polar_lm_output_kl,retrieval,synthetic,niah,synthetic-filler,8k,0.5,nll_nats_per_token,1.0385728836059571,2,/home/sagemaker-user/atma/benchmarks/logs/foveal_cpt/smoke_retrieval_synthetic_polar_lm_output_kl_67dacf48b8.log
polar_lm_output_kl,retrieval,synthetic,niah,synthetic-filler,8k,0.5,nll_nats_per_token,0.9341419410705566,5,/home/sagemaker-user/atma/benchmarks/logs/foveal_cpt/smoke_retrieval_synthetic_polar_lm_output_kl_71bd07314a.log
polar_lm_output_kl,retrieval,synthetic,niah,synthetic-filler,8k,0.5,token_accuracy,90.0,10,/home/sagemaker-user/atma/benchmarks/logs/foveal_cpt/retrieval_retrieval_synthetic_polar_lm_output_kl_761c38dfd3.log
polar_lm_output_kl,retrieval,synthetic,niah,synthetic-filler,8k,0.5,token_accuracy,80.0,2,/home/sagemaker-user/atma/benchmarks/logs/foveal_cpt/smoke_retrieval_synthetic_polar_lm_output_kl_67dacf48b8.log
polar_lm_output_kl,retrieval,synthetic,niah,synthetic-filler,8k,0.5,token_accuracy,88.0,5,/home/sagemaker-user/atma/benchmarks/logs/foveal_cpt/smoke_retrieval_synthetic_polar_lm_output_kl_71bd07314a.log
polar_lm_output_kl,retrieval,synthetic,niah,synthetic-filler,8k,0.9,exact_match,100.0,10,/home/sagemaker-user/atma/benchmarks/logs/foveal_cpt/retrieval_retrieval_synthetic_polar_lm_output_kl_761c38dfd3.log
polar_lm_output_kl,retrieval,synthetic,niah,synthetic-filler,8k,0.9,nll_nats_per_token,0.8248046398162842,10,/home/sagemaker-user/atma/benchmarks/logs/foveal_cpt/retrieval_retrieval_synthetic_polar_lm_output_kl_761c38dfd3.log
polar_lm_output_kl,retrieval,synthetic,niah,synthetic-filler,8k,0.9,token_accuracy,100.0,10,/home/sagemaker-user/atma/benchmarks/logs/foveal_cpt/retrieval_retrieval_synthetic_polar_lm_output_kl_761c38dfd3.log
polar_lm_output_kl,retrieval,synthetic,passkey,synthetic-filler,128k,0.1,exact_match,10.0,10,/home/sagemaker-user/atma/benchmarks/logs/foveal_cpt/retrieval_retrieval_synthetic_polar_lm_output_kl_761c38dfd3.log
polar_lm_output_kl,retrieval,synthetic,passkey,synthetic-filler,128k,0.1,nll_nats_per_token,1.4328439140319824,10,/home/sagemaker-user/atma/benchmarks/logs/foveal_cpt/retrieval_retrieval_synthetic_polar_lm_output_kl_761c38dfd3.log
polar_lm_output_kl,retrieval,synthetic,passkey,synthetic-filler,128k,0.1,token_accuracy,68.0,10,/home/sagemaker-user/atma/benchmarks/logs/foveal_cpt/retrieval_retrieval_synthetic_polar_lm_output_kl_761c38dfd3.log
polar_lm_output_kl,retrieval,synthetic,passkey,synthetic-filler,128k,0.5,exact_match,30.0,10,/home/sagemaker-user/atma/benchmarks/logs/foveal_cpt/retrieval_retrieval_synthetic_polar_lm_output_kl_761c38dfd3.log
polar_lm_output_kl,retrieval,synthetic,passkey,synthetic-filler,128k,0.5,nll_nats_per_token,1.57877459526062,10,/home/sagemaker-user/atma/benchmarks/logs/foveal_cpt/retrieval_retrieval_synthetic_polar_lm_output_kl_761c38dfd3.log
polar_lm_output_kl,retrieval,synthetic,passkey,synthetic-filler,128k,0.5,token_accuracy,74.0,10,/home/sagemaker-user/atma/benchmarks/logs/foveal_cpt/retrieval_retrieval_synthetic_polar_lm_output_kl_761c38dfd3.log
polar_lm_output_kl,retrieval,synthetic,passkey,synthetic-filler,128k,0.9,exact_match,30.0,10,/home/sagemaker-user/atma/benchmarks/logs/foveal_cpt/retrieval_retrieval_synthetic_polar_lm_output_kl_761c38dfd3.log
polar_lm_output_kl,retrieval,synthetic,passkey,synthetic-filler,128k,0.9,nll_nats_per_token,1.175278868675232,10,/home/sagemaker-user/atma/benchmarks/logs/foveal_cpt/retrieval_retrieval_synthetic_polar_lm_output_kl_761c38dfd3.log
polar_lm_output_kl,retrieval,synthetic,passkey,synthetic-filler,128k,0.9,token_accuracy,80.0,10,/home/sagemaker-user/atma/benchmarks/logs/foveal_cpt/retrieval_retrieval_synthetic_polar_lm_output_kl_761c38dfd3.log
polar_lm_output_kl,retrieval,synthetic,passkey,synthetic-filler,16k,0.1,exact_match,70.0,10,/home/sagemaker-user/atma/benchmarks/logs/foveal_cpt/retrieval_retrieval_synthetic_polar_lm_output_kl_761c38dfd3.log
polar_lm_output_kl,retrieval,synthetic,passkey,synthetic-filler,16k,0.1,nll_nats_per_token,0.9815039110183715,10,/home/sagemaker-user/atma/benchmarks/logs/foveal_cpt/retrieval_retrieval_synthetic_polar_lm_output_kl_761c38dfd3.log
polar_lm_output_kl,retrieval,synthetic,passkey,synthetic-filler,16k,0.1,token_accuracy,94.0,10,/home/sagemaker-user/atma/benchmarks/logs/foveal_cpt/retrieval_retrieval_synthetic_polar_lm_output_kl_761c38dfd3.log
polar_lm_output_kl,retrieval,synthetic,passkey,synthetic-filler,16k,0.5,exact_match,60.0,10,/home/sagemaker-user/atma/benchmarks/logs/foveal_cpt/retrieval_retrieval_synthetic_polar_lm_output_kl_761c38dfd3.log
polar_lm_output_kl,retrieval,synthetic,passkey,synthetic-filler,16k,0.5,nll_nats_per_token,0.9008237552642823,10,/home/sagemaker-user/atma/benchmarks/logs/foveal_cpt/retrieval_retrieval_synthetic_polar_lm_output_kl_761c38dfd3.log
polar_lm_output_kl,retrieval,synthetic,passkey,synthetic-filler,16k,0.5,token_accuracy,92.0,10,/home/sagemaker-user/atma/benchmarks/logs/foveal_cpt/retrieval_retrieval_synthetic_polar_lm_output_kl_761c38dfd3.log
polar_lm_output_kl,retrieval,synthetic,passkey,synthetic-filler,16k,0.9,exact_match,40.0,10,/home/sagemaker-user/atma/benchmarks/logs/foveal_cpt/retrieval_retrieval_synthetic_polar_lm_output_kl_761c38dfd3.log
polar_lm_output_kl,retrieval,synthetic,passkey,synthetic-filler,16k,0.9,nll_nats_per_token,1.1046133327484131,10,/home/sagemaker-user/atma/benchmarks/logs/foveal_cpt/retrieval_retrieval_synthetic_polar_lm_output_kl_761c38dfd3.log
polar_lm_output_kl,retrieval,synthetic,passkey,synthetic-filler,16k,0.9,token_accuracy,84.0,10,/home/sagemaker-user/atma/benchmarks/logs/foveal_cpt/retrieval_retrieval_synthetic_polar_lm_output_kl_761c38dfd3.log
polar_lm_output_kl,retrieval,synthetic,passkey,synthetic-filler,256k,0.1,exact_match,30.0,10,/home/sagemaker-user/atma/benchmarks/logs/foveal_cpt/retrieval_retrieval_synthetic_polar_lm_output_kl_761c38dfd3.log
polar_lm_output_kl,retrieval,synthetic,passkey,synthetic-filler,256k,0.1,nll_nats_per_token,1.3517341995239258,10,/home/sagemaker-user/atma/benchmarks/logs/foveal_cpt/retrieval_retrieval_synthetic_polar_lm_output_kl_761c38dfd3.log
polar_lm_output_kl,retrieval,synthetic,passkey,synthetic-filler,256k,0.1,token_accuracy,80.0,10,/home/sagemaker-user/atma/benchmarks/logs/foveal_cpt/retrieval_retrieval_synthetic_polar_lm_output_kl_761c38dfd3.log
polar_lm_output_kl,retrieval,synthetic,passkey,synthetic-filler,256k,0.5,exact_match,0.0,10,/home/sagemaker-user/atma/benchmarks/logs/foveal_cpt/retrieval_retrieval_synthetic_polar_lm_output_kl_761c38dfd3.log
polar_lm_output_kl,retrieval,synthetic,passkey,synthetic-filler,256k,0.5,nll_nats_per_token,2.2026507663726806,10,/home/sagemaker-user/atma/benchmarks/logs/foveal_cpt/retrieval_retrieval_synthetic_polar_lm_output_kl_761c38dfd3.log
polar_lm_output_kl,retrieval,synthetic,passkey,synthetic-filler,256k,0.5,token_accuracy,48.0,10,/home/sagemaker-user/atma/benchmarks/logs/foveal_cpt/retrieval_retrieval_synthetic_polar_lm_output_kl_761c38dfd3.log
polar_lm_output_kl,retrieval,synthetic,passkey,synthetic-filler,256k,0.9,exact_match,30.0,10,/home/sagemaker-user/atma/benchmarks/logs/foveal_cpt/retrieval_retrieval_synthetic_polar_lm_output_kl_761c38dfd3.log
polar_lm_output_kl,retrieval,synthetic,passkey,synthetic-filler,256k,0.9,nll_nats_per_token,1.3187408447265625,10,/home/sagemaker-user/atma/benchmarks/logs/foveal_cpt/retrieval_retrieval_synthetic_polar_lm_output_kl_761c38dfd3.log
polar_lm_output_kl,retrieval,synthetic,passkey,synthetic-filler,256k,0.9,token_accuracy,76.0,10,/home/sagemaker-user/atma/benchmarks/logs/foveal_cpt/retrieval_retrieval_synthetic_polar_lm_output_kl_761c38dfd3.log
polar_lm_output_kl,retrieval,synthetic,passkey,synthetic-filler,2k,0.1,exact_match,70.0,10,/home/sagemaker-user/atma/benchmarks/logs/foveal_cpt/retrieval_retrieval_synthetic_polar_lm_output_kl_761c38dfd3.log
polar_lm_output_kl,retrieval,synthetic,passkey,synthetic-filler,2k,0.1,nll_nats_per_token,1.1032059049606324,10,/home/sagemaker-user/atma/benchmarks/logs/foveal_cpt/retrieval_retrieval_synthetic_polar_lm_output_kl_761c38dfd3.log
polar_lm_output_kl,retrieval,synthetic,passkey,synthetic-filler,2k,0.1,token_accuracy,94.0,10,/home/sagemaker-user/atma/benchmarks/logs/foveal_cpt/retrieval_retrieval_synthetic_polar_lm_output_kl_761c38dfd3.log
polar_lm_output_kl,retrieval,synthetic,passkey,synthetic-filler,2k,0.5,exact_match,90.0,10,/home/sagemaker-user/atma/benchmarks/logs/foveal_cpt/retrieval_retrieval_synthetic_polar_lm_output_kl_761c38dfd3.log
polar_lm_output_kl,retrieval,synthetic,passkey,synthetic-filler,2k,0.5,exact_match,100.0,2,/home/sagemaker-user/atma/benchmarks/logs/foveal_cpt/smoke_retrieval_synthetic_polar_lm_output_kl_67dacf48b8.log
polar_lm_output_kl,retrieval,synthetic,passkey,synthetic-filler,2k,0.5,exact_match,100.0,5,/home/sagemaker-user/atma/benchmarks/logs/foveal_cpt/smoke_retrieval_synthetic_polar_lm_output_kl_71bd07314a.log
polar_lm_output_kl,retrieval,synthetic,passkey,synthetic-filler,2k,0.5,nll_nats_per_token,0.8702848291397095,10,/home/sagemaker-user/atma/benchmarks/logs/foveal_cpt/retrieval_retrieval_synthetic_polar_lm_output_kl_761c38dfd3.log
polar_lm_output_kl,retrieval,synthetic,passkey,synthetic-filler,2k,0.5,nll_nats_per_token,0.692517876625061,2,/home/sagemaker-user/atma/benchmarks/logs/foveal_cpt/smoke_retrieval_synthetic_polar_lm_output_kl_67dacf48b8.log
polar_lm_output_kl,retrieval,synthetic,passkey,synthetic-filler,2k,0.5,nll_nats_per_token,0.8572397899627685,5,/home/sagemaker-user/atma/benchmarks/logs/foveal_cpt/smoke_retrieval_synthetic_polar_lm_output_kl_71bd07314a.log
polar_lm_output_kl,retrieval,synthetic,passkey,synthetic-filler,2k,0.5,token_accuracy,98.0,10,/home/sagemaker-user/atma/benchmarks/logs/foveal_cpt/retrieval_retrieval_synthetic_polar_lm_output_kl_761c38dfd3.log
polar_lm_output_kl,retrieval,synthetic,passkey,synthetic-filler,2k,0.5,token_accuracy,100.0,2,/home/sagemaker-user/atma/benchmarks/logs/foveal_cpt/smoke_retrieval_synthetic_polar_lm_output_kl_67dacf48b8.log
polar_lm_output_kl,retrieval,synthetic,passkey,synthetic-filler,2k,0.5,token_accuracy,100.0,5,/home/sagemaker-user/atma/benchmarks/logs/foveal_cpt/smoke_retrieval_synthetic_polar_lm_output_kl_71bd07314a.log
polar_lm_output_kl,retrieval,synthetic,passkey,synthetic-filler,2k,0.9,exact_match,80.0,10,/home/sagemaker-user/atma/benchmarks/logs/foveal_cpt/retrieval_retrieval_synthetic_polar_lm_output_kl_761c38dfd3.log
polar_lm_output_kl,retrieval,synthetic,passkey,synthetic-filler,2k,0.9,nll_nats_per_token,0.26813018798828125,10,/home/sagemaker-user/atma/benchmarks/logs/foveal_cpt/retrieval_retrieval_synthetic_polar_lm_output_kl_761c38dfd3.log
polar_lm_output_kl,retrieval,synthetic,passkey,synthetic-filler,2k,0.9,token_accuracy,96.0,10,/home/sagemaker-user/atma/benchmarks/logs/foveal_cpt/retrieval_retrieval_synthetic_polar_lm_output_kl_761c38dfd3.log
polar_lm_output_kl,retrieval,synthetic,passkey,synthetic-filler,32k,0.1,exact_match,20.0,10,/home/sagemaker-user/atma/benchmarks/logs/foveal_cpt/retrieval_retrieval_synthetic_polar_lm_output_kl_761c38dfd3.log
polar_lm_output_kl,retrieval,synthetic,passkey,synthetic-filler,32k,0.1,nll_nats_per_token,1.2002055835723877,10,/home/sagemaker-user/atma/benchmarks/logs/foveal_cpt/retrieval_retrieval_synthetic_polar_lm_output_kl_761c38dfd3.log
polar_lm_output_kl,retrieval,synthetic,passkey,synthetic-filler,32k,0.1,token_accuracy,82.0,10,/home/sagemaker-user/atma/benchmarks/logs/foveal_cpt/retrieval_retrieval_synthetic_polar_lm_output_kl_761c38dfd3.log
polar_lm_output_kl,retrieval,synthetic,passkey,synthetic-filler,32k,0.5,exact_match,30.0,10,/home/sagemaker-user/atma/benchmarks/logs/foveal_cpt/retrieval_retrieval_synthetic_polar_lm_output_kl_761c38dfd3.log
polar_lm_output_kl,retrieval,synthetic,passkey,synthetic-filler,32k,0.5,nll_nats_per_token,1.4044288825988769,10,/home/sagemaker-user/atma/benchmarks/logs/foveal_cpt/retrieval_retrieval_synthetic_polar_lm_output_kl_761c38dfd3.log
polar_lm_output_kl,retrieval,synthetic,passkey,synthetic-filler,32k,0.5,token_accuracy,80.0,10,/home/sagemaker-user/atma/benchmarks/logs/foveal_cpt/retrieval_retrieval_synthetic_polar_lm_output_kl_761c38dfd3.log
polar_lm_output_kl,retrieval,synthetic,passkey,synthetic-filler,32k,0.9,exact_match,50.0,10,/home/sagemaker-user/atma/benchmarks/logs/foveal_cpt/retrieval_retrieval_synthetic_polar_lm_output_kl_761c38dfd3.log
polar_lm_output_kl,retrieval,synthetic,passkey,synthetic-filler,32k,0.9,nll_nats_per_token,1.0423991203308105,10,/home/sagemaker-user/atma/benchmarks/logs/foveal_cpt/retrieval_retrieval_synthetic_polar_lm_output_kl_761c38dfd3.log
polar_lm_output_kl,retrieval,synthetic,passkey,synthetic-filler,32k,0.9,token_accuracy,86.0,10,/home/sagemaker-user/atma/benchmarks/logs/foveal_cpt/retrieval_retrieval_synthetic_polar_lm_output_kl_761c38dfd3.log
polar_lm_output_kl,retrieval,synthetic,passkey,synthetic-filler,4k,0.1,exact_match,70.0,10,/home/sagemaker-user/atma/benchmarks/logs/foveal_cpt/retrieval_retrieval_synthetic_polar_lm_output_kl_761c38dfd3.log
polar_lm_output_kl,retrieval,synthetic,passkey,synthetic-filler,4k,0.1,nll_nats_per_token,1.092165665626526,10,/home/sagemaker-user/atma/benchmarks/logs/foveal_cpt/retrieval_retrieval_synthetic_polar_lm_output_kl_761c38dfd3.log
polar_lm_output_kl,retrieval,synthetic,passkey,synthetic-filler,4k,0.1,token_accuracy,94.0,10,/home/sagemaker-user/atma/benchmarks/logs/foveal_cpt/retrieval_retrieval_synthetic_polar_lm_output_kl_761c38dfd3.log
polar_lm_output_kl,retrieval,synthetic,passkey,synthetic-filler,4k,0.5,exact_match,70.0,10,/home/sagemaker-user/atma/benchmarks/logs/foveal_cpt/retrieval_retrieval_synthetic_polar_lm_output_kl_761c38dfd3.log
polar_lm_output_kl,retrieval,synthetic,passkey,synthetic-filler,4k,0.5,nll_nats_per_token,0.9969969081878662,10,/home/sagemaker-user/atma/benchmarks/logs/foveal_cpt/retrieval_retrieval_synthetic_polar_lm_output_kl_761c38dfd3.log
polar_lm_output_kl,retrieval,synthetic,passkey,synthetic-filler,4k,0.5,token_accuracy,94.0,10,/home/sagemaker-user/atma/benchmarks/logs/foveal_cpt/retrieval_retrieval_synthetic_polar_lm_output_kl_761c38dfd3.log
polar_lm_output_kl,retrieval,synthetic,passkey,synthetic-filler,4k,0.9,exact_match,80.0,10,/home/sagemaker-user/atma/benchmarks/logs/foveal_cpt/retrieval_retrieval_synthetic_polar_lm_output_kl_761c38dfd3.log
polar_lm_output_kl,retrieval,synthetic,passkey,synthetic-filler,4k,0.9,nll_nats_per_token,0.23568444490432738,10,/home/sagemaker-user/atma/benchmarks/logs/foveal_cpt/retrieval_retrieval_synthetic_polar_lm_output_kl_761c38dfd3.log
polar_lm_output_kl,retrieval,synthetic,passkey,synthetic-filler,4k,0.9,token_accuracy,96.0,10,/home/sagemaker-user/atma/benchmarks/logs/foveal_cpt/retrieval_retrieval_synthetic_polar_lm_output_kl_761c38dfd3.log
polar_lm_output_kl,retrieval,synthetic,passkey,synthetic-filler,64k,0.1,exact_match,70.0,10,/home/sagemaker-user/atma/benchmarks/logs/foveal_cpt/retrieval_retrieval_synthetic_polar_lm_output_kl_761c38dfd3.log
polar_lm_output_kl,retrieval,synthetic,passkey,synthetic-filler,64k,0.1,nll_nats_per_token,1.013771529197693,10,/home/sagemaker-user/atma/benchmarks/logs/foveal_cpt/retrieval_retrieval_synthetic_polar_lm_output_kl_761c38dfd3.log
polar_lm_output_kl,retrieval,synthetic,passkey,synthetic-filler,64k,0.1,token_accuracy,92.0,10,/home/sagemaker-user/atma/benchmarks/logs/foveal_cpt/retrieval_retrieval_synthetic_polar_lm_output_kl_761c38dfd3.log
polar_lm_output_kl,retrieval,synthetic,passkey,synthetic-filler,64k,0.5,exact_match,20.0,10,/home/sagemaker-user/atma/benchmarks/logs/foveal_cpt/retrieval_retrieval_synthetic_polar_lm_output_kl_761c38dfd3.log
polar_lm_output_kl,retrieval,synthetic,passkey,synthetic-filler,64k,0.5,nll_nats_per_token,1.5336846065521241,10,/home/sagemaker-user/atma/benchmarks/logs/foveal_cpt/retrieval_retrieval_synthetic_polar_lm_output_kl_761c38dfd3.log
polar_lm_output_kl,retrieval,synthetic,passkey,synthetic-filler,64k,0.5,token_accuracy,74.0,10,/home/sagemaker-user/atma/benchmarks/logs/foveal_cpt/retrieval_retrieval_synthetic_polar_lm_output_kl_761c38dfd3.log
polar_lm_output_kl,retrieval,synthetic,passkey,synthetic-filler,64k,0.9,exact_match,70.0,10,/home/sagemaker-user/atma/benchmarks/logs/foveal_cpt/retrieval_retrieval_synthetic_polar_lm_output_kl_761c38dfd3.log
polar_lm_output_kl,retrieval,synthetic,passkey,synthetic-filler,64k,0.9,nll_nats_per_token,0.8831949472427368,10,/home/sagemaker-user/atma/benchmarks/logs/foveal_cpt/retrieval_retrieval_synthetic_polar_lm_output_kl_761c38dfd3.log
polar_lm_output_kl,retrieval,synthetic,passkey,synthetic-filler,64k,0.9,token_accuracy,92.0,10,/home/sagemaker-user/atma/benchmarks/logs/foveal_cpt/retrieval_retrieval_synthetic_polar_lm_output_kl_761c38dfd3.log
polar_lm_output_kl,retrieval,synthetic,passkey,synthetic-filler,8k,0.1,exact_match,30.0,10,/home/sagemaker-user/atma/benchmarks/logs/foveal_cpt/retrieval_retrieval_synthetic_polar_lm_output_kl_761c38dfd3.log
polar_lm_output_kl,retrieval,synthetic,passkey,synthetic-filler,8k,0.1,nll_nats_per_token,1.1557608127593995,10,/home/sagemaker-user/atma/benchmarks/logs/foveal_cpt/retrieval_retrieval_synthetic_polar_lm_output_kl_761c38dfd3.log
polar_lm_output_kl,retrieval,synthetic,passkey,synthetic-filler,8k,0.1,token_accuracy,80.0,10,/home/sagemaker-user/atma/benchmarks/logs/foveal_cpt/retrieval_retrieval_synthetic_polar_lm_output_kl_761c38dfd3.log
polar_lm_output_kl,retrieval,synthetic,passkey,synthetic-filler,8k,0.5,exact_match,50.0,10,/home/sagemaker-user/atma/benchmarks/logs/foveal_cpt/retrieval_retrieval_synthetic_polar_lm_output_kl_761c38dfd3.log
polar_lm_output_kl,retrieval,synthetic,passkey,synthetic-filler,8k,0.5,exact_match,50.0,2,/home/sagemaker-user/atma/benchmarks/logs/foveal_cpt/smoke_retrieval_synthetic_polar_lm_output_kl_67dacf48b8.log
polar_lm_output_kl,retrieval,synthetic,passkey,synthetic-filler,8k,0.5,exact_match,40.0,5,/home/sagemaker-user/atma/benchmarks/logs/foveal_cpt/smoke_retrieval_synthetic_polar_lm_output_kl_71bd07314a.log
polar_lm_output_kl,retrieval,synthetic,passkey,synthetic-filler,8k,0.5,nll_nats_per_token,1.0015696668624878,10,/home/sagemaker-user/atma/benchmarks/logs/foveal_cpt/retrieval_retrieval_synthetic_polar_lm_output_kl_761c38dfd3.log
polar_lm_output_kl,retrieval,synthetic,passkey,synthetic-filler,8k,0.5,nll_nats_per_token,0.9916710138320923,2,/home/sagemaker-user/atma/benchmarks/logs/foveal_cpt/smoke_retrieval_synthetic_polar_lm_output_kl_67dacf48b8.log
polar_lm_output_kl,retrieval,synthetic,passkey,synthetic-filler,8k,0.5,nll_nats_per_token,1.2723416805267334,5,/home/sagemaker-user/atma/benchmarks/logs/foveal_cpt/smoke_retrieval_synthetic_polar_lm_output_kl_71bd07314a.log
polar_lm_output_kl,retrieval,synthetic,passkey,synthetic-filler,8k,0.5,token_accuracy,90.0,10,/home/sagemaker-user/atma/benchmarks/logs/foveal_cpt/retrieval_retrieval_synthetic_polar_lm_output_kl_761c38dfd3.log
polar_lm_output_kl,retrieval,synthetic,passkey,synthetic-filler,8k,0.5,token_accuracy,90.0,2,/home/sagemaker-user/atma/benchmarks/logs/foveal_cpt/smoke_retrieval_synthetic_polar_lm_output_kl_67dacf48b8.log
polar_lm_output_kl,retrieval,synthetic,passkey,synthetic-filler,8k,0.5,token_accuracy,88.0,5,/home/sagemaker-user/atma/benchmarks/logs/foveal_cpt/smoke_retrieval_synthetic_polar_lm_output_kl_71bd07314a.log
polar_lm_output_kl,retrieval,synthetic,passkey,synthetic-filler,8k,0.9,exact_match,50.0,10,/home/sagemaker-user/atma/benchmarks/logs/foveal_cpt/retrieval_retrieval_synthetic_polar_lm_output_kl_761c38dfd3.log
polar_lm_output_kl,retrieval,synthetic,passkey,synthetic-filler,8k,0.9,nll_nats_per_token,0.942054762840271,10,/home/sagemaker-user/atma/benchmarks/logs/foveal_cpt/retrieval_retrieval_synthetic_polar_lm_output_kl_761c38dfd3.log
polar_lm_output_kl,retrieval,synthetic,passkey,synthetic-filler,8k,0.9,token_accuracy,90.0,10,/home/sagemaker-user/atma/benchmarks/logs/foveal_cpt/retrieval_retrieval_synthetic_polar_lm_output_kl_761c38dfd3.log
polar_lm_output_kl,serving,generation,,,128k,,decode_tokens_per_s,461.14350789672386,1,/home/sagemaker-user/atma/benchmarks/logs/foveal_cpt/serving_serving_generation_polar_lm_output_kl_961eacdfaf.log
polar_lm_output_kl,serving,generation,,,128k,,decode_tokens_per_s,458.83574353616376,1,/home/sagemaker-user/atma/benchmarks/logs/foveal_cpt/serving_serving_generation_polar_lm_output_kl_ca60742ae7.log
polar_lm_output_kl,serving,generation,,,128k,,oom,False,1,/home/sagemaker-user/atma/benchmarks/logs/foveal_cpt/serving_serving_generation_polar_lm_output_kl_961eacdfaf.log
polar_lm_output_kl,serving,generation,,,128k,,oom,False,1,/home/sagemaker-user/atma/benchmarks/logs/foveal_cpt/serving_serving_generation_polar_lm_output_kl_ca60742ae7.log
polar_lm_output_kl,serving,generation,,,128k,,peak_allocated_bytes,7523795968,1,/home/sagemaker-user/atma/benchmarks/logs/foveal_cpt/serving_serving_generation_polar_lm_output_kl_961eacdfaf.log
polar_lm_output_kl,serving,generation,,,128k,,peak_allocated_bytes,7523795968,1,/home/sagemaker-user/atma/benchmarks/logs/foveal_cpt/serving_serving_generation_polar_lm_output_kl_ca60742ae7.log
polar_lm_output_kl,serving,generation,,,128k,,peak_reserved_bytes,7799308288,1,/home/sagemaker-user/atma/benchmarks/logs/foveal_cpt/serving_serving_generation_polar_lm_output_kl_961eacdfaf.log
polar_lm_output_kl,serving,generation,,,128k,,peak_reserved_bytes,7799308288,1,/home/sagemaker-user/atma/benchmarks/logs/foveal_cpt/serving_serving_generation_polar_lm_output_kl_ca60742ae7.log
polar_lm_output_kl,serving,generation,,,128k,,prefill_tokens_per_s,169795.6599819774,1,/home/sagemaker-user/atma/benchmarks/logs/foveal_cpt/serving_serving_generation_polar_lm_output_kl_961eacdfaf.log
polar_lm_output_kl,serving,generation,,,128k,,prefill_tokens_per_s,169636.90695255937,1,/home/sagemaker-user/atma/benchmarks/logs/foveal_cpt/serving_serving_generation_polar_lm_output_kl_ca60742ae7.log
polar_lm_output_kl,serving,generation,,,16k,,decode_tokens_per_s,466.4192540660971,1,/home/sagemaker-user/atma/benchmarks/logs/foveal_cpt/serving_serving_generation_polar_lm_output_kl_961eacdfaf.log
polar_lm_output_kl,serving,generation,,,16k,,decode_tokens_per_s,465.7707224936028,1,/home/sagemaker-user/atma/benchmarks/logs/foveal_cpt/serving_serving_generation_polar_lm_output_kl_ca60742ae7.log
polar_lm_output_kl,serving,generation,,,16k,,oom,False,1,/home/sagemaker-user/atma/benchmarks/logs/foveal_cpt/serving_serving_generation_polar_lm_output_kl_961eacdfaf.log
polar_lm_output_kl,serving,generation,,,16k,,oom,False,1,/home/sagemaker-user/atma/benchmarks/logs/foveal_cpt/serving_serving_generation_polar_lm_output_kl_ca60742ae7.log
polar_lm_output_kl,serving,generation,,,16k,,peak_allocated_bytes,1621490688,1,/home/sagemaker-user/atma/benchmarks/logs/foveal_cpt/serving_serving_generation_polar_lm_output_kl_961eacdfaf.log
polar_lm_output_kl,serving,generation,,,16k,,peak_allocated_bytes,1621490688,1,/home/sagemaker-user/atma/benchmarks/logs/foveal_cpt/serving_serving_generation_polar_lm_output_kl_ca60742ae7.log
polar_lm_output_kl,serving,generation,,,16k,,peak_reserved_bytes,1658847232,1,/home/sagemaker-user/atma/benchmarks/logs/foveal_cpt/serving_serving_generation_polar_lm_output_kl_961eacdfaf.log
polar_lm_output_kl,serving,generation,,,16k,,peak_reserved_bytes,1658847232,1,/home/sagemaker-user/atma/benchmarks/logs/foveal_cpt/serving_serving_generation_polar_lm_output_kl_ca60742ae7.log
polar_lm_output_kl,serving,generation,,,16k,,prefill_tokens_per_s,181289.5018270069,1,/home/sagemaker-user/atma/benchmarks/logs/foveal_cpt/serving_serving_generation_polar_lm_output_kl_961eacdfaf.log
polar_lm_output_kl,serving,generation,,,16k,,prefill_tokens_per_s,185809.1796576897,1,/home/sagemaker-user/atma/benchmarks/logs/foveal_cpt/serving_serving_generation_polar_lm_output_kl_ca60742ae7.log
polar_lm_output_kl,serving,generation,,,256k,,decode_tokens_per_s,453.068850490687,1,/home/sagemaker-user/atma/benchmarks/logs/foveal_cpt/serving_serving_generation_polar_lm_output_kl_ca60742ae7.log
polar_lm_output_kl,serving,generation,,,256k,,oom,False,1,/home/sagemaker-user/atma/benchmarks/logs/foveal_cpt/serving_serving_generation_polar_lm_output_kl_ca60742ae7.log
polar_lm_output_kl,serving,generation,,,256k,,peak_allocated_bytes,14269287424,1,/home/sagemaker-user/atma/benchmarks/logs/foveal_cpt/serving_serving_generation_polar_lm_output_kl_ca60742ae7.log
polar_lm_output_kl,serving,generation,,,256k,,peak_reserved_bytes,14776532992,1,/home/sagemaker-user/atma/benchmarks/logs/foveal_cpt/serving_serving_generation_polar_lm_output_kl_ca60742ae7.log
polar_lm_output_kl,serving,generation,,,256k,,prefill_tokens_per_s,161971.41935032787,1,/home/sagemaker-user/atma/benchmarks/logs/foveal_cpt/serving_serving_generation_polar_lm_output_kl_ca60742ae7.log
polar_lm_output_kl,serving,generation,,,2k,,decode_tokens_per_s,468.5171014562273,1,/home/sagemaker-user/atma/benchmarks/logs/foveal_cpt/serving_serving_generation_polar_lm_output_kl_961eacdfaf.log
polar_lm_output_kl,serving,generation,,,2k,,decode_tokens_per_s,466.8717473025438,1,/home/sagemaker-user/atma/benchmarks/logs/foveal_cpt/serving_serving_generation_polar_lm_output_kl_ca60742ae7.log
polar_lm_output_kl,serving,generation,,,2k,,oom,False,1,/home/sagemaker-user/atma/benchmarks/logs/foveal_cpt/serving_serving_generation_polar_lm_output_kl_961eacdfaf.log
polar_lm_output_kl,serving,generation,,,2k,,oom,False,1,/home/sagemaker-user/atma/benchmarks/logs/foveal_cpt/serving_serving_generation_polar_lm_output_kl_ca60742ae7.log
polar_lm_output_kl,serving,generation,,,2k,,peak_allocated_bytes,889994240,1,/home/sagemaker-user/atma/benchmarks/logs/foveal_cpt/serving_serving_generation_polar_lm_output_kl_961eacdfaf.log
polar_lm_output_kl,serving,generation,,,2k,,peak_allocated_bytes,889994240,1,/home/sagemaker-user/atma/benchmarks/logs/foveal_cpt/serving_serving_generation_polar_lm_output_kl_ca60742ae7.log
polar_lm_output_kl,serving,generation,,,2k,,peak_reserved_bytes,929038336,1,/home/sagemaker-user/atma/benchmarks/logs/foveal_cpt/serving_serving_generation_polar_lm_output_kl_961eacdfaf.log
polar_lm_output_kl,serving,generation,,,2k,,peak_reserved_bytes,929038336,1,/home/sagemaker-user/atma/benchmarks/logs/foveal_cpt/serving_serving_generation_polar_lm_output_kl_ca60742ae7.log
polar_lm_output_kl,serving,generation,,,2k,,prefill_tokens_per_s,14253.948231018123,1,/home/sagemaker-user/atma/benchmarks/logs/foveal_cpt/serving_serving_generation_polar_lm_output_kl_961eacdfaf.log
polar_lm_output_kl,serving,generation,,,2k,,prefill_tokens_per_s,15504.20631778801,1,/home/sagemaker-user/atma/benchmarks/logs/foveal_cpt/serving_serving_generation_polar_lm_output_kl_ca60742ae7.log
polar_lm_output_kl,serving,generation,,,32k,,decode_tokens_per_s,469.6254733983281,1,/home/sagemaker-user/atma/benchmarks/logs/foveal_cpt/serving_serving_generation_polar_lm_output_kl_961eacdfaf.log
polar_lm_output_kl,serving,generation,,,32k,,decode_tokens_per_s,465.508407325155,1,/home/sagemaker-user/atma/benchmarks/logs/foveal_cpt/serving_serving_generation_polar_lm_output_kl_ca60742ae7.log
polar_lm_output_kl,serving,generation,,,32k,,oom,False,1,/home/sagemaker-user/atma/benchmarks/logs/foveal_cpt/serving_serving_generation_polar_lm_output_kl_961eacdfaf.log
polar_lm_output_kl,serving,generation,,,32k,,oom,False,1,/home/sagemaker-user/atma/benchmarks/logs/foveal_cpt/serving_serving_generation_polar_lm_output_kl_ca60742ae7.log
polar_lm_output_kl,serving,generation,,,32k,,peak_allocated_bytes,2464677376,1,/home/sagemaker-user/atma/benchmarks/logs/foveal_cpt/serving_serving_generation_polar_lm_output_kl_961eacdfaf.log
polar_lm_output_kl,serving,generation,,,32k,,peak_allocated_bytes,2464677376,1,/home/sagemaker-user/atma/benchmarks/logs/foveal_cpt/serving_serving_generation_polar_lm_output_kl_ca60742ae7.log
polar_lm_output_kl,serving,generation,,,32k,,peak_reserved_bytes,2501902336,1,/home/sagemaker-user/atma/benchmarks/logs/foveal_cpt/serving_serving_generation_polar_lm_output_kl_961eacdfaf.log
polar_lm_output_kl,serving,generation,,,32k,,peak_reserved_bytes,2501902336,1,/home/sagemaker-user/atma/benchmarks/logs/foveal_cpt/serving_serving_generation_polar_lm_output_kl_ca60742ae7.log
polar_lm_output_kl,serving,generation,,,32k,,prefill_tokens_per_s,171149.9650126162,1,/home/sagemaker-user/atma/benchmarks/logs/foveal_cpt/serving_serving_generation_polar_lm_output_kl_961eacdfaf.log
polar_lm_output_kl,serving,generation,,,32k,,prefill_tokens_per_s,171323.2355965724,1,/home/sagemaker-user/atma/benchmarks/logs/foveal_cpt/serving_serving_generation_polar_lm_output_kl_ca60742ae7.log
polar_lm_output_kl,serving,generation,,,4k,,decode_tokens_per_s,468.0107676500139,1,/home/sagemaker-user/atma/benchmarks/logs/foveal_cpt/serving_serving_generation_polar_lm_output_kl_961eacdfaf.log
polar_lm_output_kl,serving,generation,,,4k,,decode_tokens_per_s,467.40222595292994,1,/home/sagemaker-user/atma/benchmarks/logs/foveal_cpt/serving_serving_generation_polar_lm_output_kl_ca60742ae7.log
polar_lm_output_kl,serving,generation,,,4k,,oom,False,1,/home/sagemaker-user/atma/benchmarks/logs/foveal_cpt/serving_serving_generation_polar_lm_output_kl_961eacdfaf.log
polar_lm_output_kl,serving,generation,,,4k,,oom,False,1,/home/sagemaker-user/atma/benchmarks/logs/foveal_cpt/serving_serving_generation_polar_lm_output_kl_ca60742ae7.log
polar_lm_output_kl,serving,generation,,,4k,,peak_allocated_bytes,989101056,1,/home/sagemaker-user/atma/benchmarks/logs/foveal_cpt/serving_serving_generation_polar_lm_output_kl_961eacdfaf.log
polar_lm_output_kl,serving,generation,,,4k,,peak_allocated_bytes,989101056,1,/home/sagemaker-user/atma/benchmarks/logs/foveal_cpt/serving_serving_generation_polar_lm_output_kl_ca60742ae7.log
polar_lm_output_kl,serving,generation,,,4k,,peak_reserved_bytes,1054867456,1,/home/sagemaker-user/atma/benchmarks/logs/foveal_cpt/serving_serving_generation_polar_lm_output_kl_961eacdfaf.log
polar_lm_output_kl,serving,generation,,,4k,,peak_reserved_bytes,1054867456,1,/home/sagemaker-user/atma/benchmarks/logs/foveal_cpt/serving_serving_generation_polar_lm_output_kl_ca60742ae7.log
polar_lm_output_kl,serving,generation,,,4k,,prefill_tokens_per_s,121826.33032245561,1,/home/sagemaker-user/atma/benchmarks/logs/foveal_cpt/serving_serving_generation_polar_lm_output_kl_961eacdfaf.log
polar_lm_output_kl,serving,generation,,,4k,,prefill_tokens_per_s,133181.98006490894,1,/home/sagemaker-user/atma/benchmarks/logs/foveal_cpt/serving_serving_generation_polar_lm_output_kl_ca60742ae7.log
polar_lm_output_kl,serving,generation,,,64k,,decode_tokens_per_s,458.7712075757848,1,/home/sagemaker-user/atma/benchmarks/logs/foveal_cpt/serving_serving_generation_polar_lm_output_kl_961eacdfaf.log
polar_lm_output_kl,serving,generation,,,64k,,decode_tokens_per_s,464.1754720717308,1,/home/sagemaker-user/atma/benchmarks/logs/foveal_cpt/serving_serving_generation_polar_lm_output_kl_ca60742ae7.log
polar_lm_output_kl,serving,generation,,,64k,,oom,False,1,/home/sagemaker-user/atma/benchmarks/logs/foveal_cpt/serving_serving_generation_polar_lm_output_kl_961eacdfaf.log
polar_lm_output_kl,serving,generation,,,64k,,oom,False,1,/home/sagemaker-user/atma/benchmarks/logs/foveal_cpt/serving_serving_generation_polar_lm_output_kl_ca60742ae7.log
polar_lm_output_kl,serving,generation,,,64k,,peak_allocated_bytes,4151050240,1,/home/sagemaker-user/atma/benchmarks/logs/foveal_cpt/serving_serving_generation_polar_lm_output_kl_961eacdfaf.log
polar_lm_output_kl,serving,generation,,,64k,,peak_allocated_bytes,4151050240,1,/home/sagemaker-user/atma/benchmarks/logs/foveal_cpt/serving_serving_generation_polar_lm_output_kl_ca60742ae7.log
polar_lm_output_kl,serving,generation,,,64k,,peak_reserved_bytes,4175429632,1,/home/sagemaker-user/atma/benchmarks/logs/foveal_cpt/serving_serving_generation_polar_lm_output_kl_961eacdfaf.log
polar_lm_output_kl,serving,generation,,,64k,,peak_reserved_bytes,4175429632,1,/home/sagemaker-user/atma/benchmarks/logs/foveal_cpt/serving_serving_generation_polar_lm_output_kl_ca60742ae7.log
polar_lm_output_kl,serving,generation,,,64k,,prefill_tokens_per_s,170693.2007392761,1,/home/sagemaker-user/atma/benchmarks/logs/foveal_cpt/serving_serving_generation_polar_lm_output_kl_961eacdfaf.log
polar_lm_output_kl,serving,generation,,,64k,,prefill_tokens_per_s,171088.68747407757,1,/home/sagemaker-user/atma/benchmarks/logs/foveal_cpt/serving_serving_generation_polar_lm_output_kl_ca60742ae7.log
polar_lm_output_kl,serving,generation,,,8k,,decode_tokens_per_s,467.05361529419565,1,/home/sagemaker-user/atma/benchmarks/logs/foveal_cpt/serving_serving_generation_polar_lm_output_kl_961eacdfaf.log
polar_lm_output_kl,serving,generation,,,8k,,decode_tokens_per_s,465.1999227563776,1,/home/sagemaker-user/atma/benchmarks/logs/foveal_cpt/serving_serving_generation_polar_lm_output_kl_ca60742ae7.log
polar_lm_output_kl,serving,generation,,,8k,,oom,False,1,/home/sagemaker-user/atma/benchmarks/logs/foveal_cpt/serving_serving_generation_polar_lm_output_kl_961eacdfaf.log
polar_lm_output_kl,serving,generation,,,8k,,oom,False,1,/home/sagemaker-user/atma/benchmarks/logs/foveal_cpt/serving_serving_generation_polar_lm_output_kl_ca60742ae7.log
polar_lm_output_kl,serving,generation,,,8k,,peak_allocated_bytes,1199897600,1,/home/sagemaker-user/atma/benchmarks/logs/foveal_cpt/serving_serving_generation_polar_lm_output_kl_961eacdfaf.log
polar_lm_output_kl,serving,generation,,,8k,,peak_allocated_bytes,1199897600,1,/home/sagemaker-user/atma/benchmarks/logs/foveal_cpt/serving_serving_generation_polar_lm_output_kl_ca60742ae7.log
polar_lm_output_kl,serving,generation,,,8k,,peak_reserved_bytes,1237319680,1,/home/sagemaker-user/atma/benchmarks/logs/foveal_cpt/serving_serving_generation_polar_lm_output_kl_961eacdfaf.log
polar_lm_output_kl,serving,generation,,,8k,,peak_reserved_bytes,1237319680,1,/home/sagemaker-user/atma/benchmarks/logs/foveal_cpt/serving_serving_generation_polar_lm_output_kl_ca60742ae7.log
polar_lm_output_kl,serving,generation,,,8k,,prefill_tokens_per_s,164258.50377912167,1,/home/sagemaker-user/atma/benchmarks/logs/foveal_cpt/serving_serving_generation_polar_lm_output_kl_961eacdfaf.log
polar_lm_output_kl,serving,generation,,,8k,,prefill_tokens_per_s,171807.58460057894,1,/home/sagemaker-user/atma/benchmarks/logs/foveal_cpt/serving_serving_generation_polar_lm_output_kl_ca60742ae7.log
polar_lm_output_kl,serving,generation,,,,,max_successful_context_tokens,131072,,/home/sagemaker-user/atma/benchmarks/logs/foveal_cpt/serving_serving_generation_polar_lm_output_kl_961eacdfaf.log
polar_lm_output_kl,serving,generation,,,,,max_successful_context_tokens,262144,,/home/sagemaker-user/atma/benchmarks/logs/foveal_cpt/serving_serving_generation_polar_lm_output_kl_ca60742ae7.log
polar_local,babilong,adapted_reasoning,,RMT-team/babilong,0k,,macro_accuracy,58.0,5,/home/sagemaker-user/atma/benchmarks/logs/foveal_cpt/babilong_babilong_direct_ft_polar_local_1c9ef12a33.log
polar_local,babilong,adapted_reasoning,,RMT-team/babilong,128k,,macro_accuracy,28.0,5,/home/sagemaker-user/atma/benchmarks/logs/foveal_cpt/babilong_babilong_direct_ft_polar_local_1c9ef12a33.log
polar_local,babilong,adapted_reasoning,,RMT-team/babilong,16k,,macro_accuracy,48.0,5,/home/sagemaker-user/atma/benchmarks/logs/foveal_cpt/babilong_babilong_direct_ft_polar_local_1c9ef12a33.log
polar_local,babilong,adapted_reasoning,,RMT-team/babilong,1k,,macro_accuracy,50.0,5,/home/sagemaker-user/atma/benchmarks/logs/foveal_cpt/babilong_babilong_direct_ft_polar_local_1c9ef12a33.log
polar_local,babilong,adapted_reasoning,,RMT-team/babilong,256k,,macro_accuracy,24.0,5,/home/sagemaker-user/atma/benchmarks/logs/foveal_cpt/babilong_babilong_direct_ft_polar_local_1c9ef12a33.log
polar_local,babilong,adapted_reasoning,,RMT-team/babilong,2k,,macro_accuracy,56.0,5,/home/sagemaker-user/atma/benchmarks/logs/foveal_cpt/babilong_babilong_direct_ft_polar_local_1c9ef12a33.log
polar_local,babilong,adapted_reasoning,,RMT-team/babilong,32k,,macro_accuracy,38.0,5,/home/sagemaker-user/atma/benchmarks/logs/foveal_cpt/babilong_babilong_direct_ft_polar_local_1c9ef12a33.log
polar_local,babilong,adapted_reasoning,,RMT-team/babilong,4k,,macro_accuracy,56.0,5,/home/sagemaker-user/atma/benchmarks/logs/foveal_cpt/babilong_babilong_direct_ft_polar_local_1c9ef12a33.log
polar_local,babilong,adapted_reasoning,,RMT-team/babilong,64k,,macro_accuracy,34.0,5,/home/sagemaker-user/atma/benchmarks/logs/foveal_cpt/babilong_babilong_direct_ft_polar_local_1c9ef12a33.log
polar_local,babilong,adapted_reasoning,,RMT-team/babilong,8k,,macro_accuracy,48.0,5,/home/sagemaker-user/atma/benchmarks/logs/foveal_cpt/babilong_babilong_direct_ft_polar_local_1c9ef12a33.log
polar_local,babilong,adapted_reasoning,qa1,RMT-team/babilong,0k,,accuracy,60.0,10,/home/sagemaker-user/atma/benchmarks/logs/foveal_cpt/babilong_babilong_direct_ft_polar_local_1c9ef12a33.log
polar_local,babilong,adapted_reasoning,qa1,RMT-team/babilong,128k,,accuracy,50.0,10,/home/sagemaker-user/atma/benchmarks/logs/foveal_cpt/babilong_babilong_direct_ft_polar_local_1c9ef12a33.log
polar_local,babilong,adapted_reasoning,qa1,RMT-team/babilong,16k,,accuracy,70.0,10,/home/sagemaker-user/atma/benchmarks/logs/foveal_cpt/babilong_babilong_direct_ft_polar_local_1c9ef12a33.log
polar_local,babilong,adapted_reasoning,qa1,RMT-team/babilong,1k,,accuracy,40.0,10,/home/sagemaker-user/atma/benchmarks/logs/foveal_cpt/babilong_babilong_direct_ft_polar_local_1c9ef12a33.log
polar_local,babilong,adapted_reasoning,qa1,RMT-team/babilong,256k,,accuracy,20.0,10,/home/sagemaker-user/atma/benchmarks/logs/foveal_cpt/babilong_babilong_direct_ft_polar_local_1c9ef12a33.log
polar_local,babilong,adapted_reasoning,qa1,RMT-team/babilong,2k,,accuracy,60.0,10,/home/sagemaker-user/atma/benchmarks/logs/foveal_cpt/babilong_babilong_direct_ft_polar_local_1c9ef12a33.log
polar_local,babilong,adapted_reasoning,qa1,RMT-team/babilong,32k,,accuracy,30.0,10,/home/sagemaker-user/atma/benchmarks/logs/foveal_cpt/babilong_babilong_direct_ft_polar_local_1c9ef12a33.log
polar_local,babilong,adapted_reasoning,qa1,RMT-team/babilong,4k,,accuracy,50.0,10,/home/sagemaker-user/atma/benchmarks/logs/foveal_cpt/babilong_babilong_direct_ft_polar_local_1c9ef12a33.log
polar_local,babilong,adapted_reasoning,qa1,RMT-team/babilong,64k,,accuracy,50.0,10,/home/sagemaker-user/atma/benchmarks/logs/foveal_cpt/babilong_babilong_direct_ft_polar_local_1c9ef12a33.log
polar_local,babilong,adapted_reasoning,qa1,RMT-team/babilong,8k,,accuracy,40.0,10,/home/sagemaker-user/atma/benchmarks/logs/foveal_cpt/babilong_babilong_direct_ft_polar_local_1c9ef12a33.log
polar_local,babilong,adapted_reasoning,qa2,RMT-team/babilong,0k,,accuracy,60.0,10,/home/sagemaker-user/atma/benchmarks/logs/foveal_cpt/babilong_babilong_direct_ft_polar_local_1c9ef12a33.log
polar_local,babilong,adapted_reasoning,qa2,RMT-team/babilong,128k,,accuracy,30.0,10,/home/sagemaker-user/atma/benchmarks/logs/foveal_cpt/babilong_babilong_direct_ft_polar_local_1c9ef12a33.log
polar_local,babilong,adapted_reasoning,qa2,RMT-team/babilong,16k,,accuracy,40.0,10,/home/sagemaker-user/atma/benchmarks/logs/foveal_cpt/babilong_babilong_direct_ft_polar_local_1c9ef12a33.log
polar_local,babilong,adapted_reasoning,qa2,RMT-team/babilong,1k,,accuracy,50.0,10,/home/sagemaker-user/atma/benchmarks/logs/foveal_cpt/babilong_babilong_direct_ft_polar_local_1c9ef12a33.log
polar_local,babilong,adapted_reasoning,qa2,RMT-team/babilong,256k,,accuracy,50.0,10,/home/sagemaker-user/atma/benchmarks/logs/foveal_cpt/babilong_babilong_direct_ft_polar_local_1c9ef12a33.log
polar_local,babilong,adapted_reasoning,qa2,RMT-team/babilong,2k,,accuracy,50.0,10,/home/sagemaker-user/atma/benchmarks/logs/foveal_cpt/babilong_babilong_direct_ft_polar_local_1c9ef12a33.log
polar_local,babilong,adapted_reasoning,qa2,RMT-team/babilong,32k,,accuracy,60.0,10,/home/sagemaker-user/atma/benchmarks/logs/foveal_cpt/babilong_babilong_direct_ft_polar_local_1c9ef12a33.log
polar_local,babilong,adapted_reasoning,qa2,RMT-team/babilong,4k,,accuracy,50.0,10,/home/sagemaker-user/atma/benchmarks/logs/foveal_cpt/babilong_babilong_direct_ft_polar_local_1c9ef12a33.log
polar_local,babilong,adapted_reasoning,qa2,RMT-team/babilong,64k,,accuracy,50.0,10,/home/sagemaker-user/atma/benchmarks/logs/foveal_cpt/babilong_babilong_direct_ft_polar_local_1c9ef12a33.log
polar_local,babilong,adapted_reasoning,qa2,RMT-team/babilong,8k,,accuracy,60.0,10,/home/sagemaker-user/atma/benchmarks/logs/foveal_cpt/babilong_babilong_direct_ft_polar_local_1c9ef12a33.log
polar_local,babilong,adapted_reasoning,qa3,RMT-team/babilong,0k,,accuracy,30.0,10,/home/sagemaker-user/atma/benchmarks/logs/foveal_cpt/babilong_babilong_direct_ft_polar_local_1c9ef12a33.log
polar_local,babilong,adapted_reasoning,qa3,RMT-team/babilong,128k,,accuracy,10.0,10,/home/sagemaker-user/atma/benchmarks/logs/foveal_cpt/babilong_babilong_direct_ft_polar_local_1c9ef12a33.log
polar_local,babilong,adapted_reasoning,qa3,RMT-team/babilong,16k,,accuracy,40.0,10,/home/sagemaker-user/atma/benchmarks/logs/foveal_cpt/babilong_babilong_direct_ft_polar_local_1c9ef12a33.log
polar_local,babilong,adapted_reasoning,qa3,RMT-team/babilong,1k,,accuracy,30.0,10,/home/sagemaker-user/atma/benchmarks/logs/foveal_cpt/babilong_babilong_direct_ft_polar_local_1c9ef12a33.log
polar_local,babilong,adapted_reasoning,qa3,RMT-team/babilong,256k,,accuracy,10.0,10,/home/sagemaker-user/atma/benchmarks/logs/foveal_cpt/babilong_babilong_direct_ft_polar_local_1c9ef12a33.log
polar_local,babilong,adapted_reasoning,qa3,RMT-team/babilong,2k,,accuracy,40.0,10,/home/sagemaker-user/atma/benchmarks/logs/foveal_cpt/babilong_babilong_direct_ft_polar_local_1c9ef12a33.log
polar_local,babilong,adapted_reasoning,qa3,RMT-team/babilong,32k,,accuracy,20.0,10,/home/sagemaker-user/atma/benchmarks/logs/foveal_cpt/babilong_babilong_direct_ft_polar_local_1c9ef12a33.log
polar_local,babilong,adapted_reasoning,qa3,RMT-team/babilong,4k,,accuracy,30.0,10,/home/sagemaker-user/atma/benchmarks/logs/foveal_cpt/babilong_babilong_direct_ft_polar_local_1c9ef12a33.log
polar_local,babilong,adapted_reasoning,qa3,RMT-team/babilong,64k,,accuracy,20.0,10,/home/sagemaker-user/atma/benchmarks/logs/foveal_cpt/babilong_babilong_direct_ft_polar_local_1c9ef12a33.log
polar_local,babilong,adapted_reasoning,qa3,RMT-team/babilong,8k,,accuracy,30.0,10,/home/sagemaker-user/atma/benchmarks/logs/foveal_cpt/babilong_babilong_direct_ft_polar_local_1c9ef12a33.log
polar_local,babilong,adapted_reasoning,qa4,RMT-team/babilong,0k,,accuracy,80.0,10,/home/sagemaker-user/atma/benchmarks/logs/foveal_cpt/babilong_babilong_direct_ft_polar_local_1c9ef12a33.log
polar_local,babilong,adapted_reasoning,qa4,RMT-team/babilong,128k,,accuracy,30.0,10,/home/sagemaker-user/atma/benchmarks/logs/foveal_cpt/babilong_babilong_direct_ft_polar_local_1c9ef12a33.log
polar_local,babilong,adapted_reasoning,qa4,RMT-team/babilong,16k,,accuracy,60.0,10,/home/sagemaker-user/atma/benchmarks/logs/foveal_cpt/babilong_babilong_direct_ft_polar_local_1c9ef12a33.log
polar_local,babilong,adapted_reasoning,qa4,RMT-team/babilong,1k,,accuracy,80.0,10,/home/sagemaker-user/atma/benchmarks/logs/foveal_cpt/babilong_babilong_direct_ft_polar_local_1c9ef12a33.log
polar_local,babilong,adapted_reasoning,qa4,RMT-team/babilong,256k,,accuracy,20.0,10,/home/sagemaker-user/atma/benchmarks/logs/foveal_cpt/babilong_babilong_direct_ft_polar_local_1c9ef12a33.log
polar_local,babilong,adapted_reasoning,qa4,RMT-team/babilong,2k,,accuracy,70.0,10,/home/sagemaker-user/atma/benchmarks/logs/foveal_cpt/babilong_babilong_direct_ft_polar_local_1c9ef12a33.log
polar_local,babilong,adapted_reasoning,qa4,RMT-team/babilong,32k,,accuracy,40.0,10,/home/sagemaker-user/atma/benchmarks/logs/foveal_cpt/babilong_babilong_direct_ft_polar_local_1c9ef12a33.log
polar_local,babilong,adapted_reasoning,qa4,RMT-team/babilong,4k,,accuracy,70.0,10,/home/sagemaker-user/atma/benchmarks/logs/foveal_cpt/babilong_babilong_direct_ft_polar_local_1c9ef12a33.log
polar_local,babilong,adapted_reasoning,qa4,RMT-team/babilong,64k,,accuracy,30.0,10,/home/sagemaker-user/atma/benchmarks/logs/foveal_cpt/babilong_babilong_direct_ft_polar_local_1c9ef12a33.log
polar_local,babilong,adapted_reasoning,qa4,RMT-team/babilong,8k,,accuracy,70.0,10,/home/sagemaker-user/atma/benchmarks/logs/foveal_cpt/babilong_babilong_direct_ft_polar_local_1c9ef12a33.log
polar_local,babilong,adapted_reasoning,qa5,RMT-team/babilong,0k,,accuracy,60.0,10,/home/sagemaker-user/atma/benchmarks/logs/foveal_cpt/babilong_babilong_direct_ft_polar_local_1c9ef12a33.log
polar_local,babilong,adapted_reasoning,qa5,RMT-team/babilong,128k,,accuracy,20.0,10,/home/sagemaker-user/atma/benchmarks/logs/foveal_cpt/babilong_babilong_direct_ft_polar_local_1c9ef12a33.log
polar_local,babilong,adapted_reasoning,qa5,RMT-team/babilong,16k,,accuracy,30.0,10,/home/sagemaker-user/atma/benchmarks/logs/foveal_cpt/babilong_babilong_direct_ft_polar_local_1c9ef12a33.log
polar_local,babilong,adapted_reasoning,qa5,RMT-team/babilong,1k,,accuracy,50.0,10,/home/sagemaker-user/atma/benchmarks/logs/foveal_cpt/babilong_babilong_direct_ft_polar_local_1c9ef12a33.log
polar_local,babilong,adapted_reasoning,qa5,RMT-team/babilong,256k,,accuracy,20.0,10,/home/sagemaker-user/atma/benchmarks/logs/foveal_cpt/babilong_babilong_direct_ft_polar_local_1c9ef12a33.log
polar_local,babilong,adapted_reasoning,qa5,RMT-team/babilong,2k,,accuracy,60.0,10,/home/sagemaker-user/atma/benchmarks/logs/foveal_cpt/babilong_babilong_direct_ft_polar_local_1c9ef12a33.log
polar_local,babilong,adapted_reasoning,qa5,RMT-team/babilong,32k,,accuracy,40.0,10,/home/sagemaker-user/atma/benchmarks/logs/foveal_cpt/babilong_babilong_direct_ft_polar_local_1c9ef12a33.log
polar_local,babilong,adapted_reasoning,qa5,RMT-team/babilong,4k,,accuracy,80.0,10,/home/sagemaker-user/atma/benchmarks/logs/foveal_cpt/babilong_babilong_direct_ft_polar_local_1c9ef12a33.log
polar_local,babilong,adapted_reasoning,qa5,RMT-team/babilong,64k,,accuracy,20.0,10,/home/sagemaker-user/atma/benchmarks/logs/foveal_cpt/babilong_babilong_direct_ft_polar_local_1c9ef12a33.log
polar_local,babilong,adapted_reasoning,qa5,RMT-team/babilong,8k,,accuracy,40.0,10,/home/sagemaker-user/atma/benchmarks/logs/foveal_cpt/babilong_babilong_direct_ft_polar_local_1c9ef12a33.log
polar_local,base,zero_shot,arc_challenge,,,,accuracy,0.25418060200668896,299,/home/sagemaker-user/atma/benchmarks/logs/foveal_cpt/base_base_zero_shot_polar_local_a41ed98eda.log
polar_local,base,zero_shot,arc_challenge,,,,accuracy_norm,0.2608695652173913,299,/home/sagemaker-user/atma/benchmarks/logs/foveal_cpt/base_base_zero_shot_polar_local_a41ed98eda.log
polar_local,base,zero_shot,arc_easy,,,,accuracy,0.5631578947368421,570,/home/sagemaker-user/atma/benchmarks/logs/foveal_cpt/base_base_zero_shot_polar_local_a41ed98eda.log
polar_local,base,zero_shot,arc_easy,,,,accuracy_norm,0.48771929824561405,570,/home/sagemaker-user/atma/benchmarks/logs/foveal_cpt/base_base_zero_shot_polar_local_a41ed98eda.log
polar_local,base,zero_shot,boolq,,,,accuracy,0.573394495412844,3270,/home/sagemaker-user/atma/benchmarks/logs/foveal_cpt/base_base_zero_shot_polar_local_a41ed98eda.log
polar_local,base,zero_shot,boolq,,,,accuracy_norm,0.573394495412844,3270,/home/sagemaker-user/atma/benchmarks/logs/foveal_cpt/base_base_zero_shot_polar_local_a41ed98eda.log
polar_local,base,zero_shot,hellaswag,,,,accuracy,0.3194582752439753,10042,/home/sagemaker-user/atma/benchmarks/logs/foveal_cpt/base_base_zero_shot_polar_local_a41ed98eda.log
polar_local,base,zero_shot,hellaswag,,,,accuracy_norm,0.3654650468034256,10042,/home/sagemaker-user/atma/benchmarks/logs/foveal_cpt/base_base_zero_shot_polar_local_a41ed98eda.log
polar_local,base,zero_shot,lambada,,,,accuracy,0.2808072967203571,5153,/home/sagemaker-user/atma/benchmarks/logs/foveal_cpt/base_base_zero_shot_polar_local_a41ed98eda.log
polar_local,base,zero_shot,lambada,,,,target_nll,3.2194445137275505,5153,/home/sagemaker-user/atma/benchmarks/logs/foveal_cpt/base_base_zero_shot_polar_local_a41ed98eda.log
polar_local,base,zero_shot,lambada,,,,target_perplexity,25.01422126483791,5153,/home/sagemaker-user/atma/benchmarks/logs/foveal_cpt/base_base_zero_shot_polar_local_a41ed98eda.log
polar_local,base,zero_shot,openbookqa,,,,accuracy,0.218,500,/home/sagemaker-user/atma/benchmarks/logs/foveal_cpt/base_base_zero_shot_polar_local_a41ed98eda.log
polar_local,base,zero_shot,openbookqa,,,,accuracy_norm,0.322,500,/home/sagemaker-user/atma/benchmarks/logs/foveal_cpt/base_base_zero_shot_polar_local_a41ed98eda.log
polar_local,base,zero_shot,piqa,,,,accuracy,0.6637649619151251,1838,/home/sagemaker-user/atma/benchmarks/logs/foveal_cpt/base_base_zero_shot_polar_local_a41ed98eda.log
polar_local,base,zero_shot,piqa,,,,accuracy_norm,0.6681175190424374,1838,/home/sagemaker-user/atma/benchmarks/logs/foveal_cpt/base_base_zero_shot_polar_local_a41ed98eda.log
polar_local,base,zero_shot,winogrande,,,,accuracy,0.5130228887134964,1267,/home/sagemaker-user/atma/benchmarks/logs/foveal_cpt/base_base_zero_shot_polar_local_a41ed98eda.log
polar_local,base,zero_shot,winogrande,,,,accuracy_norm,0.5122336227308603,1267,/home/sagemaker-user/atma/benchmarks/logs/foveal_cpt/base_base_zero_shot_polar_local_a41ed98eda.log
polar_local,longdoc,fixed_target,,codelion/finepdfs-1B,128k,,bits_per_byte,1.0903043261683023,4,/home/sagemaker-user/atma/benchmarks/logs/foveal_cpt/longdoc_longdoc_fixed_target_polar_local_5fffae3a6e.log
polar_local,longdoc,fixed_target,,codelion/finepdfs-1B,128k,,nll_nats_per_token,1.293764278292656,4,/home/sagemaker-user/atma/benchmarks/logs/foveal_cpt/longdoc_longdoc_fixed_target_polar_local_5fffae3a6e.log
polar_local,longdoc,fixed_target,,codelion/finepdfs-1B,128k,,perplexity,3.6464871455650245,4,/home/sagemaker-user/atma/benchmarks/logs/foveal_cpt/longdoc_longdoc_fixed_target_polar_local_5fffae3a6e.log
polar_local,longdoc,fixed_target,,codelion/finepdfs-1B,16k,,bits_per_byte,1.0822356544411713,4,/home/sagemaker-user/atma/benchmarks/logs/foveal_cpt/longdoc_longdoc_fixed_target_polar_local_5fffae3a6e.log
polar_local,longdoc,fixed_target,,codelion/finepdfs-1B,16k,,nll_nats_per_token,1.2841899245977402,4,/home/sagemaker-user/atma/benchmarks/logs/foveal_cpt/longdoc_longdoc_fixed_target_polar_local_5fffae3a6e.log
polar_local,longdoc,fixed_target,,codelion/finepdfs-1B,16k,,perplexity,3.6117409893103836,4,/home/sagemaker-user/atma/benchmarks/logs/foveal_cpt/longdoc_longdoc_fixed_target_polar_local_5fffae3a6e.log
polar_local,longdoc,fixed_target,,codelion/finepdfs-1B,256k,,bits_per_byte,1.084698146184652,4,/home/sagemaker-user/atma/benchmarks/logs/foveal_cpt/longdoc_longdoc_fixed_target_polar_local_5fffae3a6e.log
polar_local,longdoc,fixed_target,,codelion/finepdfs-1B,256k,,nll_nats_per_token,1.2871119379997253,4,/home/sagemaker-user/atma/benchmarks/logs/foveal_cpt/longdoc_longdoc_fixed_target_polar_local_5fffae3a6e.log
polar_local,longdoc,fixed_target,,codelion/finepdfs-1B,256k,,perplexity,3.6223099787300344,4,/home/sagemaker-user/atma/benchmarks/logs/foveal_cpt/longdoc_longdoc_fixed_target_polar_local_5fffae3a6e.log
polar_local,longdoc,fixed_target,,codelion/finepdfs-1B,2k,,bits_per_byte,1.0624346178480142,4,/home/sagemaker-user/atma/benchmarks/logs/foveal_cpt/longdoc_longdoc_fixed_target_polar_local_5fffae3a6e.log
polar_local,longdoc,fixed_target,,codelion/finepdfs-1B,2k,,nll_nats_per_token,1.2606938481330872,4,/home/sagemaker-user/atma/benchmarks/logs/foveal_cpt/longdoc_longdoc_fixed_target_polar_local_5fffae3a6e.log
polar_local,longdoc,fixed_target,,codelion/finepdfs-1B,2k,,perplexity,3.527868443292468,4,/home/sagemaker-user/atma/benchmarks/logs/foveal_cpt/longdoc_longdoc_fixed_target_polar_local_5fffae3a6e.log
polar_local,longdoc,fixed_target,,codelion/finepdfs-1B,32k,,bits_per_byte,1.093551829533149,4,/home/sagemaker-user/atma/benchmarks/logs/foveal_cpt/longdoc_longdoc_fixed_target_polar_local_5fffae3a6e.log
polar_local,longdoc,fixed_target,,codelion/finepdfs-1B,32k,,nll_nats_per_token,1.297617793083191,4,/home/sagemaker-user/atma/benchmarks/logs/foveal_cpt/longdoc_longdoc_fixed_target_polar_local_5fffae3a6e.log
polar_local,longdoc,fixed_target,,codelion/finepdfs-1B,32k,,perplexity,3.6605660469191172,4,/home/sagemaker-user/atma/benchmarks/logs/foveal_cpt/longdoc_longdoc_fixed_target_polar_local_5fffae3a6e.log
polar_local,longdoc,fixed_target,,codelion/finepdfs-1B,4k,,bits_per_byte,1.0602337045546395,4,/home/sagemaker-user/atma/benchmarks/logs/foveal_cpt/longdoc_longdoc_fixed_target_polar_local_5fffae3a6e.log
polar_local,longdoc,fixed_target,,codelion/finepdfs-1B,4k,,nll_nats_per_token,1.2580822259187698,4,/home/sagemaker-user/atma/benchmarks/logs/foveal_cpt/longdoc_longdoc_fixed_target_polar_local_5fffae3a6e.log
polar_local,longdoc,fixed_target,,codelion/finepdfs-1B,4k,,perplexity,3.5186670042679777,4,/home/sagemaker-user/atma/benchmarks/logs/foveal_cpt/longdoc_longdoc_fixed_target_polar_local_5fffae3a6e.log
polar_local,longdoc,fixed_target,,codelion/finepdfs-1B,64k,,bits_per_byte,1.091127802254031,4,/home/sagemaker-user/atma/benchmarks/logs/foveal_cpt/longdoc_longdoc_fixed_target_polar_local_5fffae3a6e.log
polar_local,longdoc,fixed_target,,codelion/finepdfs-1B,64k,,nll_nats_per_token,1.2947414219379425,4,/home/sagemaker-user/atma/benchmarks/logs/foveal_cpt/longdoc_longdoc_fixed_target_polar_local_5fffae3a6e.log
polar_local,longdoc,fixed_target,,codelion/finepdfs-1B,64k,,perplexity,3.650052028724746,4,/home/sagemaker-user/atma/benchmarks/logs/foveal_cpt/longdoc_longdoc_fixed_target_polar_local_5fffae3a6e.log
polar_local,longdoc,fixed_target,,codelion/finepdfs-1B,8k,,bits_per_byte,1.0769876975428658,4,/home/sagemaker-user/atma/benchmarks/logs/foveal_cpt/longdoc_longdoc_fixed_target_polar_local_5fffae3a6e.log
polar_local,longdoc,fixed_target,,codelion/finepdfs-1B,8k,,nll_nats_per_token,1.2779626548290253,4,/home/sagemaker-user/atma/benchmarks/logs/foveal_cpt/longdoc_longdoc_fixed_target_polar_local_5fffae3a6e.log
polar_local,longdoc,fixed_target,,codelion/finepdfs-1B,8k,,perplexity,3.5893195883477866,4,/home/sagemaker-user/atma/benchmarks/logs/foveal_cpt/longdoc_longdoc_fixed_target_polar_local_5fffae3a6e.log
polar_local,longdoc,fixed_target,,emozilla/pg19,128k,,bits_per_byte,1.1427377329509736,4,/home/sagemaker-user/atma/benchmarks/logs/foveal_cpt/longdoc_longdoc_fixed_target_polar_local_5fffae3a6e.log
polar_local,longdoc,fixed_target,,emozilla/pg19,128k,,nll_nats_per_token,3.184585690498352,4,/home/sagemaker-user/atma/benchmarks/logs/foveal_cpt/longdoc_longdoc_fixed_target_polar_local_5fffae3a6e.log
polar_local,longdoc,fixed_target,,emozilla/pg19,128k,,perplexity,24.15727774252915,4,/home/sagemaker-user/atma/benchmarks/logs/foveal_cpt/longdoc_longdoc_fixed_target_polar_local_5fffae3a6e.log
polar_local,longdoc,fixed_target,,emozilla/pg19,16k,,bits_per_byte,1.1431459904389287,4,/home/sagemaker-user/atma/benchmarks/logs/foveal_cpt/longdoc_longdoc_fixed_target_polar_local_5fffae3a6e.log
polar_local,longdoc,fixed_target,,emozilla/pg19,16k,,nll_nats_per_token,3.1857234239578247,4,/home/sagemaker-user/atma/benchmarks/logs/foveal_cpt/longdoc_longdoc_fixed_target_polar_local_5fffae3a6e.log
polar_local,longdoc,fixed_target,,emozilla/pg19,16k,,perplexity,24.184777926679985,4,/home/sagemaker-user/atma/benchmarks/logs/foveal_cpt/longdoc_longdoc_fixed_target_polar_local_5fffae3a6e.log
polar_local,longdoc,fixed_target,,emozilla/pg19,256k,,bits_per_byte,1.1429611752171442,4,/home/sagemaker-user/atma/benchmarks/logs/foveal_cpt/longdoc_longdoc_fixed_target_polar_local_5fffae3a6e.log
polar_local,longdoc,fixed_target,,emozilla/pg19,256k,,nll_nats_per_token,3.1852083802223206,4,/home/sagemaker-user/atma/benchmarks/logs/foveal_cpt/longdoc_longdoc_fixed_target_polar_local_5fffae3a6e.log
polar_local,longdoc,fixed_target,,emozilla/pg19,256k,,perplexity,24.172324915512267,4,/home/sagemaker-user/atma/benchmarks/logs/foveal_cpt/longdoc_longdoc_fixed_target_polar_local_5fffae3a6e.log
polar_local,longdoc,fixed_target,,emozilla/pg19,2k,,bits_per_byte,1.1476645204932996,4,/home/sagemaker-user/atma/benchmarks/logs/foveal_cpt/longdoc_longdoc_fixed_target_polar_local_5fffae3a6e.log
polar_local,longdoc,fixed_target,,emozilla/pg19,2k,,nll_nats_per_token,3.198315680027008,4,/home/sagemaker-user/atma/benchmarks/logs/foveal_cpt/longdoc_longdoc_fixed_target_polar_local_5fffae3a6e.log
polar_local,longdoc,fixed_target,,emozilla/pg19,2k,,perplexity,24.491244345562944,4,/home/sagemaker-user/atma/benchmarks/logs/foveal_cpt/longdoc_longdoc_fixed_target_polar_local_5fffae3a6e.log
polar_local,longdoc,fixed_target,,emozilla/pg19,32k,,bits_per_byte,1.1424333578298982,4,/home/sagemaker-user/atma/benchmarks/logs/foveal_cpt/longdoc_longdoc_fixed_target_polar_local_5fffae3a6e.log
polar_local,longdoc,fixed_target,,emozilla/pg19,32k,,nll_nats_per_token,3.1837374567985535,4,/home/sagemaker-user/atma/benchmarks/logs/foveal_cpt/longdoc_longdoc_fixed_target_polar_local_5fffae3a6e.log
polar_local,longdoc,fixed_target,,emozilla/pg19,32k,,perplexity,24.13679541358146,4,/home/sagemaker-user/atma/benchmarks/logs/foveal_cpt/longdoc_longdoc_fixed_target_polar_local_5fffae3a6e.log
polar_local,longdoc,fixed_target,,emozilla/pg19,4k,,bits_per_byte,1.1469898305070496,4,/home/sagemaker-user/atma/benchmarks/logs/foveal_cpt/longdoc_longdoc_fixed_target_polar_local_5fffae3a6e.log
polar_local,longdoc,fixed_target,,emozilla/pg19,4k,,nll_nats_per_token,3.1964354515075684,4,/home/sagemaker-user/atma/benchmarks/logs/foveal_cpt/longdoc_longdoc_fixed_target_polar_local_5fffae3a6e.log
polar_local,longdoc,fixed_target,,emozilla/pg19,4k,,perplexity,24.445238473797485,4,/home/sagemaker-user/atma/benchmarks/logs/foveal_cpt/longdoc_longdoc_fixed_target_polar_local_5fffae3a6e.log
polar_local,longdoc,fixed_target,,emozilla/pg19,64k,,bits_per_byte,1.142444608010046,4,/home/sagemaker-user/atma/benchmarks/logs/foveal_cpt/longdoc_longdoc_fixed_target_polar_local_5fffae3a6e.log
polar_local,longdoc,fixed_target,,emozilla/pg19,64k,,nll_nats_per_token,3.1837688088417053,4,/home/sagemaker-user/atma/benchmarks/logs/foveal_cpt/longdoc_longdoc_fixed_target_polar_local_5fffae3a6e.log
polar_local,longdoc,fixed_target,,emozilla/pg19,64k,,perplexity,24.137552163295577,4,/home/sagemaker-user/atma/benchmarks/logs/foveal_cpt/longdoc_longdoc_fixed_target_polar_local_5fffae3a6e.log
polar_local,longdoc,fixed_target,,emozilla/pg19,8k,,bits_per_byte,1.142632717010809,4,/home/sagemaker-user/atma/benchmarks/logs/foveal_cpt/longdoc_longdoc_fixed_target_polar_local_5fffae3a6e.log
polar_local,longdoc,fixed_target,,emozilla/pg19,8k,,nll_nats_per_token,3.184293031692505,4,/home/sagemaker-user/atma/benchmarks/logs/foveal_cpt/longdoc_longdoc_fixed_target_polar_local_5fffae3a6e.log
polar_local,longdoc,fixed_target,,emozilla/pg19,8k,,perplexity,24.150208936897062,4,/home/sagemaker-user/atma/benchmarks/logs/foveal_cpt/longdoc_longdoc_fixed_target_polar_local_5fffae3a6e.log
polar_local,longdoc,fixed_target,,hoskinson-center/proof-pile,128k,,bits_per_byte,2.129172447977376,4,/home/sagemaker-user/atma/benchmarks/logs/foveal_cpt/longdoc_longdoc_fixed_target_polar_local_5fffae3a6e.log
polar_local,longdoc,fixed_target,,hoskinson-center/proof-pile,128k,,nll_nats_per_token,3.980705201625824,4,/home/sagemaker-user/atma/benchmarks/logs/foveal_cpt/longdoc_longdoc_fixed_target_polar_local_5fffae3a6e.log
polar_local,longdoc,fixed_target,,hoskinson-center/proof-pile,128k,,perplexity,53.554787837426616,4,/home/sagemaker-user/atma/benchmarks/logs/foveal_cpt/longdoc_longdoc_fixed_target_polar_local_5fffae3a6e.log
polar_local,longdoc,fixed_target,,hoskinson-center/proof-pile,16k,,bits_per_byte,2.132215482351281,4,/home/sagemaker-user/atma/benchmarks/logs/foveal_cpt/longdoc_longdoc_fixed_target_polar_local_5fffae3a6e.log
polar_local,longdoc,fixed_target,,hoskinson-center/proof-pile,16k,,nll_nats_per_token,3.986394464969635,4,/home/sagemaker-user/atma/benchmarks/logs/foveal_cpt/longdoc_longdoc_fixed_target_polar_local_5fffae3a6e.log
polar_local,longdoc,fixed_target,,hoskinson-center/proof-pile,16k,,perplexity,53.860343497887115,4,/home/sagemaker-user/atma/benchmarks/logs/foveal_cpt/longdoc_longdoc_fixed_target_polar_local_5fffae3a6e.log
polar_local,longdoc,fixed_target,,hoskinson-center/proof-pile,256k,,bits_per_byte,2.1302951985435974,4,/home/sagemaker-user/atma/benchmarks/logs/foveal_cpt/longdoc_longdoc_fixed_target_polar_local_5fffae3a6e.log
polar_local,longdoc,fixed_target,,hoskinson-center/proof-pile,256k,,nll_nats_per_token,3.982804298400879,4,/home/sagemaker-user/atma/benchmarks/logs/foveal_cpt/longdoc_longdoc_fixed_target_polar_local_5fffae3a6e.log
polar_local,longdoc,fixed_target,,hoskinson-center/proof-pile,256k,,perplexity,53.66732258921124,4,/home/sagemaker-user/atma/benchmarks/logs/foveal_cpt/longdoc_longdoc_fixed_target_polar_local_5fffae3a6e.log
polar_local,longdoc,fixed_target,,hoskinson-center/proof-pile,2k,,bits_per_byte,2.12999542219768,4,/home/sagemaker-user/atma/benchmarks/logs/foveal_cpt/longdoc_longdoc_fixed_target_polar_local_5fffae3a6e.log
polar_local,longdoc,fixed_target,,hoskinson-center/proof-pile,2k,,nll_nats_per_token,3.982243835926056,4,/home/sagemaker-user/atma/benchmarks/logs/foveal_cpt/longdoc_longdoc_fixed_target_polar_local_5fffae3a6e.log
polar_local,longdoc,fixed_target,,hoskinson-center/proof-pile,2k,,perplexity,53.63725249614228,4,/home/sagemaker-user/atma/benchmarks/logs/foveal_cpt/longdoc_longdoc_fixed_target_polar_local_5fffae3a6e.log
polar_local,longdoc,fixed_target,,hoskinson-center/proof-pile,32k,,bits_per_byte,2.13207020097211,4,/home/sagemaker-user/atma/benchmarks/logs/foveal_cpt/longdoc_longdoc_fixed_target_polar_local_5fffae3a6e.log
polar_local,longdoc,fixed_target,,hoskinson-center/proof-pile,32k,,nll_nats_per_token,3.9861228466033936,4,/home/sagemaker-user/atma/benchmarks/logs/foveal_cpt/longdoc_longdoc_fixed_target_polar_local_5fffae3a6e.log
polar_local,longdoc,fixed_target,,hoskinson-center/proof-pile,32k,,perplexity,53.84571602601595,4,/home/sagemaker-user/atma/benchmarks/logs/foveal_cpt/longdoc_longdoc_fixed_target_polar_local_5fffae3a6e.log
polar_local,longdoc,fixed_target,,hoskinson-center/proof-pile,4k,,bits_per_byte,2.1262520276443513,4,/home/sagemaker-user/atma/benchmarks/logs/foveal_cpt/longdoc_longdoc_fixed_target_polar_local_5fffae3a6e.log
polar_local,longdoc,fixed_target,,hoskinson-center/proof-pile,4k,,nll_nats_per_token,3.975245177745819,4,/home/sagemaker-user/atma/benchmarks/logs/foveal_cpt/longdoc_longdoc_fixed_target_polar_local_5fffae3a6e.log
polar_local,longdoc,fixed_target,,hoskinson-center/proof-pile,4k,,perplexity,53.263174249982875,4,/home/sagemaker-user/atma/benchmarks/logs/foveal_cpt/longdoc_longdoc_fixed_target_polar_local_5fffae3a6e.log
polar_local,longdoc,fixed_target,,hoskinson-center/proof-pile,64k,,bits_per_byte,2.130451925175154,4,/home/sagemaker-user/atma/benchmarks/logs/foveal_cpt/longdoc_longdoc_fixed_target_polar_local_5fffae3a6e.log
polar_local,longdoc,fixed_target,,hoskinson-center/proof-pile,64k,,nll_nats_per_token,3.9830973148345947,4,/home/sagemaker-user/atma/benchmarks/logs/foveal_cpt/longdoc_longdoc_fixed_target_polar_local_5fffae3a6e.log
polar_local,longdoc,fixed_target,,hoskinson-center/proof-pile,64k,,perplexity,53.68305030080985,4,/home/sagemaker-user/atma/benchmarks/logs/foveal_cpt/longdoc_longdoc_fixed_target_polar_local_5fffae3a6e.log
polar_local,longdoc,fixed_target,,hoskinson-center/proof-pile,8k,,bits_per_byte,2.1323656733930356,4,/home/sagemaker-user/atma/benchmarks/logs/foveal_cpt/longdoc_longdoc_fixed_target_polar_local_5fffae3a6e.log
polar_local,longdoc,fixed_target,,hoskinson-center/proof-pile,8k,,nll_nats_per_token,3.986675262451172,4,/home/sagemaker-user/atma/benchmarks/logs/foveal_cpt/longdoc_longdoc_fixed_target_polar_local_5fffae3a6e.log
polar_local,longdoc,fixed_target,,hoskinson-center/proof-pile,8k,,perplexity,53.87546947026412,4,/home/sagemaker-user/atma/benchmarks/logs/foveal_cpt/longdoc_longdoc_fixed_target_polar_local_5fffae3a6e.log
polar_local,retrieval,synthetic,niah,synthetic-filler,128k,0.1,exact_match,0.0,10,/home/sagemaker-user/atma/benchmarks/logs/foveal_cpt/retrieval_retrieval_synthetic_polar_local_9f1c3b747a.log
polar_local,retrieval,synthetic,niah,synthetic-filler,128k,0.1,nll_nats_per_token,4.571627426147461,10,/home/sagemaker-user/atma/benchmarks/logs/foveal_cpt/retrieval_retrieval_synthetic_polar_local_9f1c3b747a.log
polar_local,retrieval,synthetic,niah,synthetic-filler,128k,0.1,token_accuracy,0.0,10,/home/sagemaker-user/atma/benchmarks/logs/foveal_cpt/retrieval_retrieval_synthetic_polar_local_9f1c3b747a.log
polar_local,retrieval,synthetic,niah,synthetic-filler,128k,0.5,exact_match,0.0,10,/home/sagemaker-user/atma/benchmarks/logs/foveal_cpt/retrieval_retrieval_synthetic_polar_local_9f1c3b747a.log
polar_local,retrieval,synthetic,niah,synthetic-filler,128k,0.5,nll_nats_per_token,4.5832649612426755,10,/home/sagemaker-user/atma/benchmarks/logs/foveal_cpt/retrieval_retrieval_synthetic_polar_local_9f1c3b747a.log
polar_local,retrieval,synthetic,niah,synthetic-filler,128k,0.5,token_accuracy,0.0,10,/home/sagemaker-user/atma/benchmarks/logs/foveal_cpt/retrieval_retrieval_synthetic_polar_local_9f1c3b747a.log
polar_local,retrieval,synthetic,niah,synthetic-filler,128k,0.9,exact_match,0.0,10,/home/sagemaker-user/atma/benchmarks/logs/foveal_cpt/retrieval_retrieval_synthetic_polar_local_9f1c3b747a.log
polar_local,retrieval,synthetic,niah,synthetic-filler,128k,0.9,nll_nats_per_token,4.345346260070801,10,/home/sagemaker-user/atma/benchmarks/logs/foveal_cpt/retrieval_retrieval_synthetic_polar_local_9f1c3b747a.log
polar_local,retrieval,synthetic,niah,synthetic-filler,128k,0.9,token_accuracy,0.0,10,/home/sagemaker-user/atma/benchmarks/logs/foveal_cpt/retrieval_retrieval_synthetic_polar_local_9f1c3b747a.log
polar_local,retrieval,synthetic,niah,synthetic-filler,16k,0.1,exact_match,0.0,10,/home/sagemaker-user/atma/benchmarks/logs/foveal_cpt/retrieval_retrieval_synthetic_polar_local_5625096f8a.log
polar_local,retrieval,synthetic,niah,synthetic-filler,16k,0.1,exact_match,0.0,10,/home/sagemaker-user/atma/benchmarks/logs/foveal_cpt/retrieval_retrieval_synthetic_polar_local_9f1c3b747a.log
polar_local,retrieval,synthetic,niah,synthetic-filler,16k,0.1,nll_nats_per_token,4.429328651428222,10,/home/sagemaker-user/atma/benchmarks/logs/foveal_cpt/retrieval_retrieval_synthetic_polar_local_5625096f8a.log
polar_local,retrieval,synthetic,niah,synthetic-filler,16k,0.1,nll_nats_per_token,4.429328651428222,10,/home/sagemaker-user/atma/benchmarks/logs/foveal_cpt/retrieval_retrieval_synthetic_polar_local_9f1c3b747a.log
polar_local,retrieval,synthetic,niah,synthetic-filler,16k,0.1,token_accuracy,0.0,10,/home/sagemaker-user/atma/benchmarks/logs/foveal_cpt/retrieval_retrieval_synthetic_polar_local_5625096f8a.log
polar_local,retrieval,synthetic,niah,synthetic-filler,16k,0.1,token_accuracy,0.0,10,/home/sagemaker-user/atma/benchmarks/logs/foveal_cpt/retrieval_retrieval_synthetic_polar_local_9f1c3b747a.log
polar_local,retrieval,synthetic,niah,synthetic-filler,16k,0.5,exact_match,0.0,10,/home/sagemaker-user/atma/benchmarks/logs/foveal_cpt/retrieval_retrieval_synthetic_polar_local_5625096f8a.log
polar_local,retrieval,synthetic,niah,synthetic-filler,16k,0.5,exact_match,0.0,10,/home/sagemaker-user/atma/benchmarks/logs/foveal_cpt/retrieval_retrieval_synthetic_polar_local_9f1c3b747a.log
polar_local,retrieval,synthetic,niah,synthetic-filler,16k,0.5,nll_nats_per_token,4.315569076538086,10,/home/sagemaker-user/atma/benchmarks/logs/foveal_cpt/retrieval_retrieval_synthetic_polar_local_5625096f8a.log
polar_local,retrieval,synthetic,niah,synthetic-filler,16k,0.5,nll_nats_per_token,4.315569076538086,10,/home/sagemaker-user/atma/benchmarks/logs/foveal_cpt/retrieval_retrieval_synthetic_polar_local_9f1c3b747a.log
polar_local,retrieval,synthetic,niah,synthetic-filler,16k,0.5,token_accuracy,0.0,10,/home/sagemaker-user/atma/benchmarks/logs/foveal_cpt/retrieval_retrieval_synthetic_polar_local_5625096f8a.log
polar_local,retrieval,synthetic,niah,synthetic-filler,16k,0.5,token_accuracy,0.0,10,/home/sagemaker-user/atma/benchmarks/logs/foveal_cpt/retrieval_retrieval_synthetic_polar_local_9f1c3b747a.log
polar_local,retrieval,synthetic,niah,synthetic-filler,16k,0.9,exact_match,0.0,10,/home/sagemaker-user/atma/benchmarks/logs/foveal_cpt/retrieval_retrieval_synthetic_polar_local_5625096f8a.log
polar_local,retrieval,synthetic,niah,synthetic-filler,16k,0.9,exact_match,0.0,10,/home/sagemaker-user/atma/benchmarks/logs/foveal_cpt/retrieval_retrieval_synthetic_polar_local_9f1c3b747a.log
polar_local,retrieval,synthetic,niah,synthetic-filler,16k,0.9,nll_nats_per_token,4.136026268005371,10,/home/sagemaker-user/atma/benchmarks/logs/foveal_cpt/retrieval_retrieval_synthetic_polar_local_5625096f8a.log
polar_local,retrieval,synthetic,niah,synthetic-filler,16k,0.9,nll_nats_per_token,4.136026268005371,10,/home/sagemaker-user/atma/benchmarks/logs/foveal_cpt/retrieval_retrieval_synthetic_polar_local_9f1c3b747a.log
polar_local,retrieval,synthetic,niah,synthetic-filler,16k,0.9,token_accuracy,0.0,10,/home/sagemaker-user/atma/benchmarks/logs/foveal_cpt/retrieval_retrieval_synthetic_polar_local_5625096f8a.log
polar_local,retrieval,synthetic,niah,synthetic-filler,16k,0.9,token_accuracy,0.0,10,/home/sagemaker-user/atma/benchmarks/logs/foveal_cpt/retrieval_retrieval_synthetic_polar_local_9f1c3b747a.log
polar_local,retrieval,synthetic,niah,synthetic-filler,256k,0.1,exact_match,0.0,10,/home/sagemaker-user/atma/benchmarks/logs/foveal_cpt/retrieval_retrieval_synthetic_polar_local_9f1c3b747a.log
polar_local,retrieval,synthetic,niah,synthetic-filler,256k,0.1,nll_nats_per_token,4.699113426208496,10,/home/sagemaker-user/atma/benchmarks/logs/foveal_cpt/retrieval_retrieval_synthetic_polar_local_9f1c3b747a.log
polar_local,retrieval,synthetic,niah,synthetic-filler,256k,0.1,token_accuracy,0.0,10,/home/sagemaker-user/atma/benchmarks/logs/foveal_cpt/retrieval_retrieval_synthetic_polar_local_9f1c3b747a.log
polar_local,retrieval,synthetic,niah,synthetic-filler,256k,0.5,exact_match,0.0,10,/home/sagemaker-user/atma/benchmarks/logs/foveal_cpt/retrieval_retrieval_synthetic_polar_local_9f1c3b747a.log
polar_local,retrieval,synthetic,niah,synthetic-filler,256k,0.5,nll_nats_per_token,4.694107894897461,10,/home/sagemaker-user/atma/benchmarks/logs/foveal_cpt/retrieval_retrieval_synthetic_polar_local_9f1c3b747a.log
polar_local,retrieval,synthetic,niah,synthetic-filler,256k,0.5,token_accuracy,0.0,10,/home/sagemaker-user/atma/benchmarks/logs/foveal_cpt/retrieval_retrieval_synthetic_polar_local_9f1c3b747a.log
polar_local,retrieval,synthetic,niah,synthetic-filler,256k,0.9,exact_match,0.0,10,/home/sagemaker-user/atma/benchmarks/logs/foveal_cpt/retrieval_retrieval_synthetic_polar_local_9f1c3b747a.log
polar_local,retrieval,synthetic,niah,synthetic-filler,256k,0.9,nll_nats_per_token,4.554099273681641,10,/home/sagemaker-user/atma/benchmarks/logs/foveal_cpt/retrieval_retrieval_synthetic_polar_local_9f1c3b747a.log
polar_local,retrieval,synthetic,niah,synthetic-filler,256k,0.9,token_accuracy,0.0,10,/home/sagemaker-user/atma/benchmarks/logs/foveal_cpt/retrieval_retrieval_synthetic_polar_local_9f1c3b747a.log
polar_local,retrieval,synthetic,niah,synthetic-filler,2k,0.1,exact_match,0.0,10,/home/sagemaker-user/atma/benchmarks/logs/foveal_cpt/retrieval_retrieval_synthetic_polar_local_5625096f8a.log
polar_local,retrieval,synthetic,niah,synthetic-filler,2k,0.1,exact_match,0.0,10,/home/sagemaker-user/atma/benchmarks/logs/foveal_cpt/retrieval_retrieval_synthetic_polar_local_9f1c3b747a.log
polar_local,retrieval,synthetic,niah,synthetic-filler,2k,0.1,nll_nats_per_token,3.9388068389892577,10,/home/sagemaker-user/atma/benchmarks/logs/foveal_cpt/retrieval_retrieval_synthetic_polar_local_5625096f8a.log
polar_local,retrieval,synthetic,niah,synthetic-filler,2k,0.1,nll_nats_per_token,3.9388068389892577,10,/home/sagemaker-user/atma/benchmarks/logs/foveal_cpt/retrieval_retrieval_synthetic_polar_local_9f1c3b747a.log
polar_local,retrieval,synthetic,niah,synthetic-filler,2k,0.1,token_accuracy,0.0,10,/home/sagemaker-user/atma/benchmarks/logs/foveal_cpt/retrieval_retrieval_synthetic_polar_local_5625096f8a.log
polar_local,retrieval,synthetic,niah,synthetic-filler,2k,0.1,token_accuracy,0.0,10,/home/sagemaker-user/atma/benchmarks/logs/foveal_cpt/retrieval_retrieval_synthetic_polar_local_9f1c3b747a.log
polar_local,retrieval,synthetic,niah,synthetic-filler,2k,0.5,exact_match,0.0,10,/home/sagemaker-user/atma/benchmarks/logs/foveal_cpt/retrieval_retrieval_synthetic_polar_local_5625096f8a.log
polar_local,retrieval,synthetic,niah,synthetic-filler,2k,0.5,exact_match,0.0,10,/home/sagemaker-user/atma/benchmarks/logs/foveal_cpt/retrieval_retrieval_synthetic_polar_local_9f1c3b747a.log
polar_local,retrieval,synthetic,niah,synthetic-filler,2k,0.5,exact_match,0.0,2,/home/sagemaker-user/atma/benchmarks/logs/foveal_cpt/smoke_retrieval_synthetic_polar_local_908b8fa289.log
polar_local,retrieval,synthetic,niah,synthetic-filler,2k,0.5,exact_match,0.0,5,/home/sagemaker-user/atma/benchmarks/logs/foveal_cpt/smoke_retrieval_synthetic_polar_local_bce066bf56.log
polar_local,retrieval,synthetic,niah,synthetic-filler,2k,0.5,nll_nats_per_token,3.8263982772827148,10,/home/sagemaker-user/atma/benchmarks/logs/foveal_cpt/retrieval_retrieval_synthetic_polar_local_5625096f8a.log
polar_local,retrieval,synthetic,niah,synthetic-filler,2k,0.5,nll_nats_per_token,3.8263982772827148,10,/home/sagemaker-user/atma/benchmarks/logs/foveal_cpt/retrieval_retrieval_synthetic_polar_local_9f1c3b747a.log
polar_local,retrieval,synthetic,niah,synthetic-filler,2k,0.5,nll_nats_per_token,3.9026260375976562,2,/home/sagemaker-user/atma/benchmarks/logs/foveal_cpt/smoke_retrieval_synthetic_polar_local_908b8fa289.log
polar_local,retrieval,synthetic,niah,synthetic-filler,2k,0.5,nll_nats_per_token,3.9210887145996094,5,/home/sagemaker-user/atma/benchmarks/logs/foveal_cpt/smoke_retrieval_synthetic_polar_local_bce066bf56.log
polar_local,retrieval,synthetic,niah,synthetic-filler,2k,0.5,token_accuracy,0.0,10,/home/sagemaker-user/atma/benchmarks/logs/foveal_cpt/retrieval_retrieval_synthetic_polar_local_5625096f8a.log
polar_local,retrieval,synthetic,niah,synthetic-filler,2k,0.5,token_accuracy,0.0,10,/home/sagemaker-user/atma/benchmarks/logs/foveal_cpt/retrieval_retrieval_synthetic_polar_local_9f1c3b747a.log
polar_local,retrieval,synthetic,niah,synthetic-filler,2k,0.5,token_accuracy,0.0,2,/home/sagemaker-user/atma/benchmarks/logs/foveal_cpt/smoke_retrieval_synthetic_polar_local_908b8fa289.log
polar_local,retrieval,synthetic,niah,synthetic-filler,2k,0.5,token_accuracy,0.0,5,/home/sagemaker-user/atma/benchmarks/logs/foveal_cpt/smoke_retrieval_synthetic_polar_local_bce066bf56.log
polar_local,retrieval,synthetic,niah,synthetic-filler,2k,0.9,exact_match,90.0,10,/home/sagemaker-user/atma/benchmarks/logs/foveal_cpt/retrieval_retrieval_synthetic_polar_local_5625096f8a.log
polar_local,retrieval,synthetic,niah,synthetic-filler,2k,0.9,exact_match,90.0,10,/home/sagemaker-user/atma/benchmarks/logs/foveal_cpt/retrieval_retrieval_synthetic_polar_local_9f1c3b747a.log
polar_local,retrieval,synthetic,niah,synthetic-filler,2k,0.9,nll_nats_per_token,0.4588362169265747,10,/home/sagemaker-user/atma/benchmarks/logs/foveal_cpt/retrieval_retrieval_synthetic_polar_local_5625096f8a.log
polar_local,retrieval,synthetic,niah,synthetic-filler,2k,0.9,nll_nats_per_token,0.4588362169265747,10,/home/sagemaker-user/atma/benchmarks/logs/foveal_cpt/retrieval_retrieval_synthetic_polar_local_9f1c3b747a.log
polar_local,retrieval,synthetic,niah,synthetic-filler,2k,0.9,token_accuracy,98.0,10,/home/sagemaker-user/atma/benchmarks/logs/foveal_cpt/retrieval_retrieval_synthetic_polar_local_5625096f8a.log
polar_local,retrieval,synthetic,niah,synthetic-filler,2k,0.9,token_accuracy,98.0,10,/home/sagemaker-user/atma/benchmarks/logs/foveal_cpt/retrieval_retrieval_synthetic_polar_local_9f1c3b747a.log
polar_local,retrieval,synthetic,niah,synthetic-filler,32k,0.1,exact_match,0.0,10,/home/sagemaker-user/atma/benchmarks/logs/foveal_cpt/retrieval_retrieval_synthetic_polar_local_5625096f8a.log
polar_local,retrieval,synthetic,niah,synthetic-filler,32k,0.1,exact_match,0.0,10,/home/sagemaker-user/atma/benchmarks/logs/foveal_cpt/retrieval_retrieval_synthetic_polar_local_9f1c3b747a.log
polar_local,retrieval,synthetic,niah,synthetic-filler,32k,0.1,nll_nats_per_token,4.559218444824219,10,/home/sagemaker-user/atma/benchmarks/logs/foveal_cpt/retrieval_retrieval_synthetic_polar_local_5625096f8a.log
polar_local,retrieval,synthetic,niah,synthetic-filler,32k,0.1,nll_nats_per_token,4.559218444824219,10,/home/sagemaker-user/atma/benchmarks/logs/foveal_cpt/retrieval_retrieval_synthetic_polar_local_9f1c3b747a.log
polar_local,retrieval,synthetic,niah,synthetic-filler,32k,0.1,token_accuracy,0.0,10,/home/sagemaker-user/atma/benchmarks/logs/foveal_cpt/retrieval_retrieval_synthetic_polar_local_5625096f8a.log
polar_local,retrieval,synthetic,niah,synthetic-filler,32k,0.1,token_accuracy,0.0,10,/home/sagemaker-user/atma/benchmarks/logs/foveal_cpt/retrieval_retrieval_synthetic_polar_local_9f1c3b747a.log
polar_local,retrieval,synthetic,niah,synthetic-filler,32k,0.5,exact_match,0.0,10,/home/sagemaker-user/atma/benchmarks/logs/foveal_cpt/retrieval_retrieval_synthetic_polar_local_5625096f8a.log
polar_local,retrieval,synthetic,niah,synthetic-filler,32k,0.5,exact_match,0.0,10,/home/sagemaker-user/atma/benchmarks/logs/foveal_cpt/retrieval_retrieval_synthetic_polar_local_9f1c3b747a.log
polar_local,retrieval,synthetic,niah,synthetic-filler,32k,0.5,nll_nats_per_token,4.465793685913086,10,/home/sagemaker-user/atma/benchmarks/logs/foveal_cpt/retrieval_retrieval_synthetic_polar_local_5625096f8a.log
polar_local,retrieval,synthetic,niah,synthetic-filler,32k,0.5,nll_nats_per_token,4.465793685913086,10,/home/sagemaker-user/atma/benchmarks/logs/foveal_cpt/retrieval_retrieval_synthetic_polar_local_9f1c3b747a.log
polar_local,retrieval,synthetic,niah,synthetic-filler,32k,0.5,token_accuracy,0.0,10,/home/sagemaker-user/atma/benchmarks/logs/foveal_cpt/retrieval_retrieval_synthetic_polar_local_5625096f8a.log
polar_local,retrieval,synthetic,niah,synthetic-filler,32k,0.5,token_accuracy,0.0,10,/home/sagemaker-user/atma/benchmarks/logs/foveal_cpt/retrieval_retrieval_synthetic_polar_local_9f1c3b747a.log
polar_local,retrieval,synthetic,niah,synthetic-filler,32k,0.9,exact_match,0.0,10,/home/sagemaker-user/atma/benchmarks/logs/foveal_cpt/retrieval_retrieval_synthetic_polar_local_5625096f8a.log
polar_local,retrieval,synthetic,niah,synthetic-filler,32k,0.9,exact_match,0.0,10,/home/sagemaker-user/atma/benchmarks/logs/foveal_cpt/retrieval_retrieval_synthetic_polar_local_9f1c3b747a.log
polar_local,retrieval,synthetic,niah,synthetic-filler,32k,0.9,nll_nats_per_token,4.279856872558594,10,/home/sagemaker-user/atma/benchmarks/logs/foveal_cpt/retrieval_retrieval_synthetic_polar_local_5625096f8a.log
polar_local,retrieval,synthetic,niah,synthetic-filler,32k,0.9,nll_nats_per_token,4.279856872558594,10,/home/sagemaker-user/atma/benchmarks/logs/foveal_cpt/retrieval_retrieval_synthetic_polar_local_9f1c3b747a.log
polar_local,retrieval,synthetic,niah,synthetic-filler,32k,0.9,token_accuracy,0.0,10,/home/sagemaker-user/atma/benchmarks/logs/foveal_cpt/retrieval_retrieval_synthetic_polar_local_5625096f8a.log
polar_local,retrieval,synthetic,niah,synthetic-filler,32k,0.9,token_accuracy,0.0,10,/home/sagemaker-user/atma/benchmarks/logs/foveal_cpt/retrieval_retrieval_synthetic_polar_local_9f1c3b747a.log
polar_local,retrieval,synthetic,niah,synthetic-filler,4k,0.1,exact_match,0.0,10,/home/sagemaker-user/atma/benchmarks/logs/foveal_cpt/retrieval_retrieval_synthetic_polar_local_5625096f8a.log
polar_local,retrieval,synthetic,niah,synthetic-filler,4k,0.1,exact_match,0.0,10,/home/sagemaker-user/atma/benchmarks/logs/foveal_cpt/retrieval_retrieval_synthetic_polar_local_9f1c3b747a.log
polar_local,retrieval,synthetic,niah,synthetic-filler,4k,0.1,nll_nats_per_token,3.9673206329345705,10,/home/sagemaker-user/atma/benchmarks/logs/foveal_cpt/retrieval_retrieval_synthetic_polar_local_5625096f8a.log
polar_local,retrieval,synthetic,niah,synthetic-filler,4k,0.1,nll_nats_per_token,3.9673206329345705,10,/home/sagemaker-user/atma/benchmarks/logs/foveal_cpt/retrieval_retrieval_synthetic_polar_local_9f1c3b747a.log
polar_local,retrieval,synthetic,niah,synthetic-filler,4k,0.1,token_accuracy,0.0,10,/home/sagemaker-user/atma/benchmarks/logs/foveal_cpt/retrieval_retrieval_synthetic_polar_local_5625096f8a.log
polar_local,retrieval,synthetic,niah,synthetic-filler,4k,0.1,token_accuracy,0.0,10,/home/sagemaker-user/atma/benchmarks/logs/foveal_cpt/retrieval_retrieval_synthetic_polar_local_9f1c3b747a.log
polar_local,retrieval,synthetic,niah,synthetic-filler,4k,0.5,exact_match,0.0,10,/home/sagemaker-user/atma/benchmarks/logs/foveal_cpt/retrieval_retrieval_synthetic_polar_local_5625096f8a.log
polar_local,retrieval,synthetic,niah,synthetic-filler,4k,0.5,exact_match,0.0,10,/home/sagemaker-user/atma/benchmarks/logs/foveal_cpt/retrieval_retrieval_synthetic_polar_local_9f1c3b747a.log
polar_local,retrieval,synthetic,niah,synthetic-filler,4k,0.5,nll_nats_per_token,3.9406660079956053,10,/home/sagemaker-user/atma/benchmarks/logs/foveal_cpt/retrieval_retrieval_synthetic_polar_local_5625096f8a.log
polar_local,retrieval,synthetic,niah,synthetic-filler,4k,0.5,nll_nats_per_token,3.9406660079956053,10,/home/sagemaker-user/atma/benchmarks/logs/foveal_cpt/retrieval_retrieval_synthetic_polar_local_9f1c3b747a.log
polar_local,retrieval,synthetic,niah,synthetic-filler,4k,0.5,token_accuracy,0.0,10,/home/sagemaker-user/atma/benchmarks/logs/foveal_cpt/retrieval_retrieval_synthetic_polar_local_5625096f8a.log
polar_local,retrieval,synthetic,niah,synthetic-filler,4k,0.5,token_accuracy,0.0,10,/home/sagemaker-user/atma/benchmarks/logs/foveal_cpt/retrieval_retrieval_synthetic_polar_local_9f1c3b747a.log
polar_local,retrieval,synthetic,niah,synthetic-filler,4k,0.9,exact_match,100.0,10,/home/sagemaker-user/atma/benchmarks/logs/foveal_cpt/retrieval_retrieval_synthetic_polar_local_5625096f8a.log
polar_local,retrieval,synthetic,niah,synthetic-filler,4k,0.9,exact_match,100.0,10,/home/sagemaker-user/atma/benchmarks/logs/foveal_cpt/retrieval_retrieval_synthetic_polar_local_9f1c3b747a.log
polar_local,retrieval,synthetic,niah,synthetic-filler,4k,0.9,nll_nats_per_token,0.3742063498497009,10,/home/sagemaker-user/atma/benchmarks/logs/foveal_cpt/retrieval_retrieval_synthetic_polar_local_5625096f8a.log
polar_local,retrieval,synthetic,niah,synthetic-filler,4k,0.9,nll_nats_per_token,0.3742063498497009,10,/home/sagemaker-user/atma/benchmarks/logs/foveal_cpt/retrieval_retrieval_synthetic_polar_local_9f1c3b747a.log
polar_local,retrieval,synthetic,niah,synthetic-filler,4k,0.9,token_accuracy,100.0,10,/home/sagemaker-user/atma/benchmarks/logs/foveal_cpt/retrieval_retrieval_synthetic_polar_local_5625096f8a.log
polar_local,retrieval,synthetic,niah,synthetic-filler,4k,0.9,token_accuracy,100.0,10,/home/sagemaker-user/atma/benchmarks/logs/foveal_cpt/retrieval_retrieval_synthetic_polar_local_9f1c3b747a.log
polar_local,retrieval,synthetic,niah,synthetic-filler,64k,0.1,exact_match,0.0,10,/home/sagemaker-user/atma/benchmarks/logs/foveal_cpt/retrieval_retrieval_synthetic_polar_local_9f1c3b747a.log
polar_local,retrieval,synthetic,niah,synthetic-filler,64k,0.1,nll_nats_per_token,4.555920333862304,10,/home/sagemaker-user/atma/benchmarks/logs/foveal_cpt/retrieval_retrieval_synthetic_polar_local_9f1c3b747a.log
polar_local,retrieval,synthetic,niah,synthetic-filler,64k,0.1,token_accuracy,0.0,10,/home/sagemaker-user/atma/benchmarks/logs/foveal_cpt/retrieval_retrieval_synthetic_polar_local_9f1c3b747a.log
polar_local,retrieval,synthetic,niah,synthetic-filler,64k,0.5,exact_match,0.0,10,/home/sagemaker-user/atma/benchmarks/logs/foveal_cpt/retrieval_retrieval_synthetic_polar_local_9f1c3b747a.log
polar_local,retrieval,synthetic,niah,synthetic-filler,64k,0.5,nll_nats_per_token,4.498410453796387,10,/home/sagemaker-user/atma/benchmarks/logs/foveal_cpt/retrieval_retrieval_synthetic_polar_local_9f1c3b747a.log
polar_local,retrieval,synthetic,niah,synthetic-filler,64k,0.5,token_accuracy,0.0,10,/home/sagemaker-user/atma/benchmarks/logs/foveal_cpt/retrieval_retrieval_synthetic_polar_local_9f1c3b747a.log
polar_local,retrieval,synthetic,niah,synthetic-filler,64k,0.9,exact_match,0.0,10,/home/sagemaker-user/atma/benchmarks/logs/foveal_cpt/retrieval_retrieval_synthetic_polar_local_9f1c3b747a.log
polar_local,retrieval,synthetic,niah,synthetic-filler,64k,0.9,nll_nats_per_token,4.146894149780273,10,/home/sagemaker-user/atma/benchmarks/logs/foveal_cpt/retrieval_retrieval_synthetic_polar_local_9f1c3b747a.log
polar_local,retrieval,synthetic,niah,synthetic-filler,64k,0.9,token_accuracy,0.0,10,/home/sagemaker-user/atma/benchmarks/logs/foveal_cpt/retrieval_retrieval_synthetic_polar_local_9f1c3b747a.log
polar_local,retrieval,synthetic,niah,synthetic-filler,8k,0.1,exact_match,0.0,10,/home/sagemaker-user/atma/benchmarks/logs/foveal_cpt/retrieval_retrieval_synthetic_polar_local_5625096f8a.log
polar_local,retrieval,synthetic,niah,synthetic-filler,8k,0.1,exact_match,0.0,10,/home/sagemaker-user/atma/benchmarks/logs/foveal_cpt/retrieval_retrieval_synthetic_polar_local_9f1c3b747a.log
polar_local,retrieval,synthetic,niah,synthetic-filler,8k,0.1,nll_nats_per_token,4.210655059814453,10,/home/sagemaker-user/atma/benchmarks/logs/foveal_cpt/retrieval_retrieval_synthetic_polar_local_5625096f8a.log
polar_local,retrieval,synthetic,niah,synthetic-filler,8k,0.1,nll_nats_per_token,4.210655059814453,10,/home/sagemaker-user/atma/benchmarks/logs/foveal_cpt/retrieval_retrieval_synthetic_polar_local_9f1c3b747a.log
polar_local,retrieval,synthetic,niah,synthetic-filler,8k,0.1,token_accuracy,0.0,10,/home/sagemaker-user/atma/benchmarks/logs/foveal_cpt/retrieval_retrieval_synthetic_polar_local_5625096f8a.log
polar_local,retrieval,synthetic,niah,synthetic-filler,8k,0.1,token_accuracy,0.0,10,/home/sagemaker-user/atma/benchmarks/logs/foveal_cpt/retrieval_retrieval_synthetic_polar_local_9f1c3b747a.log
polar_local,retrieval,synthetic,niah,synthetic-filler,8k,0.5,exact_match,0.0,10,/home/sagemaker-user/atma/benchmarks/logs/foveal_cpt/retrieval_retrieval_synthetic_polar_local_5625096f8a.log
polar_local,retrieval,synthetic,niah,synthetic-filler,8k,0.5,exact_match,0.0,10,/home/sagemaker-user/atma/benchmarks/logs/foveal_cpt/retrieval_retrieval_synthetic_polar_local_9f1c3b747a.log
polar_local,retrieval,synthetic,niah,synthetic-filler,8k,0.5,exact_match,0.0,2,/home/sagemaker-user/atma/benchmarks/logs/foveal_cpt/smoke_retrieval_synthetic_polar_local_908b8fa289.log
polar_local,retrieval,synthetic,niah,synthetic-filler,8k,0.5,exact_match,0.0,5,/home/sagemaker-user/atma/benchmarks/logs/foveal_cpt/smoke_retrieval_synthetic_polar_local_bce066bf56.log
polar_local,retrieval,synthetic,niah,synthetic-filler,8k,0.5,nll_nats_per_token,4.165936889648438,10,/home/sagemaker-user/atma/benchmarks/logs/foveal_cpt/retrieval_retrieval_synthetic_polar_local_5625096f8a.log
polar_local,retrieval,synthetic,niah,synthetic-filler,8k,0.5,nll_nats_per_token,4.165936889648438,10,/home/sagemaker-user/atma/benchmarks/logs/foveal_cpt/retrieval_retrieval_synthetic_polar_local_9f1c3b747a.log
polar_local,retrieval,synthetic,niah,synthetic-filler,8k,0.5,nll_nats_per_token,4.254972457885742,2,/home/sagemaker-user/atma/benchmarks/logs/foveal_cpt/smoke_retrieval_synthetic_polar_local_908b8fa289.log
polar_local,retrieval,synthetic,niah,synthetic-filler,8k,0.5,nll_nats_per_token,4.275845794677735,5,/home/sagemaker-user/atma/benchmarks/logs/foveal_cpt/smoke_retrieval_synthetic_polar_local_bce066bf56.log
polar_local,retrieval,synthetic,niah,synthetic-filler,8k,0.5,token_accuracy,0.0,10,/home/sagemaker-user/atma/benchmarks/logs/foveal_cpt/retrieval_retrieval_synthetic_polar_local_5625096f8a.log
polar_local,retrieval,synthetic,niah,synthetic-filler,8k,0.5,token_accuracy,0.0,10,/home/sagemaker-user/atma/benchmarks/logs/foveal_cpt/retrieval_retrieval_synthetic_polar_local_9f1c3b747a.log
polar_local,retrieval,synthetic,niah,synthetic-filler,8k,0.5,token_accuracy,0.0,2,/home/sagemaker-user/atma/benchmarks/logs/foveal_cpt/smoke_retrieval_synthetic_polar_local_908b8fa289.log
polar_local,retrieval,synthetic,niah,synthetic-filler,8k,0.5,token_accuracy,0.0,5,/home/sagemaker-user/atma/benchmarks/logs/foveal_cpt/smoke_retrieval_synthetic_polar_local_bce066bf56.log
polar_local,retrieval,synthetic,niah,synthetic-filler,8k,0.9,exact_match,0.0,10,/home/sagemaker-user/atma/benchmarks/logs/foveal_cpt/retrieval_retrieval_synthetic_polar_local_5625096f8a.log
polar_local,retrieval,synthetic,niah,synthetic-filler,8k,0.9,exact_match,0.0,10,/home/sagemaker-user/atma/benchmarks/logs/foveal_cpt/retrieval_retrieval_synthetic_polar_local_9f1c3b747a.log
polar_local,retrieval,synthetic,niah,synthetic-filler,8k,0.9,nll_nats_per_token,4.041557121276855,10,/home/sagemaker-user/atma/benchmarks/logs/foveal_cpt/retrieval_retrieval_synthetic_polar_local_5625096f8a.log
polar_local,retrieval,synthetic,niah,synthetic-filler,8k,0.9,nll_nats_per_token,4.041557121276855,10,/home/sagemaker-user/atma/benchmarks/logs/foveal_cpt/retrieval_retrieval_synthetic_polar_local_9f1c3b747a.log
polar_local,retrieval,synthetic,niah,synthetic-filler,8k,0.9,token_accuracy,0.0,10,/home/sagemaker-user/atma/benchmarks/logs/foveal_cpt/retrieval_retrieval_synthetic_polar_local_5625096f8a.log
polar_local,retrieval,synthetic,niah,synthetic-filler,8k,0.9,token_accuracy,0.0,10,/home/sagemaker-user/atma/benchmarks/logs/foveal_cpt/retrieval_retrieval_synthetic_polar_local_9f1c3b747a.log
polar_local,retrieval,synthetic,passkey,synthetic-filler,128k,0.1,exact_match,0.0,10,/home/sagemaker-user/atma/benchmarks/logs/foveal_cpt/retrieval_retrieval_synthetic_polar_local_9f1c3b747a.log
polar_local,retrieval,synthetic,passkey,synthetic-filler,128k,0.1,nll_nats_per_token,5.237462997436523,10,/home/sagemaker-user/atma/benchmarks/logs/foveal_cpt/retrieval_retrieval_synthetic_polar_local_9f1c3b747a.log
polar_local,retrieval,synthetic,passkey,synthetic-filler,128k,0.1,token_accuracy,0.0,10,/home/sagemaker-user/atma/benchmarks/logs/foveal_cpt/retrieval_retrieval_synthetic_polar_local_9f1c3b747a.log
polar_local,retrieval,synthetic,passkey,synthetic-filler,128k,0.5,exact_match,0.0,10,/home/sagemaker-user/atma/benchmarks/logs/foveal_cpt/retrieval_retrieval_synthetic_polar_local_9f1c3b747a.log
polar_local,retrieval,synthetic,passkey,synthetic-filler,128k,0.5,nll_nats_per_token,5.171916542053222,10,/home/sagemaker-user/atma/benchmarks/logs/foveal_cpt/retrieval_retrieval_synthetic_polar_local_9f1c3b747a.log
polar_local,retrieval,synthetic,passkey,synthetic-filler,128k,0.5,token_accuracy,0.0,10,/home/sagemaker-user/atma/benchmarks/logs/foveal_cpt/retrieval_retrieval_synthetic_polar_local_9f1c3b747a.log
polar_local,retrieval,synthetic,passkey,synthetic-filler,128k,0.9,exact_match,0.0,10,/home/sagemaker-user/atma/benchmarks/logs/foveal_cpt/retrieval_retrieval_synthetic_polar_local_9f1c3b747a.log
polar_local,retrieval,synthetic,passkey,synthetic-filler,128k,0.9,nll_nats_per_token,5.096731338500977,10,/home/sagemaker-user/atma/benchmarks/logs/foveal_cpt/retrieval_retrieval_synthetic_polar_local_9f1c3b747a.log
polar_local,retrieval,synthetic,passkey,synthetic-filler,128k,0.9,token_accuracy,0.0,10,/home/sagemaker-user/atma/benchmarks/logs/foveal_cpt/retrieval_retrieval_synthetic_polar_local_9f1c3b747a.log
polar_local,retrieval,synthetic,passkey,synthetic-filler,16k,0.1,exact_match,0.0,10,/home/sagemaker-user/atma/benchmarks/logs/foveal_cpt/retrieval_retrieval_synthetic_polar_local_5625096f8a.log
polar_local,retrieval,synthetic,passkey,synthetic-filler,16k,0.1,exact_match,0.0,10,/home/sagemaker-user/atma/benchmarks/logs/foveal_cpt/retrieval_retrieval_synthetic_polar_local_9f1c3b747a.log
polar_local,retrieval,synthetic,passkey,synthetic-filler,16k,0.1,nll_nats_per_token,5.045193367004394,10,/home/sagemaker-user/atma/benchmarks/logs/foveal_cpt/retrieval_retrieval_synthetic_polar_local_5625096f8a.log
polar_local,retrieval,synthetic,passkey,synthetic-filler,16k,0.1,nll_nats_per_token,5.045193367004394,10,/home/sagemaker-user/atma/benchmarks/logs/foveal_cpt/retrieval_retrieval_synthetic_polar_local_9f1c3b747a.log
polar_local,retrieval,synthetic,passkey,synthetic-filler,16k,0.1,token_accuracy,0.0,10,/home/sagemaker-user/atma/benchmarks/logs/foveal_cpt/retrieval_retrieval_synthetic_polar_local_5625096f8a.log
polar_local,retrieval,synthetic,passkey,synthetic-filler,16k,0.1,token_accuracy,0.0,10,/home/sagemaker-user/atma/benchmarks/logs/foveal_cpt/retrieval_retrieval_synthetic_polar_local_9f1c3b747a.log
polar_local,retrieval,synthetic,passkey,synthetic-filler,16k,0.5,exact_match,0.0,10,/home/sagemaker-user/atma/benchmarks/logs/foveal_cpt/retrieval_retrieval_synthetic_polar_local_5625096f8a.log
polar_local,retrieval,synthetic,passkey,synthetic-filler,16k,0.5,exact_match,0.0,10,/home/sagemaker-user/atma/benchmarks/logs/foveal_cpt/retrieval_retrieval_synthetic_polar_local_9f1c3b747a.log
polar_local,retrieval,synthetic,passkey,synthetic-filler,16k,0.5,nll_nats_per_token,5.004136123657227,10,/home/sagemaker-user/atma/benchmarks/logs/foveal_cpt/retrieval_retrieval_synthetic_polar_local_5625096f8a.log
polar_local,retrieval,synthetic,passkey,synthetic-filler,16k,0.5,nll_nats_per_token,5.004136123657227,10,/home/sagemaker-user/atma/benchmarks/logs/foveal_cpt/retrieval_retrieval_synthetic_polar_local_9f1c3b747a.log
polar_local,retrieval,synthetic,passkey,synthetic-filler,16k,0.5,token_accuracy,0.0,10,/home/sagemaker-user/atma/benchmarks/logs/foveal_cpt/retrieval_retrieval_synthetic_polar_local_5625096f8a.log
polar_local,retrieval,synthetic,passkey,synthetic-filler,16k,0.5,token_accuracy,0.0,10,/home/sagemaker-user/atma/benchmarks/logs/foveal_cpt/retrieval_retrieval_synthetic_polar_local_9f1c3b747a.log
polar_local,retrieval,synthetic,passkey,synthetic-filler,16k,0.9,exact_match,0.0,10,/home/sagemaker-user/atma/benchmarks/logs/foveal_cpt/retrieval_retrieval_synthetic_polar_local_5625096f8a.log
polar_local,retrieval,synthetic,passkey,synthetic-filler,16k,0.9,exact_match,0.0,10,/home/sagemaker-user/atma/benchmarks/logs/foveal_cpt/retrieval_retrieval_synthetic_polar_local_9f1c3b747a.log
polar_local,retrieval,synthetic,passkey,synthetic-filler,16k,0.9,nll_nats_per_token,4.916324462890625,10,/home/sagemaker-user/atma/benchmarks/logs/foveal_cpt/retrieval_retrieval_synthetic_polar_local_5625096f8a.log
polar_local,retrieval,synthetic,passkey,synthetic-filler,16k,0.9,nll_nats_per_token,4.916324462890625,10,/home/sagemaker-user/atma/benchmarks/logs/foveal_cpt/retrieval_retrieval_synthetic_polar_local_9f1c3b747a.log
polar_local,retrieval,synthetic,passkey,synthetic-filler,16k,0.9,token_accuracy,0.0,10,/home/sagemaker-user/atma/benchmarks/logs/foveal_cpt/retrieval_retrieval_synthetic_polar_local_5625096f8a.log
polar_local,retrieval,synthetic,passkey,synthetic-filler,16k,0.9,token_accuracy,0.0,10,/home/sagemaker-user/atma/benchmarks/logs/foveal_cpt/retrieval_retrieval_synthetic_polar_local_9f1c3b747a.log
polar_local,retrieval,synthetic,passkey,synthetic-filler,256k,0.1,exact_match,0.0,10,/home/sagemaker-user/atma/benchmarks/logs/foveal_cpt/retrieval_retrieval_synthetic_polar_local_9f1c3b747a.log
polar_local,retrieval,synthetic,passkey,synthetic-filler,256k,0.1,nll_nats_per_token,5.215107727050781,10,/home/sagemaker-user/atma/benchmarks/logs/foveal_cpt/retrieval_retrieval_synthetic_polar_local_9f1c3b747a.log
polar_local,retrieval,synthetic,passkey,synthetic-filler,256k,0.1,token_accuracy,0.0,10,/home/sagemaker-user/atma/benchmarks/logs/foveal_cpt/retrieval_retrieval_synthetic_polar_local_9f1c3b747a.log
polar_local,retrieval,synthetic,passkey,synthetic-filler,256k,0.5,exact_match,0.0,10,/home/sagemaker-user/atma/benchmarks/logs/foveal_cpt/retrieval_retrieval_synthetic_polar_local_9f1c3b747a.log
polar_local,retrieval,synthetic,passkey,synthetic-filler,256k,0.5,nll_nats_per_token,5.251896209716797,10,/home/sagemaker-user/atma/benchmarks/logs/foveal_cpt/retrieval_retrieval_synthetic_polar_local_9f1c3b747a.log
polar_local,retrieval,synthetic,passkey,synthetic-filler,256k,0.5,token_accuracy,0.0,10,/home/sagemaker-user/atma/benchmarks/logs/foveal_cpt/retrieval_retrieval_synthetic_polar_local_9f1c3b747a.log
polar_local,retrieval,synthetic,passkey,synthetic-filler,256k,0.9,exact_match,0.0,10,/home/sagemaker-user/atma/benchmarks/logs/foveal_cpt/retrieval_retrieval_synthetic_polar_local_9f1c3b747a.log
polar_local,retrieval,synthetic,passkey,synthetic-filler,256k,0.9,nll_nats_per_token,5.200762786865234,10,/home/sagemaker-user/atma/benchmarks/logs/foveal_cpt/retrieval_retrieval_synthetic_polar_local_9f1c3b747a.log
polar_local,retrieval,synthetic,passkey,synthetic-filler,256k,0.9,token_accuracy,0.0,10,/home/sagemaker-user/atma/benchmarks/logs/foveal_cpt/retrieval_retrieval_synthetic_polar_local_9f1c3b747a.log
polar_local,retrieval,synthetic,passkey,synthetic-filler,2k,0.1,exact_match,0.0,10,/home/sagemaker-user/atma/benchmarks/logs/foveal_cpt/retrieval_retrieval_synthetic_polar_local_5625096f8a.log
polar_local,retrieval,synthetic,passkey,synthetic-filler,2k,0.1,exact_match,0.0,10,/home/sagemaker-user/atma/benchmarks/logs/foveal_cpt/retrieval_retrieval_synthetic_polar_local_9f1c3b747a.log
polar_local,retrieval,synthetic,passkey,synthetic-filler,2k,0.1,nll_nats_per_token,4.917741355895996,10,/home/sagemaker-user/atma/benchmarks/logs/foveal_cpt/retrieval_retrieval_synthetic_polar_local_5625096f8a.log
polar_local,retrieval,synthetic,passkey,synthetic-filler,2k,0.1,nll_nats_per_token,4.917741355895996,10,/home/sagemaker-user/atma/benchmarks/logs/foveal_cpt/retrieval_retrieval_synthetic_polar_local_9f1c3b747a.log
polar_local,retrieval,synthetic,passkey,synthetic-filler,2k,0.1,token_accuracy,0.0,10,/home/sagemaker-user/atma/benchmarks/logs/foveal_cpt/retrieval_retrieval_synthetic_polar_local_5625096f8a.log
polar_local,retrieval,synthetic,passkey,synthetic-filler,2k,0.1,token_accuracy,0.0,10,/home/sagemaker-user/atma/benchmarks/logs/foveal_cpt/retrieval_retrieval_synthetic_polar_local_9f1c3b747a.log
polar_local,retrieval,synthetic,passkey,synthetic-filler,2k,0.5,exact_match,0.0,10,/home/sagemaker-user/atma/benchmarks/logs/foveal_cpt/retrieval_retrieval_synthetic_polar_local_5625096f8a.log
polar_local,retrieval,synthetic,passkey,synthetic-filler,2k,0.5,exact_match,0.0,10,/home/sagemaker-user/atma/benchmarks/logs/foveal_cpt/retrieval_retrieval_synthetic_polar_local_9f1c3b747a.log
polar_local,retrieval,synthetic,passkey,synthetic-filler,2k,0.5,exact_match,0.0,2,/home/sagemaker-user/atma/benchmarks/logs/foveal_cpt/smoke_retrieval_synthetic_polar_local_908b8fa289.log
polar_local,retrieval,synthetic,passkey,synthetic-filler,2k,0.5,exact_match,0.0,5,/home/sagemaker-user/atma/benchmarks/logs/foveal_cpt/smoke_retrieval_synthetic_polar_local_bce066bf56.log
polar_local,retrieval,synthetic,passkey,synthetic-filler,2k,0.5,nll_nats_per_token,4.897271041870117,10,/home/sagemaker-user/atma/benchmarks/logs/foveal_cpt/retrieval_retrieval_synthetic_polar_local_5625096f8a.log
polar_local,retrieval,synthetic,passkey,synthetic-filler,2k,0.5,nll_nats_per_token,4.897271041870117,10,/home/sagemaker-user/atma/benchmarks/logs/foveal_cpt/retrieval_retrieval_synthetic_polar_local_9f1c3b747a.log
polar_local,retrieval,synthetic,passkey,synthetic-filler,2k,0.5,nll_nats_per_token,4.798259353637695,2,/home/sagemaker-user/atma/benchmarks/logs/foveal_cpt/smoke_retrieval_synthetic_polar_local_908b8fa289.log
polar_local,retrieval,synthetic,passkey,synthetic-filler,2k,0.5,nll_nats_per_token,4.952890396118164,5,/home/sagemaker-user/atma/benchmarks/logs/foveal_cpt/smoke_retrieval_synthetic_polar_local_bce066bf56.log
polar_local,retrieval,synthetic,passkey,synthetic-filler,2k,0.5,token_accuracy,0.0,10,/home/sagemaker-user/atma/benchmarks/logs/foveal_cpt/retrieval_retrieval_synthetic_polar_local_5625096f8a.log
polar_local,retrieval,synthetic,passkey,synthetic-filler,2k,0.5,token_accuracy,0.0,10,/home/sagemaker-user/atma/benchmarks/logs/foveal_cpt/retrieval_retrieval_synthetic_polar_local_9f1c3b747a.log
polar_local,retrieval,synthetic,passkey,synthetic-filler,2k,0.5,token_accuracy,0.0,2,/home/sagemaker-user/atma/benchmarks/logs/foveal_cpt/smoke_retrieval_synthetic_polar_local_908b8fa289.log
polar_local,retrieval,synthetic,passkey,synthetic-filler,2k,0.5,token_accuracy,0.0,5,/home/sagemaker-user/atma/benchmarks/logs/foveal_cpt/smoke_retrieval_synthetic_polar_local_bce066bf56.log
polar_local,retrieval,synthetic,passkey,synthetic-filler,2k,0.9,exact_match,100.0,10,/home/sagemaker-user/atma/benchmarks/logs/foveal_cpt/retrieval_retrieval_synthetic_polar_local_5625096f8a.log
polar_local,retrieval,synthetic,passkey,synthetic-filler,2k,0.9,exact_match,100.0,10,/home/sagemaker-user/atma/benchmarks/logs/foveal_cpt/retrieval_retrieval_synthetic_polar_local_9f1c3b747a.log
polar_local,retrieval,synthetic,passkey,synthetic-filler,2k,0.9,nll_nats_per_token,0.29330809593200685,10,/home/sagemaker-user/atma/benchmarks/logs/foveal_cpt/retrieval_retrieval_synthetic_polar_local_5625096f8a.log
polar_local,retrieval,synthetic,passkey,synthetic-filler,2k,0.9,nll_nats_per_token,0.29330809593200685,10,/home/sagemaker-user/atma/benchmarks/logs/foveal_cpt/retrieval_retrieval_synthetic_polar_local_9f1c3b747a.log
polar_local,retrieval,synthetic,passkey,synthetic-filler,2k,0.9,token_accuracy,100.0,10,/home/sagemaker-user/atma/benchmarks/logs/foveal_cpt/retrieval_retrieval_synthetic_polar_local_5625096f8a.log
polar_local,retrieval,synthetic,passkey,synthetic-filler,2k,0.9,token_accuracy,100.0,10,/home/sagemaker-user/atma/benchmarks/logs/foveal_cpt/retrieval_retrieval_synthetic_polar_local_9f1c3b747a.log
polar_local,retrieval,synthetic,passkey,synthetic-filler,32k,0.1,exact_match,0.0,10,/home/sagemaker-user/atma/benchmarks/logs/foveal_cpt/retrieval_retrieval_synthetic_polar_local_5625096f8a.log
polar_local,retrieval,synthetic,passkey,synthetic-filler,32k,0.1,exact_match,0.0,10,/home/sagemaker-user/atma/benchmarks/logs/foveal_cpt/retrieval_retrieval_synthetic_polar_local_9f1c3b747a.log
polar_local,retrieval,synthetic,passkey,synthetic-filler,32k,0.1,nll_nats_per_token,5.100274696350097,10,/home/sagemaker-user/atma/benchmarks/logs/foveal_cpt/retrieval_retrieval_synthetic_polar_local_5625096f8a.log
polar_local,retrieval,synthetic,passkey,synthetic-filler,32k,0.1,nll_nats_per_token,5.100274696350097,10,/home/sagemaker-user/atma/benchmarks/logs/foveal_cpt/retrieval_retrieval_synthetic_polar_local_9f1c3b747a.log
polar_local,retrieval,synthetic,passkey,synthetic-filler,32k,0.1,token_accuracy,0.0,10,/home/sagemaker-user/atma/benchmarks/logs/foveal_cpt/retrieval_retrieval_synthetic_polar_local_5625096f8a.log
polar_local,retrieval,synthetic,passkey,synthetic-filler,32k,0.1,token_accuracy,0.0,10,/home/sagemaker-user/atma/benchmarks/logs/foveal_cpt/retrieval_retrieval_synthetic_polar_local_9f1c3b747a.log
polar_local,retrieval,synthetic,passkey,synthetic-filler,32k,0.5,exact_match,0.0,10,/home/sagemaker-user/atma/benchmarks/logs/foveal_cpt/retrieval_retrieval_synthetic_polar_local_5625096f8a.log
polar_local,retrieval,synthetic,passkey,synthetic-filler,32k,0.5,exact_match,0.0,10,/home/sagemaker-user/atma/benchmarks/logs/foveal_cpt/retrieval_retrieval_synthetic_polar_local_9f1c3b747a.log
polar_local,retrieval,synthetic,passkey,synthetic-filler,32k,0.5,nll_nats_per_token,5.069165344238281,10,/home/sagemaker-user/atma/benchmarks/logs/foveal_cpt/retrieval_retrieval_synthetic_polar_local_5625096f8a.log
polar_local,retrieval,synthetic,passkey,synthetic-filler,32k,0.5,nll_nats_per_token,5.069165344238281,10,/home/sagemaker-user/atma/benchmarks/logs/foveal_cpt/retrieval_retrieval_synthetic_polar_local_9f1c3b747a.log
polar_local,retrieval,synthetic,passkey,synthetic-filler,32k,0.5,token_accuracy,0.0,10,/home/sagemaker-user/atma/benchmarks/logs/foveal_cpt/retrieval_retrieval_synthetic_polar_local_5625096f8a.log
polar_local,retrieval,synthetic,passkey,synthetic-filler,32k,0.5,token_accuracy,0.0,10,/home/sagemaker-user/atma/benchmarks/logs/foveal_cpt/retrieval_retrieval_synthetic_polar_local_9f1c3b747a.log
polar_local,retrieval,synthetic,passkey,synthetic-filler,32k,0.9,exact_match,0.0,10,/home/sagemaker-user/atma/benchmarks/logs/foveal_cpt/retrieval_retrieval_synthetic_polar_local_5625096f8a.log
polar_local,retrieval,synthetic,passkey,synthetic-filler,32k,0.9,exact_match,0.0,10,/home/sagemaker-user/atma/benchmarks/logs/foveal_cpt/retrieval_retrieval_synthetic_polar_local_9f1c3b747a.log
polar_local,retrieval,synthetic,passkey,synthetic-filler,32k,0.9,nll_nats_per_token,4.928232460021973,10,/home/sagemaker-user/atma/benchmarks/logs/foveal_cpt/retrieval_retrieval_synthetic_polar_local_5625096f8a.log
polar_local,retrieval,synthetic,passkey,synthetic-filler,32k,0.9,nll_nats_per_token,4.928232460021973,10,/home/sagemaker-user/atma/benchmarks/logs/foveal_cpt/retrieval_retrieval_synthetic_polar_local_9f1c3b747a.log
polar_local,retrieval,synthetic,passkey,synthetic-filler,32k,0.9,token_accuracy,0.0,10,/home/sagemaker-user/atma/benchmarks/logs/foveal_cpt/retrieval_retrieval_synthetic_polar_local_5625096f8a.log
polar_local,retrieval,synthetic,passkey,synthetic-filler,32k,0.9,token_accuracy,0.0,10,/home/sagemaker-user/atma/benchmarks/logs/foveal_cpt/retrieval_retrieval_synthetic_polar_local_9f1c3b747a.log
polar_local,retrieval,synthetic,passkey,synthetic-filler,4k,0.1,exact_match,0.0,10,/home/sagemaker-user/atma/benchmarks/logs/foveal_cpt/retrieval_retrieval_synthetic_polar_local_5625096f8a.log
polar_local,retrieval,synthetic,passkey,synthetic-filler,4k,0.1,exact_match,0.0,10,/home/sagemaker-user/atma/benchmarks/logs/foveal_cpt/retrieval_retrieval_synthetic_polar_local_9f1c3b747a.log
polar_local,retrieval,synthetic,passkey,synthetic-filler,4k,0.1,nll_nats_per_token,4.938019485473633,10,/home/sagemaker-user/atma/benchmarks/logs/foveal_cpt/retrieval_retrieval_synthetic_polar_local_5625096f8a.log
polar_local,retrieval,synthetic,passkey,synthetic-filler,4k,0.1,nll_nats_per_token,4.938019485473633,10,/home/sagemaker-user/atma/benchmarks/logs/foveal_cpt/retrieval_retrieval_synthetic_polar_local_9f1c3b747a.log
polar_local,retrieval,synthetic,passkey,synthetic-filler,4k,0.1,token_accuracy,0.0,10,/home/sagemaker-user/atma/benchmarks/logs/foveal_cpt/retrieval_retrieval_synthetic_polar_local_5625096f8a.log
polar_local,retrieval,synthetic,passkey,synthetic-filler,4k,0.1,token_accuracy,0.0,10,/home/sagemaker-user/atma/benchmarks/logs/foveal_cpt/retrieval_retrieval_synthetic_polar_local_9f1c3b747a.log
polar_local,retrieval,synthetic,passkey,synthetic-filler,4k,0.5,exact_match,0.0,10,/home/sagemaker-user/atma/benchmarks/logs/foveal_cpt/retrieval_retrieval_synthetic_polar_local_5625096f8a.log
polar_local,retrieval,synthetic,passkey,synthetic-filler,4k,0.5,exact_match,0.0,10,/home/sagemaker-user/atma/benchmarks/logs/foveal_cpt/retrieval_retrieval_synthetic_polar_local_9f1c3b747a.log
polar_local,retrieval,synthetic,passkey,synthetic-filler,4k,0.5,nll_nats_per_token,4.8697335815429685,10,/home/sagemaker-user/atma/benchmarks/logs/foveal_cpt/retrieval_retrieval_synthetic_polar_local_5625096f8a.log
polar_local,retrieval,synthetic,passkey,synthetic-filler,4k,0.5,nll_nats_per_token,4.8697335815429685,10,/home/sagemaker-user/atma/benchmarks/logs/foveal_cpt/retrieval_retrieval_synthetic_polar_local_9f1c3b747a.log
polar_local,retrieval,synthetic,passkey,synthetic-filler,4k,0.5,token_accuracy,0.0,10,/home/sagemaker-user/atma/benchmarks/logs/foveal_cpt/retrieval_retrieval_synthetic_polar_local_5625096f8a.log
polar_local,retrieval,synthetic,passkey,synthetic-filler,4k,0.5,token_accuracy,0.0,10,/home/sagemaker-user/atma/benchmarks/logs/foveal_cpt/retrieval_retrieval_synthetic_polar_local_9f1c3b747a.log
polar_local,retrieval,synthetic,passkey,synthetic-filler,4k,0.9,exact_match,90.0,10,/home/sagemaker-user/atma/benchmarks/logs/foveal_cpt/retrieval_retrieval_synthetic_polar_local_5625096f8a.log
polar_local,retrieval,synthetic,passkey,synthetic-filler,4k,0.9,exact_match,90.0,10,/home/sagemaker-user/atma/benchmarks/logs/foveal_cpt/retrieval_retrieval_synthetic_polar_local_9f1c3b747a.log
polar_local,retrieval,synthetic,passkey,synthetic-filler,4k,0.9,nll_nats_per_token,0.24528350114822386,10,/home/sagemaker-user/atma/benchmarks/logs/foveal_cpt/retrieval_retrieval_synthetic_polar_local_5625096f8a.log
polar_local,retrieval,synthetic,passkey,synthetic-filler,4k,0.9,nll_nats_per_token,0.24528350114822386,10,/home/sagemaker-user/atma/benchmarks/logs/foveal_cpt/retrieval_retrieval_synthetic_polar_local_9f1c3b747a.log
polar_local,retrieval,synthetic,passkey,synthetic-filler,4k,0.9,token_accuracy,98.0,10,/home/sagemaker-user/atma/benchmarks/logs/foveal_cpt/retrieval_retrieval_synthetic_polar_local_5625096f8a.log
polar_local,retrieval,synthetic,passkey,synthetic-filler,4k,0.9,token_accuracy,98.0,10,/home/sagemaker-user/atma/benchmarks/logs/foveal_cpt/retrieval_retrieval_synthetic_polar_local_9f1c3b747a.log
polar_local,retrieval,synthetic,passkey,synthetic-filler,64k,0.1,exact_match,0.0,10,/home/sagemaker-user/atma/benchmarks/logs/foveal_cpt/retrieval_retrieval_synthetic_polar_local_9f1c3b747a.log
polar_local,retrieval,synthetic,passkey,synthetic-filler,64k,0.1,nll_nats_per_token,5.133464241027832,10,/home/sagemaker-user/atma/benchmarks/logs/foveal_cpt/retrieval_retrieval_synthetic_polar_local_9f1c3b747a.log
polar_local,retrieval,synthetic,passkey,synthetic-filler,64k,0.1,token_accuracy,0.0,10,/home/sagemaker-user/atma/benchmarks/logs/foveal_cpt/retrieval_retrieval_synthetic_polar_local_9f1c3b747a.log
polar_local,retrieval,synthetic,passkey,synthetic-filler,64k,0.5,exact_match,0.0,10,/home/sagemaker-user/atma/benchmarks/logs/foveal_cpt/retrieval_retrieval_synthetic_polar_local_9f1c3b747a.log
polar_local,retrieval,synthetic,passkey,synthetic-filler,64k,0.5,nll_nats_per_token,5.114394721984863,10,/home/sagemaker-user/atma/benchmarks/logs/foveal_cpt/retrieval_retrieval_synthetic_polar_local_9f1c3b747a.log
polar_local,retrieval,synthetic,passkey,synthetic-filler,64k,0.5,token_accuracy,0.0,10,/home/sagemaker-user/atma/benchmarks/logs/foveal_cpt/retrieval_retrieval_synthetic_polar_local_9f1c3b747a.log
polar_local,retrieval,synthetic,passkey,synthetic-filler,64k,0.9,exact_match,0.0,10,/home/sagemaker-user/atma/benchmarks/logs/foveal_cpt/retrieval_retrieval_synthetic_polar_local_9f1c3b747a.log
polar_local,retrieval,synthetic,passkey,synthetic-filler,64k,0.9,nll_nats_per_token,4.9962809371948245,10,/home/sagemaker-user/atma/benchmarks/logs/foveal_cpt/retrieval_retrieval_synthetic_polar_local_9f1c3b747a.log
polar_local,retrieval,synthetic,passkey,synthetic-filler,64k,0.9,token_accuracy,0.0,10,/home/sagemaker-user/atma/benchmarks/logs/foveal_cpt/retrieval_retrieval_synthetic_polar_local_9f1c3b747a.log
polar_local,retrieval,synthetic,passkey,synthetic-filler,8k,0.1,exact_match,0.0,10,/home/sagemaker-user/atma/benchmarks/logs/foveal_cpt/retrieval_retrieval_synthetic_polar_local_5625096f8a.log
polar_local,retrieval,synthetic,passkey,synthetic-filler,8k,0.1,exact_match,0.0,10,/home/sagemaker-user/atma/benchmarks/logs/foveal_cpt/retrieval_retrieval_synthetic_polar_local_9f1c3b747a.log
polar_local,retrieval,synthetic,passkey,synthetic-filler,8k,0.1,nll_nats_per_token,4.870190353393554,10,/home/sagemaker-user/atma/benchmarks/logs/foveal_cpt/retrieval_retrieval_synthetic_polar_local_5625096f8a.log
polar_local,retrieval,synthetic,passkey,synthetic-filler,8k,0.1,nll_nats_per_token,4.870190353393554,10,/home/sagemaker-user/atma/benchmarks/logs/foveal_cpt/retrieval_retrieval_synthetic_polar_local_9f1c3b747a.log
polar_local,retrieval,synthetic,passkey,synthetic-filler,8k,0.1,token_accuracy,0.0,10,/home/sagemaker-user/atma/benchmarks/logs/foveal_cpt/retrieval_retrieval_synthetic_polar_local_5625096f8a.log
polar_local,retrieval,synthetic,passkey,synthetic-filler,8k,0.1,token_accuracy,0.0,10,/home/sagemaker-user/atma/benchmarks/logs/foveal_cpt/retrieval_retrieval_synthetic_polar_local_9f1c3b747a.log
polar_local,retrieval,synthetic,passkey,synthetic-filler,8k,0.5,exact_match,0.0,10,/home/sagemaker-user/atma/benchmarks/logs/foveal_cpt/retrieval_retrieval_synthetic_polar_local_5625096f8a.log
polar_local,retrieval,synthetic,passkey,synthetic-filler,8k,0.5,exact_match,0.0,10,/home/sagemaker-user/atma/benchmarks/logs/foveal_cpt/retrieval_retrieval_synthetic_polar_local_9f1c3b747a.log
polar_local,retrieval,synthetic,passkey,synthetic-filler,8k,0.5,exact_match,0.0,2,/home/sagemaker-user/atma/benchmarks/logs/foveal_cpt/smoke_retrieval_synthetic_polar_local_908b8fa289.log
polar_local,retrieval,synthetic,passkey,synthetic-filler,8k,0.5,exact_match,0.0,5,/home/sagemaker-user/atma/benchmarks/logs/foveal_cpt/smoke_retrieval_synthetic_polar_local_bce066bf56.log
polar_local,retrieval,synthetic,passkey,synthetic-filler,8k,0.5,nll_nats_per_token,4.883150291442871,10,/home/sagemaker-user/atma/benchmarks/logs/foveal_cpt/retrieval_retrieval_synthetic_polar_local_5625096f8a.log
polar_local,retrieval,synthetic,passkey,synthetic-filler,8k,0.5,nll_nats_per_token,4.883150291442871,10,/home/sagemaker-user/atma/benchmarks/logs/foveal_cpt/retrieval_retrieval_synthetic_polar_local_9f1c3b747a.log
polar_local,retrieval,synthetic,passkey,synthetic-filler,8k,0.5,nll_nats_per_token,4.726487350463867,2,/home/sagemaker-user/atma/benchmarks/logs/foveal_cpt/smoke_retrieval_synthetic_polar_local_908b8fa289.log
polar_local,retrieval,synthetic,passkey,synthetic-filler,8k,0.5,nll_nats_per_token,4.938554763793945,5,/home/sagemaker-user/atma/benchmarks/logs/foveal_cpt/smoke_retrieval_synthetic_polar_local_bce066bf56.log
polar_local,retrieval,synthetic,passkey,synthetic-filler,8k,0.5,token_accuracy,0.0,10,/home/sagemaker-user/atma/benchmarks/logs/foveal_cpt/retrieval_retrieval_synthetic_polar_local_5625096f8a.log
polar_local,retrieval,synthetic,passkey,synthetic-filler,8k,0.5,token_accuracy,0.0,10,/home/sagemaker-user/atma/benchmarks/logs/foveal_cpt/retrieval_retrieval_synthetic_polar_local_9f1c3b747a.log
polar_local,retrieval,synthetic,passkey,synthetic-filler,8k,0.5,token_accuracy,0.0,2,/home/sagemaker-user/atma/benchmarks/logs/foveal_cpt/smoke_retrieval_synthetic_polar_local_908b8fa289.log
polar_local,retrieval,synthetic,passkey,synthetic-filler,8k,0.5,token_accuracy,0.0,5,/home/sagemaker-user/atma/benchmarks/logs/foveal_cpt/smoke_retrieval_synthetic_polar_local_bce066bf56.log
polar_local,retrieval,synthetic,passkey,synthetic-filler,8k,0.9,exact_match,0.0,10,/home/sagemaker-user/atma/benchmarks/logs/foveal_cpt/retrieval_retrieval_synthetic_polar_local_5625096f8a.log
polar_local,retrieval,synthetic,passkey,synthetic-filler,8k,0.9,exact_match,0.0,10,/home/sagemaker-user/atma/benchmarks/logs/foveal_cpt/retrieval_retrieval_synthetic_polar_local_9f1c3b747a.log
polar_local,retrieval,synthetic,passkey,synthetic-filler,8k,0.9,nll_nats_per_token,4.852586936950684,10,/home/sagemaker-user/atma/benchmarks/logs/foveal_cpt/retrieval_retrieval_synthetic_polar_local_5625096f8a.log
polar_local,retrieval,synthetic,passkey,synthetic-filler,8k,0.9,nll_nats_per_token,4.852586936950684,10,/home/sagemaker-user/atma/benchmarks/logs/foveal_cpt/retrieval_retrieval_synthetic_polar_local_9f1c3b747a.log
polar_local,retrieval,synthetic,passkey,synthetic-filler,8k,0.9,token_accuracy,0.0,10,/home/sagemaker-user/atma/benchmarks/logs/foveal_cpt/retrieval_retrieval_synthetic_polar_local_5625096f8a.log
polar_local,retrieval,synthetic,passkey,synthetic-filler,8k,0.9,token_accuracy,0.0,10,/home/sagemaker-user/atma/benchmarks/logs/foveal_cpt/retrieval_retrieval_synthetic_polar_local_9f1c3b747a.log
polar_local,serving,generation,,,128k,,decode_tokens_per_s,460.05772521542224,1,/home/sagemaker-user/atma/benchmarks/logs/foveal_cpt/serving_serving_generation_polar_local_287a38db33.log
polar_local,serving,generation,,,128k,,decode_tokens_per_s,462.105877816339,1,/home/sagemaker-user/atma/benchmarks/logs/foveal_cpt/serving_serving_generation_polar_local_a1bcc36331.log
polar_local,serving,generation,,,128k,,oom,False,1,/home/sagemaker-user/atma/benchmarks/logs/foveal_cpt/serving_serving_generation_polar_local_287a38db33.log
polar_local,serving,generation,,,128k,,oom,False,1,/home/sagemaker-user/atma/benchmarks/logs/foveal_cpt/serving_serving_generation_polar_local_a1bcc36331.log
polar_local,serving,generation,,,128k,,peak_allocated_bytes,7523795968,1,/home/sagemaker-user/atma/benchmarks/logs/foveal_cpt/serving_serving_generation_polar_local_287a38db33.log
polar_local,serving,generation,,,128k,,peak_allocated_bytes,7523795968,1,/home/sagemaker-user/atma/benchmarks/logs/foveal_cpt/serving_serving_generation_polar_local_a1bcc36331.log
polar_local,serving,generation,,,128k,,peak_reserved_bytes,7799308288,1,/home/sagemaker-user/atma/benchmarks/logs/foveal_cpt/serving_serving_generation_polar_local_287a38db33.log
polar_local,serving,generation,,,128k,,peak_reserved_bytes,7799308288,1,/home/sagemaker-user/atma/benchmarks/logs/foveal_cpt/serving_serving_generation_polar_local_a1bcc36331.log
polar_local,serving,generation,,,128k,,prefill_tokens_per_s,170524.12631030625,1,/home/sagemaker-user/atma/benchmarks/logs/foveal_cpt/serving_serving_generation_polar_local_287a38db33.log
polar_local,serving,generation,,,128k,,prefill_tokens_per_s,170485.31389820357,1,/home/sagemaker-user/atma/benchmarks/logs/foveal_cpt/serving_serving_generation_polar_local_a1bcc36331.log
polar_local,serving,generation,,,16k,,decode_tokens_per_s,466.73183462348277,1,/home/sagemaker-user/atma/benchmarks/logs/foveal_cpt/serving_serving_generation_polar_local_287a38db33.log
polar_local,serving,generation,,,16k,,decode_tokens_per_s,464.8499066992652,1,/home/sagemaker-user/atma/benchmarks/logs/foveal_cpt/serving_serving_generation_polar_local_a1bcc36331.log
polar_local,serving,generation,,,16k,,oom,False,1,/home/sagemaker-user/atma/benchmarks/logs/foveal_cpt/serving_serving_generation_polar_local_287a38db33.log
polar_local,serving,generation,,,16k,,oom,False,1,/home/sagemaker-user/atma/benchmarks/logs/foveal_cpt/serving_serving_generation_polar_local_a1bcc36331.log
polar_local,serving,generation,,,16k,,peak_allocated_bytes,1621490688,1,/home/sagemaker-user/atma/benchmarks/logs/foveal_cpt/serving_serving_generation_polar_local_287a38db33.log
polar_local,serving,generation,,,16k,,peak_allocated_bytes,1621490688,1,/home/sagemaker-user/atma/benchmarks/logs/foveal_cpt/serving_serving_generation_polar_local_a1bcc36331.log
polar_local,serving,generation,,,16k,,peak_reserved_bytes,1658847232,1,/home/sagemaker-user/atma/benchmarks/logs/foveal_cpt/serving_serving_generation_polar_local_287a38db33.log
polar_local,serving,generation,,,16k,,peak_reserved_bytes,1658847232,1,/home/sagemaker-user/atma/benchmarks/logs/foveal_cpt/serving_serving_generation_polar_local_a1bcc36331.log
polar_local,serving,generation,,,16k,,prefill_tokens_per_s,187236.1311027346,1,/home/sagemaker-user/atma/benchmarks/logs/foveal_cpt/serving_serving_generation_polar_local_287a38db33.log
polar_local,serving,generation,,,16k,,prefill_tokens_per_s,178785.67908729447,1,/home/sagemaker-user/atma/benchmarks/logs/foveal_cpt/serving_serving_generation_polar_local_a1bcc36331.log
polar_local,serving,generation,,,256k,,decode_tokens_per_s,453.8274223391173,1,/home/sagemaker-user/atma/benchmarks/logs/foveal_cpt/serving_serving_generation_polar_local_a1bcc36331.log
polar_local,serving,generation,,,256k,,oom,False,1,/home/sagemaker-user/atma/benchmarks/logs/foveal_cpt/serving_serving_generation_polar_local_a1bcc36331.log
polar_local,serving,generation,,,256k,,peak_allocated_bytes,14269287424,1,/home/sagemaker-user/atma/benchmarks/logs/foveal_cpt/serving_serving_generation_polar_local_a1bcc36331.log
polar_local,serving,generation,,,256k,,peak_reserved_bytes,14776532992,1,/home/sagemaker-user/atma/benchmarks/logs/foveal_cpt/serving_serving_generation_polar_local_a1bcc36331.log
polar_local,serving,generation,,,256k,,prefill_tokens_per_s,162227.88269433443,1,/home/sagemaker-user/atma/benchmarks/logs/foveal_cpt/serving_serving_generation_polar_local_a1bcc36331.log
polar_local,serving,generation,,,2k,,decode_tokens_per_s,468.561743960922,1,/home/sagemaker-user/atma/benchmarks/logs/foveal_cpt/serving_serving_generation_polar_local_287a38db33.log
polar_local,serving,generation,,,2k,,decode_tokens_per_s,459.67264971324613,1,/home/sagemaker-user/atma/benchmarks/logs/foveal_cpt/serving_serving_generation_polar_local_a1bcc36331.log
polar_local,serving,generation,,,2k,,oom,False,1,/home/sagemaker-user/atma/benchmarks/logs/foveal_cpt/serving_serving_generation_polar_local_287a38db33.log
polar_local,serving,generation,,,2k,,oom,False,1,/home/sagemaker-user/atma/benchmarks/logs/foveal_cpt/serving_serving_generation_polar_local_a1bcc36331.log
polar_local,serving,generation,,,2k,,peak_allocated_bytes,889994240,1,/home/sagemaker-user/atma/benchmarks/logs/foveal_cpt/serving_serving_generation_polar_local_287a38db33.log
polar_local,serving,generation,,,2k,,peak_allocated_bytes,889994240,1,/home/sagemaker-user/atma/benchmarks/logs/foveal_cpt/serving_serving_generation_polar_local_a1bcc36331.log
polar_local,serving,generation,,,2k,,peak_reserved_bytes,929038336,1,/home/sagemaker-user/atma/benchmarks/logs/foveal_cpt/serving_serving_generation_polar_local_287a38db33.log
polar_local,serving,generation,,,2k,,peak_reserved_bytes,929038336,1,/home/sagemaker-user/atma/benchmarks/logs/foveal_cpt/serving_serving_generation_polar_local_a1bcc36331.log
polar_local,serving,generation,,,2k,,prefill_tokens_per_s,15603.245371871437,1,/home/sagemaker-user/atma/benchmarks/logs/foveal_cpt/serving_serving_generation_polar_local_287a38db33.log
polar_local,serving,generation,,,2k,,prefill_tokens_per_s,10427.875514759788,1,/home/sagemaker-user/atma/benchmarks/logs/foveal_cpt/serving_serving_generation_polar_local_a1bcc36331.log
polar_local,serving,generation,,,32k,,decode_tokens_per_s,465.7772146662111,1,/home/sagemaker-user/atma/benchmarks/logs/foveal_cpt/serving_serving_generation_polar_local_287a38db33.log
polar_local,serving,generation,,,32k,,decode_tokens_per_s,466.4569896904238,1,/home/sagemaker-user/atma/benchmarks/logs/foveal_cpt/serving_serving_generation_polar_local_a1bcc36331.log
polar_local,serving,generation,,,32k,,oom,False,1,/home/sagemaker-user/atma/benchmarks/logs/foveal_cpt/serving_serving_generation_polar_local_287a38db33.log
polar_local,serving,generation,,,32k,,oom,False,1,/home/sagemaker-user/atma/benchmarks/logs/foveal_cpt/serving_serving_generation_polar_local_a1bcc36331.log
polar_local,serving,generation,,,32k,,peak_allocated_bytes,2464677376,1,/home/sagemaker-user/atma/benchmarks/logs/foveal_cpt/serving_serving_generation_polar_local_287a38db33.log
polar_local,serving,generation,,,32k,,peak_allocated_bytes,2464677376,1,/home/sagemaker-user/atma/benchmarks/logs/foveal_cpt/serving_serving_generation_polar_local_a1bcc36331.log
polar_local,serving,generation,,,32k,,peak_reserved_bytes,2501902336,1,/home/sagemaker-user/atma/benchmarks/logs/foveal_cpt/serving_serving_generation_polar_local_287a38db33.log
polar_local,serving,generation,,,32k,,peak_reserved_bytes,2501902336,1,/home/sagemaker-user/atma/benchmarks/logs/foveal_cpt/serving_serving_generation_polar_local_a1bcc36331.log
polar_local,serving,generation,,,32k,,prefill_tokens_per_s,171234.37184415042,1,/home/sagemaker-user/atma/benchmarks/logs/foveal_cpt/serving_serving_generation_polar_local_287a38db33.log
polar_local,serving,generation,,,32k,,prefill_tokens_per_s,171180.26547132642,1,/home/sagemaker-user/atma/benchmarks/logs/foveal_cpt/serving_serving_generation_polar_local_a1bcc36331.log
polar_local,serving,generation,,,4k,,decode_tokens_per_s,467.8347015926645,1,/home/sagemaker-user/atma/benchmarks/logs/foveal_cpt/serving_serving_generation_polar_local_287a38db33.log
polar_local,serving,generation,,,4k,,decode_tokens_per_s,469.8031108529603,1,/home/sagemaker-user/atma/benchmarks/logs/foveal_cpt/serving_serving_generation_polar_local_a1bcc36331.log
polar_local,serving,generation,,,4k,,oom,False,1,/home/sagemaker-user/atma/benchmarks/logs/foveal_cpt/serving_serving_generation_polar_local_287a38db33.log
polar_local,serving,generation,,,4k,,oom,False,1,/home/sagemaker-user/atma/benchmarks/logs/foveal_cpt/serving_serving_generation_polar_local_a1bcc36331.log
polar_local,serving,generation,,,4k,,peak_allocated_bytes,989101056,1,/home/sagemaker-user/atma/benchmarks/logs/foveal_cpt/serving_serving_generation_polar_local_287a38db33.log
polar_local,serving,generation,,,4k,,peak_allocated_bytes,989101056,1,/home/sagemaker-user/atma/benchmarks/logs/foveal_cpt/serving_serving_generation_polar_local_a1bcc36331.log
polar_local,serving,generation,,,4k,,peak_reserved_bytes,1054867456,1,/home/sagemaker-user/atma/benchmarks/logs/foveal_cpt/serving_serving_generation_polar_local_287a38db33.log
polar_local,serving,generation,,,4k,,peak_reserved_bytes,1054867456,1,/home/sagemaker-user/atma/benchmarks/logs/foveal_cpt/serving_serving_generation_polar_local_a1bcc36331.log
polar_local,serving,generation,,,4k,,prefill_tokens_per_s,134809.35570869708,1,/home/sagemaker-user/atma/benchmarks/logs/foveal_cpt/serving_serving_generation_polar_local_287a38db33.log
polar_local,serving,generation,,,4k,,prefill_tokens_per_s,117731.02802803769,1,/home/sagemaker-user/atma/benchmarks/logs/foveal_cpt/serving_serving_generation_polar_local_a1bcc36331.log
polar_local,serving,generation,,,64k,,decode_tokens_per_s,458.1292324219716,1,/home/sagemaker-user/atma/benchmarks/logs/foveal_cpt/serving_serving_generation_polar_local_287a38db33.log
polar_local,serving,generation,,,64k,,decode_tokens_per_s,465.6811603311372,1,/home/sagemaker-user/atma/benchmarks/logs/foveal_cpt/serving_serving_generation_polar_local_a1bcc36331.log
polar_local,serving,generation,,,64k,,oom,False,1,/home/sagemaker-user/atma/benchmarks/logs/foveal_cpt/serving_serving_generation_polar_local_287a38db33.log
polar_local,serving,generation,,,64k,,oom,False,1,/home/sagemaker-user/atma/benchmarks/logs/foveal_cpt/serving_serving_generation_polar_local_a1bcc36331.log
polar_local,serving,generation,,,64k,,peak_allocated_bytes,4151050240,1,/home/sagemaker-user/atma/benchmarks/logs/foveal_cpt/serving_serving_generation_polar_local_287a38db33.log
polar_local,serving,generation,,,64k,,peak_allocated_bytes,4151050240,1,/home/sagemaker-user/atma/benchmarks/logs/foveal_cpt/serving_serving_generation_polar_local_a1bcc36331.log
polar_local,serving,generation,,,64k,,peak_reserved_bytes,4175429632,1,/home/sagemaker-user/atma/benchmarks/logs/foveal_cpt/serving_serving_generation_polar_local_287a38db33.log
polar_local,serving,generation,,,64k,,peak_reserved_bytes,4175429632,1,/home/sagemaker-user/atma/benchmarks/logs/foveal_cpt/serving_serving_generation_polar_local_a1bcc36331.log
polar_local,serving,generation,,,64k,,prefill_tokens_per_s,171048.20075437013,1,/home/sagemaker-user/atma/benchmarks/logs/foveal_cpt/serving_serving_generation_polar_local_287a38db33.log
polar_local,serving,generation,,,64k,,prefill_tokens_per_s,170859.95988281028,1,/home/sagemaker-user/atma/benchmarks/logs/foveal_cpt/serving_serving_generation_polar_local_a1bcc36331.log
polar_local,serving,generation,,,8k,,decode_tokens_per_s,465.9728038167678,1,/home/sagemaker-user/atma/benchmarks/logs/foveal_cpt/serving_serving_generation_polar_local_287a38db33.log
polar_local,serving,generation,,,8k,,decode_tokens_per_s,466.5261769279516,1,/home/sagemaker-user/atma/benchmarks/logs/foveal_cpt/serving_serving_generation_polar_local_a1bcc36331.log
polar_local,serving,generation,,,8k,,oom,False,1,/home/sagemaker-user/atma/benchmarks/logs/foveal_cpt/serving_serving_generation_polar_local_287a38db33.log
polar_local,serving,generation,,,8k,,oom,False,1,/home/sagemaker-user/atma/benchmarks/logs/foveal_cpt/serving_serving_generation_polar_local_a1bcc36331.log
polar_local,serving,generation,,,8k,,peak_allocated_bytes,1199897600,1,/home/sagemaker-user/atma/benchmarks/logs/foveal_cpt/serving_serving_generation_polar_local_287a38db33.log
polar_local,serving,generation,,,8k,,peak_allocated_bytes,1199897600,1,/home/sagemaker-user/atma/benchmarks/logs/foveal_cpt/serving_serving_generation_polar_local_a1bcc36331.log
polar_local,serving,generation,,,8k,,peak_reserved_bytes,1237319680,1,/home/sagemaker-user/atma/benchmarks/logs/foveal_cpt/serving_serving_generation_polar_local_287a38db33.log
polar_local,serving,generation,,,8k,,peak_reserved_bytes,1237319680,1,/home/sagemaker-user/atma/benchmarks/logs/foveal_cpt/serving_serving_generation_polar_local_a1bcc36331.log
polar_local,serving,generation,,,8k,,prefill_tokens_per_s,167876.23014736088,1,/home/sagemaker-user/atma/benchmarks/logs/foveal_cpt/serving_serving_generation_polar_local_287a38db33.log
polar_local,serving,generation,,,8k,,prefill_tokens_per_s,160612.84254361823,1,/home/sagemaker-user/atma/benchmarks/logs/foveal_cpt/serving_serving_generation_polar_local_a1bcc36331.log
polar_local,serving,generation,,,,,max_successful_context_tokens,131072,,/home/sagemaker-user/atma/benchmarks/logs/foveal_cpt/serving_serving_generation_polar_local_287a38db33.log
polar_local,serving,generation,,,,,max_successful_context_tokens,262144,,/home/sagemaker-user/atma/benchmarks/logs/foveal_cpt/serving_serving_generation_polar_local_a1bcc36331.log
rope_kl,base,zero_shot,arc_challenge,,,,accuracy,0.24749163879598662,299,/home/sagemaker-user/atma/benchmarks/logs/foveal_cpt/base_base_zero_shot_rope_kl_fb34ef73ac.log
rope_kl,base,zero_shot,arc_challenge,,,,accuracy_norm,0.2809364548494983,299,/home/sagemaker-user/atma/benchmarks/logs/foveal_cpt/base_base_zero_shot_rope_kl_fb34ef73ac.log
rope_kl,base,zero_shot,arc_easy,,,,accuracy,0.5807017543859649,570,/home/sagemaker-user/atma/benchmarks/logs/foveal_cpt/base_base_zero_shot_rope_kl_fb34ef73ac.log
rope_kl,base,zero_shot,arc_easy,,,,accuracy_norm,0.49298245614035086,570,/home/sagemaker-user/atma/benchmarks/logs/foveal_cpt/base_base_zero_shot_rope_kl_fb34ef73ac.log
rope_kl,base,zero_shot,boolq,,,,accuracy,0.600611620795107,3270,/home/sagemaker-user/atma/benchmarks/logs/foveal_cpt/base_base_zero_shot_rope_kl_fb34ef73ac.log
rope_kl,base,zero_shot,boolq,,,,accuracy_norm,0.600611620795107,3270,/home/sagemaker-user/atma/benchmarks/logs/foveal_cpt/base_base_zero_shot_rope_kl_fb34ef73ac.log
rope_kl,base,zero_shot,hellaswag,,,,accuracy,0.32523401712806216,10042,/home/sagemaker-user/atma/benchmarks/logs/foveal_cpt/base_base_zero_shot_rope_kl_fb34ef73ac.log
rope_kl,base,zero_shot,hellaswag,,,,accuracy_norm,0.3745269866560446,10042,/home/sagemaker-user/atma/benchmarks/logs/foveal_cpt/base_base_zero_shot_rope_kl_fb34ef73ac.log
rope_kl,base,zero_shot,lambada,,,,accuracy,0.2850766543760916,5153,/home/sagemaker-user/atma/benchmarks/logs/foveal_cpt/base_base_zero_shot_rope_kl_fb34ef73ac.log
rope_kl,base,zero_shot,lambada,,,,target_nll,3.1439535824248095,5153,/home/sagemaker-user/atma/benchmarks/logs/foveal_cpt/base_base_zero_shot_rope_kl_fb34ef73ac.log
rope_kl,base,zero_shot,lambada,,,,target_perplexity,23.195390704999024,5153,/home/sagemaker-user/atma/benchmarks/logs/foveal_cpt/base_base_zero_shot_rope_kl_fb34ef73ac.log
rope_kl,base,zero_shot,openbookqa,,,,accuracy,0.208,500,/home/sagemaker-user/atma/benchmarks/logs/foveal_cpt/base_base_zero_shot_rope_kl_fb34ef73ac.log
rope_kl,base,zero_shot,openbookqa,,,,accuracy_norm,0.326,500,/home/sagemaker-user/atma/benchmarks/logs/foveal_cpt/base_base_zero_shot_rope_kl_fb34ef73ac.log
rope_kl,base,zero_shot,piqa,,,,accuracy,0.6741022850924918,1838,/home/sagemaker-user/atma/benchmarks/logs/foveal_cpt/base_base_zero_shot_rope_kl_fb34ef73ac.log
rope_kl,base,zero_shot,piqa,,,,accuracy_norm,0.6675734494015234,1838,/home/sagemaker-user/atma/benchmarks/logs/foveal_cpt/base_base_zero_shot_rope_kl_fb34ef73ac.log
rope_kl,base,zero_shot,winogrande,,,,accuracy,0.5114443567482242,1267,/home/sagemaker-user/atma/benchmarks/logs/foveal_cpt/base_base_zero_shot_rope_kl_fb34ef73ac.log
rope_kl,base,zero_shot,winogrande,,,,accuracy_norm,0.510655090765588,1267,/home/sagemaker-user/atma/benchmarks/logs/foveal_cpt/base_base_zero_shot_rope_kl_fb34ef73ac.log
rope_kl,longdoc,fixed_target,,codelion/finepdfs-1B,128k,,bits_per_byte,1.082240815686634,4,/home/sagemaker-user/atma/benchmarks/logs/foveal_cpt/longdoc_longdoc_fixed_target_rope_kl_7eb15cecd8.log
rope_kl,longdoc,fixed_target,,codelion/finepdfs-1B,128k,,nll_nats_per_token,1.2841960489749908,4,/home/sagemaker-user/atma/benchmarks/logs/foveal_cpt/longdoc_longdoc_fixed_target_rope_kl_7eb15cecd8.log
rope_kl,longdoc,fixed_target,,codelion/finepdfs-1B,128k,,perplexity,3.6117631090424687,4,/home/sagemaker-user/atma/benchmarks/logs/foveal_cpt/longdoc_longdoc_fixed_target_rope_kl_7eb15cecd8.log
rope_kl,longdoc,fixed_target,,codelion/finepdfs-1B,16k,,bits_per_byte,1.0273971702415925,4,/home/sagemaker-user/atma/benchmarks/logs/foveal_cpt/longdoc_longdoc_fixed_target_rope_kl_7eb15cecd8.log
rope_kl,longdoc,fixed_target,,codelion/finepdfs-1B,16k,,nll_nats_per_token,1.2191181182861328,4,/home/sagemaker-user/atma/benchmarks/logs/foveal_cpt/longdoc_longdoc_fixed_target_rope_kl_7eb15cecd8.log
rope_kl,longdoc,fixed_target,,codelion/finepdfs-1B,16k,,perplexity,3.384201951444478,4,/home/sagemaker-user/atma/benchmarks/logs/foveal_cpt/longdoc_longdoc_fixed_target_rope_kl_7eb15cecd8.log
rope_kl,longdoc,fixed_target,,codelion/finepdfs-1B,256k,,bits_per_byte,1.0502048771935406,4,/home/sagemaker-user/atma/benchmarks/logs/foveal_cpt/longdoc_longdoc_fixed_target_rope_kl_7eb15cecd8.log
rope_kl,longdoc,fixed_target,,codelion/finepdfs-1B,256k,,nll_nats_per_token,1.2461819350719452,4,/home/sagemaker-user/atma/benchmarks/logs/foveal_cpt/longdoc_longdoc_fixed_target_rope_kl_7eb15cecd8.log
rope_kl,longdoc,fixed_target,,codelion/finepdfs-1B,256k,,perplexity,3.47704200952849,4,/home/sagemaker-user/atma/benchmarks/logs/foveal_cpt/longdoc_longdoc_fixed_target_rope_kl_7eb15cecd8.log
rope_kl,longdoc,fixed_target,,codelion/finepdfs-1B,2k,,bits_per_byte,0.9490809213396681,4,/home/sagemaker-user/atma/benchmarks/logs/foveal_cpt/longdoc_longdoc_fixed_target_rope_kl_7eb15cecd8.log
rope_kl,longdoc,fixed_target,,codelion/finepdfs-1B,2k,,nll_nats_per_token,1.1261873990297318,4,/home/sagemaker-user/atma/benchmarks/logs/foveal_cpt/longdoc_longdoc_fixed_target_rope_kl_7eb15cecd8.log
rope_kl,longdoc,fixed_target,,codelion/finepdfs-1B,2k,,perplexity,3.0838764676997155,4,/home/sagemaker-user/atma/benchmarks/logs/foveal_cpt/longdoc_longdoc_fixed_target_rope_kl_7eb15cecd8.log
rope_kl,longdoc,fixed_target,,codelion/finepdfs-1B,32k,,bits_per_byte,1.0653050237919177,4,/home/sagemaker-user/atma/benchmarks/logs/foveal_cpt/longdoc_longdoc_fixed_target_rope_kl_7eb15cecd8.log
rope_kl,longdoc,fixed_target,,codelion/finepdfs-1B,32k,,nll_nats_per_token,1.264099895954132,4,/home/sagemaker-user/atma/benchmarks/logs/foveal_cpt/longdoc_longdoc_fixed_target_rope_kl_7eb15cecd8.log
rope_kl,longdoc,fixed_target,,codelion/finepdfs-1B,32k,,perplexity,3.539905018856144,4,/home/sagemaker-user/atma/benchmarks/logs/foveal_cpt/longdoc_longdoc_fixed_target_rope_kl_7eb15cecd8.log
rope_kl,longdoc,fixed_target,,codelion/finepdfs-1B,4k,,bits_per_byte,0.9658798711618541,4,/home/sagemaker-user/atma/benchmarks/logs/foveal_cpt/longdoc_longdoc_fixed_target_rope_kl_7eb15cecd8.log
rope_kl,longdoc,fixed_target,,codelion/finepdfs-1B,4k,,nll_nats_per_token,1.1461211740970612,4,/home/sagemaker-user/atma/benchmarks/logs/foveal_cpt/longdoc_longdoc_fixed_target_rope_kl_7eb15cecd8.log
rope_kl,longdoc,fixed_target,,codelion/finepdfs-1B,4k,,perplexity,3.145966556501989,4,/home/sagemaker-user/atma/benchmarks/logs/foveal_cpt/longdoc_longdoc_fixed_target_rope_kl_7eb15cecd8.log
rope_kl,longdoc,fixed_target,,codelion/finepdfs-1B,64k,,bits_per_byte,1.0517102027802496,4,/home/sagemaker-user/atma/benchmarks/logs/foveal_cpt/longdoc_longdoc_fixed_target_rope_kl_7eb15cecd8.log
rope_kl,longdoc,fixed_target,,codelion/finepdfs-1B,64k,,nll_nats_per_token,1.247968167066574,4,/home/sagemaker-user/atma/benchmarks/logs/foveal_cpt/longdoc_longdoc_fixed_target_rope_kl_7eb15cecd8.log
rope_kl,longdoc,fixed_target,,codelion/finepdfs-1B,64k,,perplexity,3.483258363484904,4,/home/sagemaker-user/atma/benchmarks/logs/foveal_cpt/longdoc_longdoc_fixed_target_rope_kl_7eb15cecd8.log
rope_kl,longdoc,fixed_target,,codelion/finepdfs-1B,8k,,bits_per_byte,0.9609451930727089,4,/home/sagemaker-user/atma/benchmarks/logs/foveal_cpt/longdoc_longdoc_fixed_target_rope_kl_7eb15cecd8.log
rope_kl,longdoc,fixed_target,,codelion/finepdfs-1B,8k,,nll_nats_per_token,1.1402656435966492,4,/home/sagemaker-user/atma/benchmarks/logs/foveal_cpt/longdoc_longdoc_fixed_target_rope_kl_7eb15cecd8.log
rope_kl,longdoc,fixed_target,,codelion/finepdfs-1B,8k,,perplexity,3.127599081512924,4,/home/sagemaker-user/atma/benchmarks/logs/foveal_cpt/longdoc_longdoc_fixed_target_rope_kl_7eb15cecd8.log
rope_kl,longdoc,fixed_target,,emozilla/pg19,128k,,bits_per_byte,1.12045018499815,4,/home/sagemaker-user/atma/benchmarks/logs/foveal_cpt/longdoc_longdoc_fixed_target_rope_kl_7eb15cecd8.log
rope_kl,longdoc,fixed_target,,emozilla/pg19,128k,,nll_nats_per_token,3.1224746704101562,4,/home/sagemaker-user/atma/benchmarks/logs/foveal_cpt/longdoc_longdoc_fixed_target_rope_kl_7eb15cecd8.log
rope_kl,longdoc,fixed_target,,emozilla/pg19,128k,,perplexity,22.702491369153847,4,/home/sagemaker-user/atma/benchmarks/logs/foveal_cpt/longdoc_longdoc_fixed_target_rope_kl_7eb15cecd8.log
rope_kl,longdoc,fixed_target,,emozilla/pg19,16k,,bits_per_byte,1.116122629960017,4,/home/sagemaker-user/atma/benchmarks/logs/foveal_cpt/longdoc_longdoc_fixed_target_rope_kl_7eb15cecd8.log
rope_kl,longdoc,fixed_target,,emozilla/pg19,16k,,nll_nats_per_token,3.1104146242141724,4,/home/sagemaker-user/atma/benchmarks/logs/foveal_cpt/longdoc_longdoc_fixed_target_rope_kl_7eb15cecd8.log
rope_kl,longdoc,fixed_target,,emozilla/pg19,16k,,perplexity,22.4303426361655,4,/home/sagemaker-user/atma/benchmarks/logs/foveal_cpt/longdoc_longdoc_fixed_target_rope_kl_7eb15cecd8.log
rope_kl,longdoc,fixed_target,,emozilla/pg19,256k,,bits_per_byte,1.119885943548562,4,/home/sagemaker-user/atma/benchmarks/logs/foveal_cpt/longdoc_longdoc_fixed_target_rope_kl_7eb15cecd8.log
rope_kl,longdoc,fixed_target,,emozilla/pg19,256k,,nll_nats_per_token,3.1209022402763367,4,/home/sagemaker-user/atma/benchmarks/logs/foveal_cpt/longdoc_longdoc_fixed_target_rope_kl_7eb15cecd8.log
rope_kl,longdoc,fixed_target,,emozilla/pg19,256k,,perplexity,22.66682133927676,4,/home/sagemaker-user/atma/benchmarks/logs/foveal_cpt/longdoc_longdoc_fixed_target_rope_kl_7eb15cecd8.log
rope_kl,longdoc,fixed_target,,emozilla/pg19,2k,,bits_per_byte,1.1167894277096233,4,/home/sagemaker-user/atma/benchmarks/logs/foveal_cpt/longdoc_longdoc_fixed_target_rope_kl_7eb15cecd8.log
rope_kl,longdoc,fixed_target,,emozilla/pg19,2k,,nll_nats_per_token,3.11227285861969,4,/home/sagemaker-user/atma/benchmarks/logs/foveal_cpt/longdoc_longdoc_fixed_target_rope_kl_7eb15cecd8.log
rope_kl,longdoc,fixed_target,,emozilla/pg19,2k,,perplexity,22.47206222095856,4,/home/sagemaker-user/atma/benchmarks/logs/foveal_cpt/longdoc_longdoc_fixed_target_rope_kl_7eb15cecd8.log
rope_kl,longdoc,fixed_target,,emozilla/pg19,32k,,bits_per_byte,1.117302145045188,4,/home/sagemaker-user/atma/benchmarks/logs/foveal_cpt/longdoc_longdoc_fixed_target_rope_kl_7eb15cecd8.log
rope_kl,longdoc,fixed_target,,emozilla/pg19,32k,,nll_nats_per_token,3.1137017011642456,4,/home/sagemaker-user/atma/benchmarks/logs/foveal_cpt/longdoc_longdoc_fixed_target_rope_kl_7eb15cecd8.log
rope_kl,longdoc,fixed_target,,emozilla/pg19,32k,,perplexity,22.50419420983344,4,/home/sagemaker-user/atma/benchmarks/logs/foveal_cpt/longdoc_longdoc_fixed_target_rope_kl_7eb15cecd8.log
rope_kl,longdoc,fixed_target,,emozilla/pg19,4k,,bits_per_byte,1.1177219521477435,4,/home/sagemaker-user/atma/benchmarks/logs/foveal_cpt/longdoc_longdoc_fixed_target_rope_kl_7eb15cecd8.log
rope_kl,longdoc,fixed_target,,emozilla/pg19,4k,,nll_nats_per_token,3.114871621131897,4,/home/sagemaker-user/atma/benchmarks/logs/foveal_cpt/longdoc_longdoc_fixed_target_rope_kl_7eb15cecd8.log
rope_kl,longdoc,fixed_target,,emozilla/pg19,4k,,perplexity,22.530537722891676,4,/home/sagemaker-user/atma/benchmarks/logs/foveal_cpt/longdoc_longdoc_fixed_target_rope_kl_7eb15cecd8.log
rope_kl,longdoc,fixed_target,,emozilla/pg19,64k,,bits_per_byte,1.1173204747113226,4,/home/sagemaker-user/atma/benchmarks/logs/foveal_cpt/longdoc_longdoc_fixed_target_rope_kl_7eb15cecd8.log
rope_kl,longdoc,fixed_target,,emozilla/pg19,64k,,nll_nats_per_token,3.113752782344818,4,/home/sagemaker-user/atma/benchmarks/logs/foveal_cpt/longdoc_longdoc_fixed_target_rope_kl_7eb15cecd8.log
rope_kl,longdoc,fixed_target,,emozilla/pg19,64k,,perplexity,22.50534378000196,4,/home/sagemaker-user/atma/benchmarks/logs/foveal_cpt/longdoc_longdoc_fixed_target_rope_kl_7eb15cecd8.log
rope_kl,longdoc,fixed_target,,emozilla/pg19,8k,,bits_per_byte,1.1118905731240905,4,/home/sagemaker-user/atma/benchmarks/logs/foveal_cpt/longdoc_longdoc_fixed_target_rope_kl_7eb15cecd8.log
rope_kl,longdoc,fixed_target,,emozilla/pg19,8k,,nll_nats_per_token,3.0986207127571106,4,/home/sagemaker-user/atma/benchmarks/logs/foveal_cpt/longdoc_longdoc_fixed_target_rope_kl_7eb15cecd8.log
rope_kl,longdoc,fixed_target,,emozilla/pg19,8k,,perplexity,22.16735503577713,4,/home/sagemaker-user/atma/benchmarks/logs/foveal_cpt/longdoc_longdoc_fixed_target_rope_kl_7eb15cecd8.log
rope_kl,longdoc,fixed_target,,hoskinson-center/proof-pile,128k,,bits_per_byte,2.2223123497282726,4,/home/sagemaker-user/atma/benchmarks/logs/foveal_cpt/longdoc_longdoc_fixed_target_rope_kl_7eb15cecd8.log
rope_kl,longdoc,fixed_target,,hoskinson-center/proof-pile,128k,,nll_nats_per_token,4.154839754104614,4,/home/sagemaker-user/atma/benchmarks/logs/foveal_cpt/longdoc_longdoc_fixed_target_rope_kl_7eb15cecd8.log
rope_kl,longdoc,fixed_target,,hoskinson-center/proof-pile,128k,,perplexity,63.74174937566292,4,/home/sagemaker-user/atma/benchmarks/logs/foveal_cpt/longdoc_longdoc_fixed_target_rope_kl_7eb15cecd8.log
rope_kl,longdoc,fixed_target,,hoskinson-center/proof-pile,16k,,bits_per_byte,2.2384065743667,4,/home/sagemaker-user/atma/benchmarks/logs/foveal_cpt/longdoc_longdoc_fixed_target_rope_kl_7eb15cecd8.log
rope_kl,longdoc,fixed_target,,hoskinson-center/proof-pile,16k,,nll_nats_per_token,4.184929549694061,4,/home/sagemaker-user/atma/benchmarks/logs/foveal_cpt/longdoc_longdoc_fixed_target_rope_kl_7eb15cecd8.log
rope_kl,longdoc,fixed_target,,hoskinson-center/proof-pile,16k,,perplexity,65.68887295252259,4,/home/sagemaker-user/atma/benchmarks/logs/foveal_cpt/longdoc_longdoc_fixed_target_rope_kl_7eb15cecd8.log
rope_kl,longdoc,fixed_target,,hoskinson-center/proof-pile,256k,,bits_per_byte,2.2338845519609474,4,/home/sagemaker-user/atma/benchmarks/logs/foveal_cpt/longdoc_longdoc_fixed_target_rope_kl_7eb15cecd8.log
rope_kl,longdoc,fixed_target,,hoskinson-center/proof-pile,256k,,nll_nats_per_token,4.176475167274475,4,/home/sagemaker-user/atma/benchmarks/logs/foveal_cpt/longdoc_longdoc_fixed_target_rope_kl_7eb15cecd8.log
rope_kl,longdoc,fixed_target,,hoskinson-center/proof-pile,256k,,perplexity,65.13585510603143,4,/home/sagemaker-user/atma/benchmarks/logs/foveal_cpt/longdoc_longdoc_fixed_target_rope_kl_7eb15cecd8.log
rope_kl,longdoc,fixed_target,,hoskinson-center/proof-pile,2k,,bits_per_byte,2.205241612330571,4,/home/sagemaker-user/atma/benchmarks/logs/foveal_cpt/longdoc_longdoc_fixed_target_rope_kl_7eb15cecd8.log
rope_kl,longdoc,fixed_target,,hoskinson-center/proof-pile,2k,,nll_nats_per_token,4.122924268245697,4,/home/sagemaker-user/atma/benchmarks/logs/foveal_cpt/longdoc_longdoc_fixed_target_rope_kl_7eb15cecd8.log
rope_kl,longdoc,fixed_target,,hoskinson-center/proof-pile,2k,,perplexity,61.739521465714276,4,/home/sagemaker-user/atma/benchmarks/logs/foveal_cpt/longdoc_longdoc_fixed_target_rope_kl_7eb15cecd8.log
rope_kl,longdoc,fixed_target,,hoskinson-center/proof-pile,32k,,bits_per_byte,2.2079995037035314,4,/home/sagemaker-user/atma/benchmarks/logs/foveal_cpt/longdoc_longdoc_fixed_target_rope_kl_7eb15cecd8.log
rope_kl,longdoc,fixed_target,,hoskinson-center/proof-pile,32k,,nll_nats_per_token,4.128080427646637,4,/home/sagemaker-user/atma/benchmarks/logs/foveal_cpt/longdoc_longdoc_fixed_target_rope_kl_7eb15cecd8.log
rope_kl,longdoc,fixed_target,,hoskinson-center/proof-pile,32k,,perplexity,62.05868239494189,4,/home/sagemaker-user/atma/benchmarks/logs/foveal_cpt/longdoc_longdoc_fixed_target_rope_kl_7eb15cecd8.log
rope_kl,longdoc,fixed_target,,hoskinson-center/proof-pile,4k,,bits_per_byte,2.2225938901845947,4,/home/sagemaker-user/atma/benchmarks/logs/foveal_cpt/longdoc_longdoc_fixed_target_rope_kl_7eb15cecd8.log
rope_kl,longdoc,fixed_target,,hoskinson-center/proof-pile,4k,,nll_nats_per_token,4.155366122722626,4,/home/sagemaker-user/atma/benchmarks/logs/foveal_cpt/longdoc_longdoc_fixed_target_rope_kl_7eb15cecd8.log
rope_kl,longdoc,fixed_target,,hoskinson-center/proof-pile,4k,,perplexity,63.77530986401049,4,/home/sagemaker-user/atma/benchmarks/logs/foveal_cpt/longdoc_longdoc_fixed_target_rope_kl_7eb15cecd8.log
rope_kl,longdoc,fixed_target,,hoskinson-center/proof-pile,64k,,bits_per_byte,2.1432489288177474,4,/home/sagemaker-user/atma/benchmarks/logs/foveal_cpt/longdoc_longdoc_fixed_target_rope_kl_7eb15cecd8.log
rope_kl,longdoc,fixed_target,,hoskinson-center/proof-pile,64k,,nll_nats_per_token,4.0070226192474365,4,/home/sagemaker-user/atma/benchmarks/logs/foveal_cpt/longdoc_longdoc_fixed_target_rope_kl_7eb15cecd8.log
rope_kl,longdoc,fixed_target,,hoskinson-center/proof-pile,64k,,perplexity,54.9829215229574,4,/home/sagemaker-user/atma/benchmarks/logs/foveal_cpt/longdoc_longdoc_fixed_target_rope_kl_7eb15cecd8.log
rope_kl,longdoc,fixed_target,,hoskinson-center/proof-pile,8k,,bits_per_byte,2.2490079386449047,4,/home/sagemaker-user/atma/benchmarks/logs/foveal_cpt/longdoc_longdoc_fixed_target_rope_kl_7eb15cecd8.log
rope_kl,longdoc,fixed_target,,hoskinson-center/proof-pile,8k,,nll_nats_per_token,4.204749882221222,4,/home/sagemaker-user/atma/benchmarks/logs/foveal_cpt/longdoc_longdoc_fixed_target_rope_kl_7eb15cecd8.log
rope_kl,longdoc,fixed_target,,hoskinson-center/proof-pile,8k,,perplexity,67.00383671947681,4,/home/sagemaker-user/atma/benchmarks/logs/foveal_cpt/longdoc_longdoc_fixed_target_rope_kl_7eb15cecd8.log
rope_kl,retrieval,synthetic,niah,synthetic-filler,128k,0.1,exact_match,0.0,10,/home/sagemaker-user/atma/benchmarks/logs/foveal_cpt/retrieval_retrieval_synthetic_rope_kl_ef546bfa23.log
rope_kl,retrieval,synthetic,niah,synthetic-filler,128k,0.1,nll_nats_per_token,3.9116164779663087,10,/home/sagemaker-user/atma/benchmarks/logs/foveal_cpt/retrieval_retrieval_synthetic_rope_kl_ef546bfa23.log
rope_kl,retrieval,synthetic,niah,synthetic-filler,128k,0.1,token_accuracy,0.0,10,/home/sagemaker-user/atma/benchmarks/logs/foveal_cpt/retrieval_retrieval_synthetic_rope_kl_ef546bfa23.log
rope_kl,retrieval,synthetic,niah,synthetic-filler,128k,0.5,exact_match,0.0,10,/home/sagemaker-user/atma/benchmarks/logs/foveal_cpt/retrieval_retrieval_synthetic_rope_kl_ef546bfa23.log
rope_kl,retrieval,synthetic,niah,synthetic-filler,128k,0.5,nll_nats_per_token,3.8932925033569337,10,/home/sagemaker-user/atma/benchmarks/logs/foveal_cpt/retrieval_retrieval_synthetic_rope_kl_ef546bfa23.log
rope_kl,retrieval,synthetic,niah,synthetic-filler,128k,0.5,token_accuracy,0.0,10,/home/sagemaker-user/atma/benchmarks/logs/foveal_cpt/retrieval_retrieval_synthetic_rope_kl_ef546bfa23.log
rope_kl,retrieval,synthetic,niah,synthetic-filler,128k,0.9,exact_match,0.0,10,/home/sagemaker-user/atma/benchmarks/logs/foveal_cpt/retrieval_retrieval_synthetic_rope_kl_ef546bfa23.log
rope_kl,retrieval,synthetic,niah,synthetic-filler,128k,0.9,nll_nats_per_token,3.8965298080444337,10,/home/sagemaker-user/atma/benchmarks/logs/foveal_cpt/retrieval_retrieval_synthetic_rope_kl_ef546bfa23.log
rope_kl,retrieval,synthetic,niah,synthetic-filler,128k,0.9,token_accuracy,0.0,10,/home/sagemaker-user/atma/benchmarks/logs/foveal_cpt/retrieval_retrieval_synthetic_rope_kl_ef546bfa23.log
rope_kl,retrieval,synthetic,niah,synthetic-filler,16k,0.1,exact_match,0.0,10,/home/sagemaker-user/atma/benchmarks/logs/foveal_cpt/retrieval_retrieval_synthetic_rope_kl_ef546bfa23.log
rope_kl,retrieval,synthetic,niah,synthetic-filler,16k,0.1,nll_nats_per_token,3.9113195037841795,10,/home/sagemaker-user/atma/benchmarks/logs/foveal_cpt/retrieval_retrieval_synthetic_rope_kl_ef546bfa23.log
rope_kl,retrieval,synthetic,niah,synthetic-filler,16k,0.1,token_accuracy,0.0,10,/home/sagemaker-user/atma/benchmarks/logs/foveal_cpt/retrieval_retrieval_synthetic_rope_kl_ef546bfa23.log
rope_kl,retrieval,synthetic,niah,synthetic-filler,16k,0.5,exact_match,0.0,10,/home/sagemaker-user/atma/benchmarks/logs/foveal_cpt/retrieval_retrieval_synthetic_rope_kl_ef546bfa23.log
rope_kl,retrieval,synthetic,niah,synthetic-filler,16k,0.5,nll_nats_per_token,4.015336494445801,10,/home/sagemaker-user/atma/benchmarks/logs/foveal_cpt/retrieval_retrieval_synthetic_rope_kl_ef546bfa23.log
rope_kl,retrieval,synthetic,niah,synthetic-filler,16k,0.5,token_accuracy,0.0,10,/home/sagemaker-user/atma/benchmarks/logs/foveal_cpt/retrieval_retrieval_synthetic_rope_kl_ef546bfa23.log
rope_kl,retrieval,synthetic,niah,synthetic-filler,16k,0.9,exact_match,0.0,10,/home/sagemaker-user/atma/benchmarks/logs/foveal_cpt/retrieval_retrieval_synthetic_rope_kl_ef546bfa23.log
rope_kl,retrieval,synthetic,niah,synthetic-filler,16k,0.9,nll_nats_per_token,4.0059300231933594,10,/home/sagemaker-user/atma/benchmarks/logs/foveal_cpt/retrieval_retrieval_synthetic_rope_kl_ef546bfa23.log
rope_kl,retrieval,synthetic,niah,synthetic-filler,16k,0.9,token_accuracy,0.0,10,/home/sagemaker-user/atma/benchmarks/logs/foveal_cpt/retrieval_retrieval_synthetic_rope_kl_ef546bfa23.log
rope_kl,retrieval,synthetic,niah,synthetic-filler,256k,0.1,exact_match,0.0,10,/home/sagemaker-user/atma/benchmarks/logs/foveal_cpt/retrieval_retrieval_synthetic_rope_kl_ef546bfa23.log
rope_kl,retrieval,synthetic,niah,synthetic-filler,256k,0.1,nll_nats_per_token,4.075890655517578,10,/home/sagemaker-user/atma/benchmarks/logs/foveal_cpt/retrieval_retrieval_synthetic_rope_kl_ef546bfa23.log
rope_kl,retrieval,synthetic,niah,synthetic-filler,256k,0.1,token_accuracy,0.0,10,/home/sagemaker-user/atma/benchmarks/logs/foveal_cpt/retrieval_retrieval_synthetic_rope_kl_ef546bfa23.log
rope_kl,retrieval,synthetic,niah,synthetic-filler,256k,0.5,exact_match,0.0,10,/home/sagemaker-user/atma/benchmarks/logs/foveal_cpt/retrieval_retrieval_synthetic_rope_kl_ef546bfa23.log
rope_kl,retrieval,synthetic,niah,synthetic-filler,256k,0.5,nll_nats_per_token,4.064133186340332,10,/home/sagemaker-user/atma/benchmarks/logs/foveal_cpt/retrieval_retrieval_synthetic_rope_kl_ef546bfa23.log
rope_kl,retrieval,synthetic,niah,synthetic-filler,256k,0.5,token_accuracy,0.0,10,/home/sagemaker-user/atma/benchmarks/logs/foveal_cpt/retrieval_retrieval_synthetic_rope_kl_ef546bfa23.log
rope_kl,retrieval,synthetic,niah,synthetic-filler,256k,0.9,exact_match,0.0,10,/home/sagemaker-user/atma/benchmarks/logs/foveal_cpt/retrieval_retrieval_synthetic_rope_kl_ef546bfa23.log
rope_kl,retrieval,synthetic,niah,synthetic-filler,256k,0.9,nll_nats_per_token,1.8949216842651366,10,/home/sagemaker-user/atma/benchmarks/logs/foveal_cpt/retrieval_retrieval_synthetic_rope_kl_ef546bfa23.log
rope_kl,retrieval,synthetic,niah,synthetic-filler,256k,0.9,token_accuracy,50.0,10,/home/sagemaker-user/atma/benchmarks/logs/foveal_cpt/retrieval_retrieval_synthetic_rope_kl_ef546bfa23.log
rope_kl,retrieval,synthetic,niah,synthetic-filler,2k,0.1,exact_match,0.0,10,/home/sagemaker-user/atma/benchmarks/logs/foveal_cpt/retrieval_retrieval_synthetic_rope_kl_ef546bfa23.log
rope_kl,retrieval,synthetic,niah,synthetic-filler,2k,0.1,nll_nats_per_token,1.7058608722686768,10,/home/sagemaker-user/atma/benchmarks/logs/foveal_cpt/retrieval_retrieval_synthetic_rope_kl_ef546bfa23.log
rope_kl,retrieval,synthetic,niah,synthetic-filler,2k,0.1,token_accuracy,60.0,10,/home/sagemaker-user/atma/benchmarks/logs/foveal_cpt/retrieval_retrieval_synthetic_rope_kl_ef546bfa23.log
rope_kl,retrieval,synthetic,niah,synthetic-filler,2k,0.5,exact_match,30.0,10,/home/sagemaker-user/atma/benchmarks/logs/foveal_cpt/retrieval_retrieval_synthetic_rope_kl_ef546bfa23.log
rope_kl,retrieval,synthetic,niah,synthetic-filler,2k,0.5,exact_match,50.0,2,/home/sagemaker-user/atma/benchmarks/logs/foveal_cpt/smoke_retrieval_synthetic_rope_kl_4d647407bb.log
rope_kl,retrieval,synthetic,niah,synthetic-filler,2k,0.5,exact_match,40.0,5,/home/sagemaker-user/atma/benchmarks/logs/foveal_cpt/smoke_retrieval_synthetic_rope_kl_85de83c9f8.log
rope_kl,retrieval,synthetic,niah,synthetic-filler,2k,0.5,nll_nats_per_token,1.0397404670715331,10,/home/sagemaker-user/atma/benchmarks/logs/foveal_cpt/retrieval_retrieval_synthetic_rope_kl_ef546bfa23.log
rope_kl,retrieval,synthetic,niah,synthetic-filler,2k,0.5,nll_nats_per_token,1.0216735363006593,2,/home/sagemaker-user/atma/benchmarks/logs/foveal_cpt/smoke_retrieval_synthetic_rope_kl_4d647407bb.log
rope_kl,retrieval,synthetic,niah,synthetic-filler,2k,0.5,nll_nats_per_token,1.0256179618835448,5,/home/sagemaker-user/atma/benchmarks/logs/foveal_cpt/smoke_retrieval_synthetic_rope_kl_85de83c9f8.log
rope_kl,retrieval,synthetic,niah,synthetic-filler,2k,0.5,token_accuracy,80.0,10,/home/sagemaker-user/atma/benchmarks/logs/foveal_cpt/retrieval_retrieval_synthetic_rope_kl_ef546bfa23.log
rope_kl,retrieval,synthetic,niah,synthetic-filler,2k,0.5,token_accuracy,90.0,2,/home/sagemaker-user/atma/benchmarks/logs/foveal_cpt/smoke_retrieval_synthetic_rope_kl_4d647407bb.log
rope_kl,retrieval,synthetic,niah,synthetic-filler,2k,0.5,token_accuracy,84.0,5,/home/sagemaker-user/atma/benchmarks/logs/foveal_cpt/smoke_retrieval_synthetic_rope_kl_85de83c9f8.log
rope_kl,retrieval,synthetic,niah,synthetic-filler,2k,0.9,exact_match,90.0,10,/home/sagemaker-user/atma/benchmarks/logs/foveal_cpt/retrieval_retrieval_synthetic_rope_kl_ef546bfa23.log
rope_kl,retrieval,synthetic,niah,synthetic-filler,2k,0.9,nll_nats_per_token,0.7025507640838623,10,/home/sagemaker-user/atma/benchmarks/logs/foveal_cpt/retrieval_retrieval_synthetic_rope_kl_ef546bfa23.log
rope_kl,retrieval,synthetic,niah,synthetic-filler,2k,0.9,token_accuracy,98.0,10,/home/sagemaker-user/atma/benchmarks/logs/foveal_cpt/retrieval_retrieval_synthetic_rope_kl_ef546bfa23.log
rope_kl,retrieval,synthetic,niah,synthetic-filler,32k,0.1,exact_match,0.0,10,/home/sagemaker-user/atma/benchmarks/logs/foveal_cpt/retrieval_retrieval_synthetic_rope_kl_ef546bfa23.log
rope_kl,retrieval,synthetic,niah,synthetic-filler,32k,0.1,nll_nats_per_token,4.017183647155762,10,/home/sagemaker-user/atma/benchmarks/logs/foveal_cpt/retrieval_retrieval_synthetic_rope_kl_ef546bfa23.log
rope_kl,retrieval,synthetic,niah,synthetic-filler,32k,0.1,token_accuracy,0.0,10,/home/sagemaker-user/atma/benchmarks/logs/foveal_cpt/retrieval_retrieval_synthetic_rope_kl_ef546bfa23.log
rope_kl,retrieval,synthetic,niah,synthetic-filler,32k,0.5,exact_match,0.0,10,/home/sagemaker-user/atma/benchmarks/logs/foveal_cpt/retrieval_retrieval_synthetic_rope_kl_ef546bfa23.log
rope_kl,retrieval,synthetic,niah,synthetic-filler,32k,0.5,nll_nats_per_token,4.014803504943847,10,/home/sagemaker-user/atma/benchmarks/logs/foveal_cpt/retrieval_retrieval_synthetic_rope_kl_ef546bfa23.log
rope_kl,retrieval,synthetic,niah,synthetic-filler,32k,0.5,token_accuracy,0.0,10,/home/sagemaker-user/atma/benchmarks/logs/foveal_cpt/retrieval_retrieval_synthetic_rope_kl_ef546bfa23.log
rope_kl,retrieval,synthetic,niah,synthetic-filler,32k,0.9,exact_match,0.0,10,/home/sagemaker-user/atma/benchmarks/logs/foveal_cpt/retrieval_retrieval_synthetic_rope_kl_ef546bfa23.log
rope_kl,retrieval,synthetic,niah,synthetic-filler,32k,0.9,nll_nats_per_token,3.6536286163330076,10,/home/sagemaker-user/atma/benchmarks/logs/foveal_cpt/retrieval_retrieval_synthetic_rope_kl_ef546bfa23.log
rope_kl,retrieval,synthetic,niah,synthetic-filler,32k,0.9,token_accuracy,2.0,10,/home/sagemaker-user/atma/benchmarks/logs/foveal_cpt/retrieval_retrieval_synthetic_rope_kl_ef546bfa23.log
rope_kl,retrieval,synthetic,niah,synthetic-filler,4k,0.1,exact_match,0.0,10,/home/sagemaker-user/atma/benchmarks/logs/foveal_cpt/retrieval_retrieval_synthetic_rope_kl_ef546bfa23.log
rope_kl,retrieval,synthetic,niah,synthetic-filler,4k,0.1,nll_nats_per_token,1.9346388053894044,10,/home/sagemaker-user/atma/benchmarks/logs/foveal_cpt/retrieval_retrieval_synthetic_rope_kl_ef546bfa23.log
rope_kl,retrieval,synthetic,niah,synthetic-filler,4k,0.1,token_accuracy,52.0,10,/home/sagemaker-user/atma/benchmarks/logs/foveal_cpt/retrieval_retrieval_synthetic_rope_kl_ef546bfa23.log
rope_kl,retrieval,synthetic,niah,synthetic-filler,4k,0.5,exact_match,0.0,10,/home/sagemaker-user/atma/benchmarks/logs/foveal_cpt/retrieval_retrieval_synthetic_rope_kl_ef546bfa23.log
rope_kl,retrieval,synthetic,niah,synthetic-filler,4k,0.5,nll_nats_per_token,2.7385721969604493,10,/home/sagemaker-user/atma/benchmarks/logs/foveal_cpt/retrieval_retrieval_synthetic_rope_kl_ef546bfa23.log
rope_kl,retrieval,synthetic,niah,synthetic-filler,4k,0.5,token_accuracy,26.0,10,/home/sagemaker-user/atma/benchmarks/logs/foveal_cpt/retrieval_retrieval_synthetic_rope_kl_ef546bfa23.log
rope_kl,retrieval,synthetic,niah,synthetic-filler,4k,0.9,exact_match,80.0,10,/home/sagemaker-user/atma/benchmarks/logs/foveal_cpt/retrieval_retrieval_synthetic_rope_kl_ef546bfa23.log
rope_kl,retrieval,synthetic,niah,synthetic-filler,4k,0.9,nll_nats_per_token,0.6947102880477906,10,/home/sagemaker-user/atma/benchmarks/logs/foveal_cpt/retrieval_retrieval_synthetic_rope_kl_ef546bfa23.log
rope_kl,retrieval,synthetic,niah,synthetic-filler,4k,0.9,token_accuracy,96.0,10,/home/sagemaker-user/atma/benchmarks/logs/foveal_cpt/retrieval_retrieval_synthetic_rope_kl_ef546bfa23.log
rope_kl,retrieval,synthetic,niah,synthetic-filler,64k,0.1,exact_match,0.0,10,/home/sagemaker-user/atma/benchmarks/logs/foveal_cpt/retrieval_retrieval_synthetic_rope_kl_ef546bfa23.log
rope_kl,retrieval,synthetic,niah,synthetic-filler,64k,0.1,nll_nats_per_token,4.056753196716309,10,/home/sagemaker-user/atma/benchmarks/logs/foveal_cpt/retrieval_retrieval_synthetic_rope_kl_ef546bfa23.log
rope_kl,retrieval,synthetic,niah,synthetic-filler,64k,0.1,token_accuracy,0.0,10,/home/sagemaker-user/atma/benchmarks/logs/foveal_cpt/retrieval_retrieval_synthetic_rope_kl_ef546bfa23.log
rope_kl,retrieval,synthetic,niah,synthetic-filler,64k,0.5,exact_match,0.0,10,/home/sagemaker-user/atma/benchmarks/logs/foveal_cpt/retrieval_retrieval_synthetic_rope_kl_ef546bfa23.log
rope_kl,retrieval,synthetic,niah,synthetic-filler,64k,0.5,nll_nats_per_token,4.007195701599121,10,/home/sagemaker-user/atma/benchmarks/logs/foveal_cpt/retrieval_retrieval_synthetic_rope_kl_ef546bfa23.log
rope_kl,retrieval,synthetic,niah,synthetic-filler,64k,0.5,token_accuracy,0.0,10,/home/sagemaker-user/atma/benchmarks/logs/foveal_cpt/retrieval_retrieval_synthetic_rope_kl_ef546bfa23.log
rope_kl,retrieval,synthetic,niah,synthetic-filler,64k,0.9,exact_match,0.0,10,/home/sagemaker-user/atma/benchmarks/logs/foveal_cpt/retrieval_retrieval_synthetic_rope_kl_ef546bfa23.log
rope_kl,retrieval,synthetic,niah,synthetic-filler,64k,0.9,nll_nats_per_token,2.13823917388916,10,/home/sagemaker-user/atma/benchmarks/logs/foveal_cpt/retrieval_retrieval_synthetic_rope_kl_ef546bfa23.log
rope_kl,retrieval,synthetic,niah,synthetic-filler,64k,0.9,token_accuracy,32.0,10,/home/sagemaker-user/atma/benchmarks/logs/foveal_cpt/retrieval_retrieval_synthetic_rope_kl_ef546bfa23.log
rope_kl,retrieval,synthetic,niah,synthetic-filler,8k,0.1,exact_match,0.0,10,/home/sagemaker-user/atma/benchmarks/logs/foveal_cpt/retrieval_retrieval_synthetic_rope_kl_ef546bfa23.log
rope_kl,retrieval,synthetic,niah,synthetic-filler,8k,0.1,nll_nats_per_token,3.7000139999389647,10,/home/sagemaker-user/atma/benchmarks/logs/foveal_cpt/retrieval_retrieval_synthetic_rope_kl_ef546bfa23.log
rope_kl,retrieval,synthetic,niah,synthetic-filler,8k,0.1,token_accuracy,0.0,10,/home/sagemaker-user/atma/benchmarks/logs/foveal_cpt/retrieval_retrieval_synthetic_rope_kl_ef546bfa23.log
rope_kl,retrieval,synthetic,niah,synthetic-filler,8k,0.5,exact_match,0.0,10,/home/sagemaker-user/atma/benchmarks/logs/foveal_cpt/retrieval_retrieval_synthetic_rope_kl_ef546bfa23.log
rope_kl,retrieval,synthetic,niah,synthetic-filler,8k,0.5,exact_match,0.0,2,/home/sagemaker-user/atma/benchmarks/logs/foveal_cpt/smoke_retrieval_synthetic_rope_kl_4d647407bb.log
rope_kl,retrieval,synthetic,niah,synthetic-filler,8k,0.5,exact_match,0.0,5,/home/sagemaker-user/atma/benchmarks/logs/foveal_cpt/smoke_retrieval_synthetic_rope_kl_85de83c9f8.log
rope_kl,retrieval,synthetic,niah,synthetic-filler,8k,0.5,nll_nats_per_token,2.6123045349121092,10,/home/sagemaker-user/atma/benchmarks/logs/foveal_cpt/retrieval_retrieval_synthetic_rope_kl_ef546bfa23.log
rope_kl,retrieval,synthetic,niah,synthetic-filler,8k,0.5,nll_nats_per_token,3.0917654037475586,2,/home/sagemaker-user/atma/benchmarks/logs/foveal_cpt/smoke_retrieval_synthetic_rope_kl_4d647407bb.log
rope_kl,retrieval,synthetic,niah,synthetic-filler,8k,0.5,nll_nats_per_token,2.749512023925781,5,/home/sagemaker-user/atma/benchmarks/logs/foveal_cpt/smoke_retrieval_synthetic_rope_kl_85de83c9f8.log
rope_kl,retrieval,synthetic,niah,synthetic-filler,8k,0.5,token_accuracy,24.0,10,/home/sagemaker-user/atma/benchmarks/logs/foveal_cpt/retrieval_retrieval_synthetic_rope_kl_ef546bfa23.log
rope_kl,retrieval,synthetic,niah,synthetic-filler,8k,0.5,token_accuracy,10.0,2,/home/sagemaker-user/atma/benchmarks/logs/foveal_cpt/smoke_retrieval_synthetic_rope_kl_4d647407bb.log
rope_kl,retrieval,synthetic,niah,synthetic-filler,8k,0.5,token_accuracy,12.0,5,/home/sagemaker-user/atma/benchmarks/logs/foveal_cpt/smoke_retrieval_synthetic_rope_kl_85de83c9f8.log
rope_kl,retrieval,synthetic,niah,synthetic-filler,8k,0.9,exact_match,0.0,10,/home/sagemaker-user/atma/benchmarks/logs/foveal_cpt/retrieval_retrieval_synthetic_rope_kl_ef546bfa23.log
rope_kl,retrieval,synthetic,niah,synthetic-filler,8k,0.9,nll_nats_per_token,1.4513844680786132,10,/home/sagemaker-user/atma/benchmarks/logs/foveal_cpt/retrieval_retrieval_synthetic_rope_kl_ef546bfa23.log
rope_kl,retrieval,synthetic,niah,synthetic-filler,8k,0.9,token_accuracy,60.0,10,/home/sagemaker-user/atma/benchmarks/logs/foveal_cpt/retrieval_retrieval_synthetic_rope_kl_ef546bfa23.log
rope_kl,retrieval,synthetic,passkey,synthetic-filler,128k,0.1,exact_match,0.0,10,/home/sagemaker-user/atma/benchmarks/logs/foveal_cpt/retrieval_retrieval_synthetic_rope_kl_ef546bfa23.log
rope_kl,retrieval,synthetic,passkey,synthetic-filler,128k,0.1,nll_nats_per_token,4.839180679321289,10,/home/sagemaker-user/atma/benchmarks/logs/foveal_cpt/retrieval_retrieval_synthetic_rope_kl_ef546bfa23.log
rope_kl,retrieval,synthetic,passkey,synthetic-filler,128k,0.1,token_accuracy,6.0,10,/home/sagemaker-user/atma/benchmarks/logs/foveal_cpt/retrieval_retrieval_synthetic_rope_kl_ef546bfa23.log
rope_kl,retrieval,synthetic,passkey,synthetic-filler,128k,0.5,exact_match,0.0,10,/home/sagemaker-user/atma/benchmarks/logs/foveal_cpt/retrieval_retrieval_synthetic_rope_kl_ef546bfa23.log
rope_kl,retrieval,synthetic,passkey,synthetic-filler,128k,0.5,nll_nats_per_token,4.834199295043946,10,/home/sagemaker-user/atma/benchmarks/logs/foveal_cpt/retrieval_retrieval_synthetic_rope_kl_ef546bfa23.log
rope_kl,retrieval,synthetic,passkey,synthetic-filler,128k,0.5,token_accuracy,6.0,10,/home/sagemaker-user/atma/benchmarks/logs/foveal_cpt/retrieval_retrieval_synthetic_rope_kl_ef546bfa23.log
rope_kl,retrieval,synthetic,passkey,synthetic-filler,128k,0.9,exact_match,0.0,10,/home/sagemaker-user/atma/benchmarks/logs/foveal_cpt/retrieval_retrieval_synthetic_rope_kl_ef546bfa23.log
rope_kl,retrieval,synthetic,passkey,synthetic-filler,128k,0.9,nll_nats_per_token,4.803425254821778,10,/home/sagemaker-user/atma/benchmarks/logs/foveal_cpt/retrieval_retrieval_synthetic_rope_kl_ef546bfa23.log
rope_kl,retrieval,synthetic,passkey,synthetic-filler,128k,0.9,token_accuracy,6.0,10,/home/sagemaker-user/atma/benchmarks/logs/foveal_cpt/retrieval_retrieval_synthetic_rope_kl_ef546bfa23.log
rope_kl,retrieval,synthetic,passkey,synthetic-filler,16k,0.1,exact_match,0.0,10,/home/sagemaker-user/atma/benchmarks/logs/foveal_cpt/retrieval_retrieval_synthetic_rope_kl_ef546bfa23.log
rope_kl,retrieval,synthetic,passkey,synthetic-filler,16k,0.1,nll_nats_per_token,4.518347511291504,10,/home/sagemaker-user/atma/benchmarks/logs/foveal_cpt/retrieval_retrieval_synthetic_rope_kl_ef546bfa23.log
rope_kl,retrieval,synthetic,passkey,synthetic-filler,16k,0.1,token_accuracy,6.0,10,/home/sagemaker-user/atma/benchmarks/logs/foveal_cpt/retrieval_retrieval_synthetic_rope_kl_ef546bfa23.log
rope_kl,retrieval,synthetic,passkey,synthetic-filler,16k,0.5,exact_match,0.0,10,/home/sagemaker-user/atma/benchmarks/logs/foveal_cpt/retrieval_retrieval_synthetic_rope_kl_ef546bfa23.log
rope_kl,retrieval,synthetic,passkey,synthetic-filler,16k,0.5,nll_nats_per_token,3.7696696662902833,10,/home/sagemaker-user/atma/benchmarks/logs/foveal_cpt/retrieval_retrieval_synthetic_rope_kl_ef546bfa23.log
rope_kl,retrieval,synthetic,passkey,synthetic-filler,16k,0.5,token_accuracy,6.0,10,/home/sagemaker-user/atma/benchmarks/logs/foveal_cpt/retrieval_retrieval_synthetic_rope_kl_ef546bfa23.log
rope_kl,retrieval,synthetic,passkey,synthetic-filler,16k,0.9,exact_match,0.0,10,/home/sagemaker-user/atma/benchmarks/logs/foveal_cpt/retrieval_retrieval_synthetic_rope_kl_ef546bfa23.log
rope_kl,retrieval,synthetic,passkey,synthetic-filler,16k,0.9,nll_nats_per_token,4.784325408935547,10,/home/sagemaker-user/atma/benchmarks/logs/foveal_cpt/retrieval_retrieval_synthetic_rope_kl_ef546bfa23.log
rope_kl,retrieval,synthetic,passkey,synthetic-filler,16k,0.9,token_accuracy,6.0,10,/home/sagemaker-user/atma/benchmarks/logs/foveal_cpt/retrieval_retrieval_synthetic_rope_kl_ef546bfa23.log
rope_kl,retrieval,synthetic,passkey,synthetic-filler,256k,0.1,exact_match,0.0,10,/home/sagemaker-user/atma/benchmarks/logs/foveal_cpt/retrieval_retrieval_synthetic_rope_kl_ef546bfa23.log
rope_kl,retrieval,synthetic,passkey,synthetic-filler,256k,0.1,nll_nats_per_token,4.834786720275879,10,/home/sagemaker-user/atma/benchmarks/logs/foveal_cpt/retrieval_retrieval_synthetic_rope_kl_ef546bfa23.log
rope_kl,retrieval,synthetic,passkey,synthetic-filler,256k,0.1,token_accuracy,4.0,10,/home/sagemaker-user/atma/benchmarks/logs/foveal_cpt/retrieval_retrieval_synthetic_rope_kl_ef546bfa23.log
rope_kl,retrieval,synthetic,passkey,synthetic-filler,256k,0.5,exact_match,0.0,10,/home/sagemaker-user/atma/benchmarks/logs/foveal_cpt/retrieval_retrieval_synthetic_rope_kl_ef546bfa23.log
rope_kl,retrieval,synthetic,passkey,synthetic-filler,256k,0.5,nll_nats_per_token,4.836381187438965,10,/home/sagemaker-user/atma/benchmarks/logs/foveal_cpt/retrieval_retrieval_synthetic_rope_kl_ef546bfa23.log
rope_kl,retrieval,synthetic,passkey,synthetic-filler,256k,0.5,token_accuracy,4.0,10,/home/sagemaker-user/atma/benchmarks/logs/foveal_cpt/retrieval_retrieval_synthetic_rope_kl_ef546bfa23.log
rope_kl,retrieval,synthetic,passkey,synthetic-filler,256k,0.9,exact_match,0.0,10,/home/sagemaker-user/atma/benchmarks/logs/foveal_cpt/retrieval_retrieval_synthetic_rope_kl_ef546bfa23.log
rope_kl,retrieval,synthetic,passkey,synthetic-filler,256k,0.9,nll_nats_per_token,2.3655331420898436,10,/home/sagemaker-user/atma/benchmarks/logs/foveal_cpt/retrieval_retrieval_synthetic_rope_kl_ef546bfa23.log
rope_kl,retrieval,synthetic,passkey,synthetic-filler,256k,0.9,token_accuracy,40.0,10,/home/sagemaker-user/atma/benchmarks/logs/foveal_cpt/retrieval_retrieval_synthetic_rope_kl_ef546bfa23.log
rope_kl,retrieval,synthetic,passkey,synthetic-filler,2k,0.1,exact_match,30.0,10,/home/sagemaker-user/atma/benchmarks/logs/foveal_cpt/retrieval_retrieval_synthetic_rope_kl_ef546bfa23.log
rope_kl,retrieval,synthetic,passkey,synthetic-filler,2k,0.1,nll_nats_per_token,1.781818709373474,10,/home/sagemaker-user/atma/benchmarks/logs/foveal_cpt/retrieval_retrieval_synthetic_rope_kl_ef546bfa23.log
rope_kl,retrieval,synthetic,passkey,synthetic-filler,2k,0.1,token_accuracy,60.0,10,/home/sagemaker-user/atma/benchmarks/logs/foveal_cpt/retrieval_retrieval_synthetic_rope_kl_ef546bfa23.log
rope_kl,retrieval,synthetic,passkey,synthetic-filler,2k,0.5,exact_match,40.0,10,/home/sagemaker-user/atma/benchmarks/logs/foveal_cpt/retrieval_retrieval_synthetic_rope_kl_ef546bfa23.log
rope_kl,retrieval,synthetic,passkey,synthetic-filler,2k,0.5,exact_match,50.0,2,/home/sagemaker-user/atma/benchmarks/logs/foveal_cpt/smoke_retrieval_synthetic_rope_kl_4d647407bb.log
rope_kl,retrieval,synthetic,passkey,synthetic-filler,2k,0.5,exact_match,40.0,5,/home/sagemaker-user/atma/benchmarks/logs/foveal_cpt/smoke_retrieval_synthetic_rope_kl_85de83c9f8.log
rope_kl,retrieval,synthetic,passkey,synthetic-filler,2k,0.5,nll_nats_per_token,0.972673282623291,10,/home/sagemaker-user/atma/benchmarks/logs/foveal_cpt/retrieval_retrieval_synthetic_rope_kl_ef546bfa23.log
rope_kl,retrieval,synthetic,passkey,synthetic-filler,2k,0.5,nll_nats_per_token,1.044745111465454,2,/home/sagemaker-user/atma/benchmarks/logs/foveal_cpt/smoke_retrieval_synthetic_rope_kl_4d647407bb.log
rope_kl,retrieval,synthetic,passkey,synthetic-filler,2k,0.5,nll_nats_per_token,0.998090124130249,5,/home/sagemaker-user/atma/benchmarks/logs/foveal_cpt/smoke_retrieval_synthetic_rope_kl_85de83c9f8.log
rope_kl,retrieval,synthetic,passkey,synthetic-filler,2k,0.5,token_accuracy,78.0,10,/home/sagemaker-user/atma/benchmarks/logs/foveal_cpt/retrieval_retrieval_synthetic_rope_kl_ef546bfa23.log
rope_kl,retrieval,synthetic,passkey,synthetic-filler,2k,0.5,token_accuracy,80.0,2,/home/sagemaker-user/atma/benchmarks/logs/foveal_cpt/smoke_retrieval_synthetic_rope_kl_4d647407bb.log
rope_kl,retrieval,synthetic,passkey,synthetic-filler,2k,0.5,token_accuracy,80.0,5,/home/sagemaker-user/atma/benchmarks/logs/foveal_cpt/smoke_retrieval_synthetic_rope_kl_85de83c9f8.log
rope_kl,retrieval,synthetic,passkey,synthetic-filler,2k,0.9,exact_match,90.0,10,/home/sagemaker-user/atma/benchmarks/logs/foveal_cpt/retrieval_retrieval_synthetic_rope_kl_ef546bfa23.log
rope_kl,retrieval,synthetic,passkey,synthetic-filler,2k,0.9,nll_nats_per_token,0.6417239475250244,10,/home/sagemaker-user/atma/benchmarks/logs/foveal_cpt/retrieval_retrieval_synthetic_rope_kl_ef546bfa23.log
rope_kl,retrieval,synthetic,passkey,synthetic-filler,2k,0.9,token_accuracy,96.0,10,/home/sagemaker-user/atma/benchmarks/logs/foveal_cpt/retrieval_retrieval_synthetic_rope_kl_ef546bfa23.log
rope_kl,retrieval,synthetic,passkey,synthetic-filler,32k,0.1,exact_match,0.0,10,/home/sagemaker-user/atma/benchmarks/logs/foveal_cpt/retrieval_retrieval_synthetic_rope_kl_ef546bfa23.log
rope_kl,retrieval,synthetic,passkey,synthetic-filler,32k,0.1,nll_nats_per_token,4.876512832641602,10,/home/sagemaker-user/atma/benchmarks/logs/foveal_cpt/retrieval_retrieval_synthetic_rope_kl_ef546bfa23.log
rope_kl,retrieval,synthetic,passkey,synthetic-filler,32k,0.1,token_accuracy,4.0,10,/home/sagemaker-user/atma/benchmarks/logs/foveal_cpt/retrieval_retrieval_synthetic_rope_kl_ef546bfa23.log
rope_kl,retrieval,synthetic,passkey,synthetic-filler,32k,0.5,exact_match,0.0,10,/home/sagemaker-user/atma/benchmarks/logs/foveal_cpt/retrieval_retrieval_synthetic_rope_kl_ef546bfa23.log
rope_kl,retrieval,synthetic,passkey,synthetic-filler,32k,0.5,nll_nats_per_token,4.867522010803222,10,/home/sagemaker-user/atma/benchmarks/logs/foveal_cpt/retrieval_retrieval_synthetic_rope_kl_ef546bfa23.log
rope_kl,retrieval,synthetic,passkey,synthetic-filler,32k,0.5,token_accuracy,4.0,10,/home/sagemaker-user/atma/benchmarks/logs/foveal_cpt/retrieval_retrieval_synthetic_rope_kl_ef546bfa23.log
rope_kl,retrieval,synthetic,passkey,synthetic-filler,32k,0.9,exact_match,0.0,10,/home/sagemaker-user/atma/benchmarks/logs/foveal_cpt/retrieval_retrieval_synthetic_rope_kl_ef546bfa23.log
rope_kl,retrieval,synthetic,passkey,synthetic-filler,32k,0.9,nll_nats_per_token,4.017451324462891,10,/home/sagemaker-user/atma/benchmarks/logs/foveal_cpt/retrieval_retrieval_synthetic_rope_kl_ef546bfa23.log
rope_kl,retrieval,synthetic,passkey,synthetic-filler,32k,0.9,token_accuracy,18.0,10,/home/sagemaker-user/atma/benchmarks/logs/foveal_cpt/retrieval_retrieval_synthetic_rope_kl_ef546bfa23.log
rope_kl,retrieval,synthetic,passkey,synthetic-filler,4k,0.1,exact_match,0.0,10,/home/sagemaker-user/atma/benchmarks/logs/foveal_cpt/retrieval_retrieval_synthetic_rope_kl_ef546bfa23.log
rope_kl,retrieval,synthetic,passkey,synthetic-filler,4k,0.1,nll_nats_per_token,2.677368335723877,10,/home/sagemaker-user/atma/benchmarks/logs/foveal_cpt/retrieval_retrieval_synthetic_rope_kl_ef546bfa23.log
rope_kl,retrieval,synthetic,passkey,synthetic-filler,4k,0.1,token_accuracy,38.0,10,/home/sagemaker-user/atma/benchmarks/logs/foveal_cpt/retrieval_retrieval_synthetic_rope_kl_ef546bfa23.log
rope_kl,retrieval,synthetic,passkey,synthetic-filler,4k,0.5,exact_match,0.0,10,/home/sagemaker-user/atma/benchmarks/logs/foveal_cpt/retrieval_retrieval_synthetic_rope_kl_ef546bfa23.log
rope_kl,retrieval,synthetic,passkey,synthetic-filler,4k,0.5,nll_nats_per_token,2.857167854309082,10,/home/sagemaker-user/atma/benchmarks/logs/foveal_cpt/retrieval_retrieval_synthetic_rope_kl_ef546bfa23.log
rope_kl,retrieval,synthetic,passkey,synthetic-filler,4k,0.5,token_accuracy,32.0,10,/home/sagemaker-user/atma/benchmarks/logs/foveal_cpt/retrieval_retrieval_synthetic_rope_kl_ef546bfa23.log
rope_kl,retrieval,synthetic,passkey,synthetic-filler,4k,0.9,exact_match,60.0,10,/home/sagemaker-user/atma/benchmarks/logs/foveal_cpt/retrieval_retrieval_synthetic_rope_kl_ef546bfa23.log
rope_kl,retrieval,synthetic,passkey,synthetic-filler,4k,0.9,nll_nats_per_token,0.528877991437912,10,/home/sagemaker-user/atma/benchmarks/logs/foveal_cpt/retrieval_retrieval_synthetic_rope_kl_ef546bfa23.log
rope_kl,retrieval,synthetic,passkey,synthetic-filler,4k,0.9,token_accuracy,90.0,10,/home/sagemaker-user/atma/benchmarks/logs/foveal_cpt/retrieval_retrieval_synthetic_rope_kl_ef546bfa23.log
rope_kl,retrieval,synthetic,passkey,synthetic-filler,64k,0.1,exact_match,0.0,10,/home/sagemaker-user/atma/benchmarks/logs/foveal_cpt/retrieval_retrieval_synthetic_rope_kl_ef546bfa23.log
rope_kl,retrieval,synthetic,passkey,synthetic-filler,64k,0.1,nll_nats_per_token,4.837357788085938,10,/home/sagemaker-user/atma/benchmarks/logs/foveal_cpt/retrieval_retrieval_synthetic_rope_kl_ef546bfa23.log
rope_kl,retrieval,synthetic,passkey,synthetic-filler,64k,0.1,token_accuracy,4.0,10,/home/sagemaker-user/atma/benchmarks/logs/foveal_cpt/retrieval_retrieval_synthetic_rope_kl_ef546bfa23.log
rope_kl,retrieval,synthetic,passkey,synthetic-filler,64k,0.5,exact_match,0.0,10,/home/sagemaker-user/atma/benchmarks/logs/foveal_cpt/retrieval_retrieval_synthetic_rope_kl_ef546bfa23.log
rope_kl,retrieval,synthetic,passkey,synthetic-filler,64k,0.5,nll_nats_per_token,4.687390975952148,10,/home/sagemaker-user/atma/benchmarks/logs/foveal_cpt/retrieval_retrieval_synthetic_rope_kl_ef546bfa23.log
rope_kl,retrieval,synthetic,passkey,synthetic-filler,64k,0.5,token_accuracy,6.0,10,/home/sagemaker-user/atma/benchmarks/logs/foveal_cpt/retrieval_retrieval_synthetic_rope_kl_ef546bfa23.log
rope_kl,retrieval,synthetic,passkey,synthetic-filler,64k,0.9,exact_match,0.0,10,/home/sagemaker-user/atma/benchmarks/logs/foveal_cpt/retrieval_retrieval_synthetic_rope_kl_ef546bfa23.log
rope_kl,retrieval,synthetic,passkey,synthetic-filler,64k,0.9,nll_nats_per_token,2.456920509338379,10,/home/sagemaker-user/atma/benchmarks/logs/foveal_cpt/retrieval_retrieval_synthetic_rope_kl_ef546bfa23.log
rope_kl,retrieval,synthetic,passkey,synthetic-filler,64k,0.9,token_accuracy,32.0,10,/home/sagemaker-user/atma/benchmarks/logs/foveal_cpt/retrieval_retrieval_synthetic_rope_kl_ef546bfa23.log
rope_kl,retrieval,synthetic,passkey,synthetic-filler,8k,0.1,exact_match,0.0,10,/home/sagemaker-user/atma/benchmarks/logs/foveal_cpt/retrieval_retrieval_synthetic_rope_kl_ef546bfa23.log
rope_kl,retrieval,synthetic,passkey,synthetic-filler,8k,0.1,nll_nats_per_token,4.480722846984864,10,/home/sagemaker-user/atma/benchmarks/logs/foveal_cpt/retrieval_retrieval_synthetic_rope_kl_ef546bfa23.log
rope_kl,retrieval,synthetic,passkey,synthetic-filler,8k,0.1,token_accuracy,6.0,10,/home/sagemaker-user/atma/benchmarks/logs/foveal_cpt/retrieval_retrieval_synthetic_rope_kl_ef546bfa23.log
rope_kl,retrieval,synthetic,passkey,synthetic-filler,8k,0.5,exact_match,0.0,10,/home/sagemaker-user/atma/benchmarks/logs/foveal_cpt/retrieval_retrieval_synthetic_rope_kl_ef546bfa23.log
rope_kl,retrieval,synthetic,passkey,synthetic-filler,8k,0.5,exact_match,0.0,2,/home/sagemaker-user/atma/benchmarks/logs/foveal_cpt/smoke_retrieval_synthetic_rope_kl_4d647407bb.log
rope_kl,retrieval,synthetic,passkey,synthetic-filler,8k,0.5,exact_match,0.0,5,/home/sagemaker-user/atma/benchmarks/logs/foveal_cpt/smoke_retrieval_synthetic_rope_kl_85de83c9f8.log
rope_kl,retrieval,synthetic,passkey,synthetic-filler,8k,0.5,nll_nats_per_token,3.5829882049560546,10,/home/sagemaker-user/atma/benchmarks/logs/foveal_cpt/retrieval_retrieval_synthetic_rope_kl_ef546bfa23.log
rope_kl,retrieval,synthetic,passkey,synthetic-filler,8k,0.5,nll_nats_per_token,3.250262451171875,2,/home/sagemaker-user/atma/benchmarks/logs/foveal_cpt/smoke_retrieval_synthetic_rope_kl_4d647407bb.log
rope_kl,retrieval,synthetic,passkey,synthetic-filler,8k,0.5,nll_nats_per_token,3.3075274276733397,5,/home/sagemaker-user/atma/benchmarks/logs/foveal_cpt/smoke_retrieval_synthetic_rope_kl_85de83c9f8.log
rope_kl,retrieval,synthetic,passkey,synthetic-filler,8k,0.5,token_accuracy,14.0,10,/home/sagemaker-user/atma/benchmarks/logs/foveal_cpt/retrieval_retrieval_synthetic_rope_kl_ef546bfa23.log
rope_kl,retrieval,synthetic,passkey,synthetic-filler,8k,0.5,token_accuracy,20.0,2,/home/sagemaker-user/atma/benchmarks/logs/foveal_cpt/smoke_retrieval_synthetic_rope_kl_4d647407bb.log
rope_kl,retrieval,synthetic,passkey,synthetic-filler,8k,0.5,token_accuracy,24.0,5,/home/sagemaker-user/atma/benchmarks/logs/foveal_cpt/smoke_retrieval_synthetic_rope_kl_85de83c9f8.log
rope_kl,retrieval,synthetic,passkey,synthetic-filler,8k,0.9,exact_match,10.0,10,/home/sagemaker-user/atma/benchmarks/logs/foveal_cpt/retrieval_retrieval_synthetic_rope_kl_ef546bfa23.log
rope_kl,retrieval,synthetic,passkey,synthetic-filler,8k,0.9,nll_nats_per_token,1.3872063398361205,10,/home/sagemaker-user/atma/benchmarks/logs/foveal_cpt/retrieval_retrieval_synthetic_rope_kl_ef546bfa23.log
rope_kl,retrieval,synthetic,passkey,synthetic-filler,8k,0.9,token_accuracy,66.0,10,/home/sagemaker-user/atma/benchmarks/logs/foveal_cpt/retrieval_retrieval_synthetic_rope_kl_ef546bfa23.log
rope_kl,serving,generation,,,128k,,decode_tokens_per_s,450.5174825545061,1,/home/sagemaker-user/atma/benchmarks/logs/foveal_cpt/serving_serving_generation_rope_kl_a61048f895.log
rope_kl,serving,generation,,,128k,,decode_tokens_per_s,448.7791786496302,1,/home/sagemaker-user/atma/benchmarks/logs/foveal_cpt/serving_serving_generation_rope_kl_bc22346215.log
rope_kl,serving,generation,,,128k,,oom,False,1,/home/sagemaker-user/atma/benchmarks/logs/foveal_cpt/serving_serving_generation_rope_kl_a61048f895.log
rope_kl,serving,generation,,,128k,,oom,False,1,/home/sagemaker-user/atma/benchmarks/logs/foveal_cpt/serving_serving_generation_rope_kl_bc22346215.log
rope_kl,serving,generation,,,128k,,peak_allocated_bytes,7590206464,1,/home/sagemaker-user/atma/benchmarks/logs/foveal_cpt/serving_serving_generation_rope_kl_a61048f895.log
rope_kl,serving,generation,,,128k,,peak_allocated_bytes,7590206464,1,/home/sagemaker-user/atma/benchmarks/logs/foveal_cpt/serving_serving_generation_rope_kl_bc22346215.log
rope_kl,serving,generation,,,128k,,peak_reserved_bytes,8067743744,1,/home/sagemaker-user/atma/benchmarks/logs/foveal_cpt/serving_serving_generation_rope_kl_a61048f895.log
rope_kl,serving,generation,,,128k,,peak_reserved_bytes,8067743744,1,/home/sagemaker-user/atma/benchmarks/logs/foveal_cpt/serving_serving_generation_rope_kl_bc22346215.log
rope_kl,serving,generation,,,128k,,prefill_tokens_per_s,154317.97174554752,1,/home/sagemaker-user/atma/benchmarks/logs/foveal_cpt/serving_serving_generation_rope_kl_a61048f895.log
rope_kl,serving,generation,,,128k,,prefill_tokens_per_s,154759.87699829132,1,/home/sagemaker-user/atma/benchmarks/logs/foveal_cpt/serving_serving_generation_rope_kl_bc22346215.log
rope_kl,serving,generation,,,16k,,decode_tokens_per_s,463.44556221712594,1,/home/sagemaker-user/atma/benchmarks/logs/foveal_cpt/serving_serving_generation_rope_kl_a61048f895.log
rope_kl,serving,generation,,,16k,,decode_tokens_per_s,458.01725121883385,1,/home/sagemaker-user/atma/benchmarks/logs/foveal_cpt/serving_serving_generation_rope_kl_bc22346215.log
rope_kl,serving,generation,,,16k,,oom,False,1,/home/sagemaker-user/atma/benchmarks/logs/foveal_cpt/serving_serving_generation_rope_kl_a61048f895.log
rope_kl,serving,generation,,,16k,,oom,False,1,/home/sagemaker-user/atma/benchmarks/logs/foveal_cpt/serving_serving_generation_rope_kl_bc22346215.log
rope_kl,serving,generation,,,16k,,peak_allocated_bytes,1629508608,1,/home/sagemaker-user/atma/benchmarks/logs/foveal_cpt/serving_serving_generation_rope_kl_a61048f895.log
rope_kl,serving,generation,,,16k,,peak_allocated_bytes,1629508608,1,/home/sagemaker-user/atma/benchmarks/logs/foveal_cpt/serving_serving_generation_rope_kl_bc22346215.log
rope_kl,serving,generation,,,16k,,peak_reserved_bytes,1725956096,1,/home/sagemaker-user/atma/benchmarks/logs/foveal_cpt/serving_serving_generation_rope_kl_a61048f895.log
rope_kl,serving,generation,,,16k,,peak_reserved_bytes,1725956096,1,/home/sagemaker-user/atma/benchmarks/logs/foveal_cpt/serving_serving_generation_rope_kl_bc22346215.log
rope_kl,serving,generation,,,16k,,prefill_tokens_per_s,170379.80967617116,1,/home/sagemaker-user/atma/benchmarks/logs/foveal_cpt/serving_serving_generation_rope_kl_a61048f895.log
rope_kl,serving,generation,,,16k,,prefill_tokens_per_s,170199.47038435336,1,/home/sagemaker-user/atma/benchmarks/logs/foveal_cpt/serving_serving_generation_rope_kl_bc22346215.log
rope_kl,serving,generation,,,256k,,decode_tokens_per_s,442.59229111672977,1,/home/sagemaker-user/atma/benchmarks/logs/foveal_cpt/serving_serving_generation_rope_kl_a61048f895.log
rope_kl,serving,generation,,,256k,,oom,False,1,/home/sagemaker-user/atma/benchmarks/logs/foveal_cpt/serving_serving_generation_rope_kl_a61048f895.log
rope_kl,serving,generation,,,256k,,peak_allocated_bytes,14400185344,1,/home/sagemaker-user/atma/benchmarks/logs/foveal_cpt/serving_serving_generation_rope_kl_a61048f895.log
rope_kl,serving,generation,,,256k,,peak_reserved_bytes,15313403904,1,/home/sagemaker-user/atma/benchmarks/logs/foveal_cpt/serving_serving_generation_rope_kl_a61048f895.log
rope_kl,serving,generation,,,256k,,prefill_tokens_per_s,149491.5194677379,1,/home/sagemaker-user/atma/benchmarks/logs/foveal_cpt/serving_serving_generation_rope_kl_a61048f895.log
rope_kl,serving,generation,,,2k,,decode_tokens_per_s,453.5762634338124,1,/home/sagemaker-user/atma/benchmarks/logs/foveal_cpt/serving_serving_generation_rope_kl_a61048f895.log
rope_kl,serving,generation,,,2k,,decode_tokens_per_s,454.38597918515507,1,/home/sagemaker-user/atma/benchmarks/logs/foveal_cpt/serving_serving_generation_rope_kl_bc22346215.log
rope_kl,serving,generation,,,2k,,oom,False,1,/home/sagemaker-user/atma/benchmarks/logs/foveal_cpt/serving_serving_generation_rope_kl_a61048f895.log
rope_kl,serving,generation,,,2k,,oom,False,1,/home/sagemaker-user/atma/benchmarks/logs/foveal_cpt/serving_serving_generation_rope_kl_bc22346215.log
rope_kl,serving,generation,,,2k,,peak_allocated_bytes,886649856,1,/home/sagemaker-user/atma/benchmarks/logs/foveal_cpt/serving_serving_generation_rope_kl_a61048f895.log
rope_kl,serving,generation,,,2k,,peak_allocated_bytes,886649856,1,/home/sagemaker-user/atma/benchmarks/logs/foveal_cpt/serving_serving_generation_rope_kl_bc22346215.log
rope_kl,serving,generation,,,2k,,peak_reserved_bytes,929038336,1,/home/sagemaker-user/atma/benchmarks/logs/foveal_cpt/serving_serving_generation_rope_kl_a61048f895.log
rope_kl,serving,generation,,,2k,,peak_reserved_bytes,929038336,1,/home/sagemaker-user/atma/benchmarks/logs/foveal_cpt/serving_serving_generation_rope_kl_bc22346215.log
rope_kl,serving,generation,,,2k,,prefill_tokens_per_s,12433.036792388948,1,/home/sagemaker-user/atma/benchmarks/logs/foveal_cpt/serving_serving_generation_rope_kl_a61048f895.log
rope_kl,serving,generation,,,2k,,prefill_tokens_per_s,12435.800367836113,1,/home/sagemaker-user/atma/benchmarks/logs/foveal_cpt/serving_serving_generation_rope_kl_bc22346215.log
rope_kl,serving,generation,,,32k,,decode_tokens_per_s,462.3025948437401,1,/home/sagemaker-user/atma/benchmarks/logs/foveal_cpt/serving_serving_generation_rope_kl_a61048f895.log
rope_kl,serving,generation,,,32k,,decode_tokens_per_s,458.0144342396233,1,/home/sagemaker-user/atma/benchmarks/logs/foveal_cpt/serving_serving_generation_rope_kl_bc22346215.log
rope_kl,serving,generation,,,32k,,oom,False,1,/home/sagemaker-user/atma/benchmarks/logs/foveal_cpt/serving_serving_generation_rope_kl_a61048f895.log
rope_kl,serving,generation,,,32k,,oom,False,1,/home/sagemaker-user/atma/benchmarks/logs/foveal_cpt/serving_serving_generation_rope_kl_bc22346215.log
rope_kl,serving,generation,,,32k,,peak_allocated_bytes,2480887296,1,/home/sagemaker-user/atma/benchmarks/logs/foveal_cpt/serving_serving_generation_rope_kl_a61048f895.log
rope_kl,serving,generation,,,32k,,peak_allocated_bytes,2480887296,1,/home/sagemaker-user/atma/benchmarks/logs/foveal_cpt/serving_serving_generation_rope_kl_bc22346215.log
rope_kl,serving,generation,,,32k,,peak_reserved_bytes,2569011200,1,/home/sagemaker-user/atma/benchmarks/logs/foveal_cpt/serving_serving_generation_rope_kl_a61048f895.log
rope_kl,serving,generation,,,32k,,peak_reserved_bytes,2569011200,1,/home/sagemaker-user/atma/benchmarks/logs/foveal_cpt/serving_serving_generation_rope_kl_bc22346215.log
rope_kl,serving,generation,,,32k,,prefill_tokens_per_s,154649.27495402974,1,/home/sagemaker-user/atma/benchmarks/logs/foveal_cpt/serving_serving_generation_rope_kl_a61048f895.log
rope_kl,serving,generation,,,32k,,prefill_tokens_per_s,155366.5309221904,1,/home/sagemaker-user/atma/benchmarks/logs/foveal_cpt/serving_serving_generation_rope_kl_bc22346215.log
rope_kl,serving,generation,,,4k,,decode_tokens_per_s,463.71399119584316,1,/home/sagemaker-user/atma/benchmarks/logs/foveal_cpt/serving_serving_generation_rope_kl_a61048f895.log
rope_kl,serving,generation,,,4k,,decode_tokens_per_s,460.37518265104444,1,/home/sagemaker-user/atma/benchmarks/logs/foveal_cpt/serving_serving_generation_rope_kl_bc22346215.log
rope_kl,serving,generation,,,4k,,oom,False,1,/home/sagemaker-user/atma/benchmarks/logs/foveal_cpt/serving_serving_generation_rope_kl_a61048f895.log
rope_kl,serving,generation,,,4k,,oom,False,1,/home/sagemaker-user/atma/benchmarks/logs/foveal_cpt/serving_serving_generation_rope_kl_bc22346215.log
rope_kl,serving,generation,,,4k,,peak_allocated_bytes,992023552,1,/home/sagemaker-user/atma/benchmarks/logs/foveal_cpt/serving_serving_generation_rope_kl_a61048f895.log
rope_kl,serving,generation,,,4k,,peak_allocated_bytes,992023552,1,/home/sagemaker-user/atma/benchmarks/logs/foveal_cpt/serving_serving_generation_rope_kl_bc22346215.log
rope_kl,serving,generation,,,4k,,peak_reserved_bytes,1044381696,1,/home/sagemaker-user/atma/benchmarks/logs/foveal_cpt/serving_serving_generation_rope_kl_a61048f895.log
rope_kl,serving,generation,,,4k,,peak_reserved_bytes,1044381696,1,/home/sagemaker-user/atma/benchmarks/logs/foveal_cpt/serving_serving_generation_rope_kl_bc22346215.log
rope_kl,serving,generation,,,4k,,prefill_tokens_per_s,136527.94292115822,1,/home/sagemaker-user/atma/benchmarks/logs/foveal_cpt/serving_serving_generation_rope_kl_a61048f895.log
rope_kl,serving,generation,,,4k,,prefill_tokens_per_s,134792.7454274469,1,/home/sagemaker-user/atma/benchmarks/logs/foveal_cpt/serving_serving_generation_rope_kl_bc22346215.log
rope_kl,serving,generation,,,64k,,decode_tokens_per_s,451.16538794152945,1,/home/sagemaker-user/atma/benchmarks/logs/foveal_cpt/serving_serving_generation_rope_kl_a61048f895.log
rope_kl,serving,generation,,,64k,,decode_tokens_per_s,456.2896837780993,1,/home/sagemaker-user/atma/benchmarks/logs/foveal_cpt/serving_serving_generation_rope_kl_bc22346215.log
rope_kl,serving,generation,,,64k,,oom,False,1,/home/sagemaker-user/atma/benchmarks/logs/foveal_cpt/serving_serving_generation_rope_kl_a61048f895.log
rope_kl,serving,generation,,,64k,,oom,False,1,/home/sagemaker-user/atma/benchmarks/logs/foveal_cpt/serving_serving_generation_rope_kl_bc22346215.log
rope_kl,serving,generation,,,64k,,peak_allocated_bytes,4184692736,1,/home/sagemaker-user/atma/benchmarks/logs/foveal_cpt/serving_serving_generation_rope_kl_a61048f895.log
rope_kl,serving,generation,,,64k,,peak_allocated_bytes,4184692736,1,/home/sagemaker-user/atma/benchmarks/logs/foveal_cpt/serving_serving_generation_rope_kl_bc22346215.log
rope_kl,serving,generation,,,64k,,peak_reserved_bytes,4441767936,1,/home/sagemaker-user/atma/benchmarks/logs/foveal_cpt/serving_serving_generation_rope_kl_a61048f895.log
rope_kl,serving,generation,,,64k,,peak_reserved_bytes,4441767936,1,/home/sagemaker-user/atma/benchmarks/logs/foveal_cpt/serving_serving_generation_rope_kl_bc22346215.log
rope_kl,serving,generation,,,64k,,prefill_tokens_per_s,153699.87935809576,1,/home/sagemaker-user/atma/benchmarks/logs/foveal_cpt/serving_serving_generation_rope_kl_a61048f895.log
rope_kl,serving,generation,,,64k,,prefill_tokens_per_s,154252.65031056557,1,/home/sagemaker-user/atma/benchmarks/logs/foveal_cpt/serving_serving_generation_rope_kl_bc22346215.log
rope_kl,serving,generation,,,8k,,decode_tokens_per_s,458.75513428722036,1,/home/sagemaker-user/atma/benchmarks/logs/foveal_cpt/serving_serving_generation_rope_kl_a61048f895.log
rope_kl,serving,generation,,,8k,,decode_tokens_per_s,460.05925210396634,1,/home/sagemaker-user/atma/benchmarks/logs/foveal_cpt/serving_serving_generation_rope_kl_bc22346215.log
rope_kl,serving,generation,,,8k,,oom,False,1,/home/sagemaker-user/atma/benchmarks/logs/foveal_cpt/serving_serving_generation_rope_kl_a61048f895.log
rope_kl,serving,generation,,,8k,,oom,False,1,/home/sagemaker-user/atma/benchmarks/logs/foveal_cpt/serving_serving_generation_rope_kl_bc22346215.log
rope_kl,serving,generation,,,8k,,peak_allocated_bytes,1204868096,1,/home/sagemaker-user/atma/benchmarks/logs/foveal_cpt/serving_serving_generation_rope_kl_a61048f895.log
rope_kl,serving,generation,,,8k,,peak_allocated_bytes,1204868096,1,/home/sagemaker-user/atma/benchmarks/logs/foveal_cpt/serving_serving_generation_rope_kl_bc22346215.log
rope_kl,serving,generation,,,8k,,peak_reserved_bytes,1254096896,1,/home/sagemaker-user/atma/benchmarks/logs/foveal_cpt/serving_serving_generation_rope_kl_a61048f895.log
rope_kl,serving,generation,,,8k,,peak_reserved_bytes,1254096896,1,/home/sagemaker-user/atma/benchmarks/logs/foveal_cpt/serving_serving_generation_rope_kl_bc22346215.log
rope_kl,serving,generation,,,8k,,prefill_tokens_per_s,161935.12003989329,1,/home/sagemaker-user/atma/benchmarks/logs/foveal_cpt/serving_serving_generation_rope_kl_a61048f895.log
rope_kl,serving,generation,,,8k,,prefill_tokens_per_s,162262.03292640953,1,/home/sagemaker-user/atma/benchmarks/logs/foveal_cpt/serving_serving_generation_rope_kl_bc22346215.log
rope_kl,serving,generation,,,,,max_successful_context_tokens,262144,,/home/sagemaker-user/atma/benchmarks/logs/foveal_cpt/serving_serving_generation_rope_kl_a61048f895.log
rope_kl,serving,generation,,,,,max_successful_context_tokens,131072,,/home/sagemaker-user/atma/benchmarks/logs/foveal_cpt/serving_serving_generation_rope_kl_bc22346215.log
rope_lm_output,base,zero_shot,arc_challenge,,,,accuracy,0.22742474916387959,299,/home/sagemaker-user/atma/benchmarks/logs/foveal_cpt/base_base_zero_shot_rope_lm_output_6d3b4caf1f.log
rope_lm_output,base,zero_shot,arc_challenge,,,,accuracy_norm,0.27424749163879597,299,/home/sagemaker-user/atma/benchmarks/logs/foveal_cpt/base_base_zero_shot_rope_lm_output_6d3b4caf1f.log
rope_lm_output,base,zero_shot,arc_easy,,,,accuracy,0.5894736842105263,570,/home/sagemaker-user/atma/benchmarks/logs/foveal_cpt/base_base_zero_shot_rope_lm_output_6d3b4caf1f.log
rope_lm_output,base,zero_shot,arc_easy,,,,accuracy_norm,0.4842105263157895,570,/home/sagemaker-user/atma/benchmarks/logs/foveal_cpt/base_base_zero_shot_rope_lm_output_6d3b4caf1f.log
rope_lm_output,base,zero_shot,boolq,,,,accuracy,0.5996941896024465,3270,/home/sagemaker-user/atma/benchmarks/logs/foveal_cpt/base_base_zero_shot_rope_lm_output_6d3b4caf1f.log
rope_lm_output,base,zero_shot,boolq,,,,accuracy_norm,0.5996941896024465,3270,/home/sagemaker-user/atma/benchmarks/logs/foveal_cpt/base_base_zero_shot_rope_lm_output_6d3b4caf1f.log
rope_lm_output,base,zero_shot,hellaswag,,,,accuracy,0.32573192591117306,10042,/home/sagemaker-user/atma/benchmarks/logs/foveal_cpt/base_base_zero_shot_rope_lm_output_6d3b4caf1f.log
rope_lm_output,base,zero_shot,hellaswag,,,,accuracy_norm,0.3737303326030671,10042,/home/sagemaker-user/atma/benchmarks/logs/foveal_cpt/base_base_zero_shot_rope_lm_output_6d3b4caf1f.log
rope_lm_output,base,zero_shot,lambada,,,,accuracy,0.29943722103628956,5153,/home/sagemaker-user/atma/benchmarks/logs/foveal_cpt/base_base_zero_shot_rope_lm_output_6d3b4caf1f.log
rope_lm_output,base,zero_shot,lambada,,,,target_nll,3.0383981895142163,5153,/home/sagemaker-user/atma/benchmarks/logs/foveal_cpt/base_base_zero_shot_rope_lm_output_6d3b4caf1f.log
rope_lm_output,base,zero_shot,lambada,,,,target_perplexity,20.87178380226028,5153,/home/sagemaker-user/atma/benchmarks/logs/foveal_cpt/base_base_zero_shot_rope_lm_output_6d3b4caf1f.log
rope_lm_output,base,zero_shot,openbookqa,,,,accuracy,0.198,500,/home/sagemaker-user/atma/benchmarks/logs/foveal_cpt/base_base_zero_shot_rope_lm_output_6d3b4caf1f.log
rope_lm_output,base,zero_shot,openbookqa,,,,accuracy_norm,0.312,500,/home/sagemaker-user/atma/benchmarks/logs/foveal_cpt/base_base_zero_shot_rope_lm_output_6d3b4caf1f.log
rope_lm_output,base,zero_shot,piqa,,,,accuracy,0.6730141458106638,1838,/home/sagemaker-user/atma/benchmarks/logs/foveal_cpt/base_base_zero_shot_rope_lm_output_6d3b4caf1f.log
rope_lm_output,base,zero_shot,piqa,,,,accuracy_norm,0.6670293797606094,1838,/home/sagemaker-user/atma/benchmarks/logs/foveal_cpt/base_base_zero_shot_rope_lm_output_6d3b4caf1f.log
rope_lm_output,base,zero_shot,winogrande,,,,accuracy,0.505130228887135,1267,/home/sagemaker-user/atma/benchmarks/logs/foveal_cpt/base_base_zero_shot_rope_lm_output_6d3b4caf1f.log
rope_lm_output,base,zero_shot,winogrande,,,,accuracy_norm,0.5074980268350434,1267,/home/sagemaker-user/atma/benchmarks/logs/foveal_cpt/base_base_zero_shot_rope_lm_output_6d3b4caf1f.log
rope_lm_output,longdoc,fixed_target,,codelion/finepdfs-1B,128k,,bits_per_byte,1.066765467891316,4,/home/sagemaker-user/atma/benchmarks/logs/foveal_cpt/longdoc_longdoc_fixed_target_rope_lm_output_a1462a5ff1.log
rope_lm_output,longdoc,fixed_target,,codelion/finepdfs-1B,128k,,nll_nats_per_token,1.2658328711986542,4,/home/sagemaker-user/atma/benchmarks/logs/foveal_cpt/longdoc_longdoc_fixed_target_rope_lm_output_a1462a5ff1.log
rope_lm_output,longdoc,fixed_target,,codelion/finepdfs-1B,128k,,perplexity,3.5460449052207075,4,/home/sagemaker-user/atma/benchmarks/logs/foveal_cpt/longdoc_longdoc_fixed_target_rope_lm_output_a1462a5ff1.log
rope_lm_output,longdoc,fixed_target,,codelion/finepdfs-1B,16k,,bits_per_byte,1.0638490628181403,4,/home/sagemaker-user/atma/benchmarks/logs/foveal_cpt/longdoc_longdoc_fixed_target_rope_lm_output_a1462a5ff1.log
rope_lm_output,longdoc,fixed_target,,codelion/finepdfs-1B,16k,,nll_nats_per_token,1.2623722404241562,4,/home/sagemaker-user/atma/benchmarks/logs/foveal_cpt/longdoc_longdoc_fixed_target_rope_lm_output_a1462a5ff1.log
rope_lm_output,longdoc,fixed_target,,codelion/finepdfs-1B,16k,,perplexity,3.5337945622766487,4,/home/sagemaker-user/atma/benchmarks/logs/foveal_cpt/longdoc_longdoc_fixed_target_rope_lm_output_a1462a5ff1.log
rope_lm_output,longdoc,fixed_target,,codelion/finepdfs-1B,256k,,bits_per_byte,1.0361655486255394,4,/home/sagemaker-user/atma/benchmarks/logs/foveal_cpt/longdoc_longdoc_fixed_target_rope_lm_output_a1462a5ff1.log
rope_lm_output,longdoc,fixed_target,,codelion/finepdfs-1B,256k,,nll_nats_per_token,1.2295227497816086,4,/home/sagemaker-user/atma/benchmarks/logs/foveal_cpt/longdoc_longdoc_fixed_target_rope_lm_output_a1462a5ff1.log
rope_lm_output,longdoc,fixed_target,,codelion/finepdfs-1B,256k,,perplexity,3.4195971433072496,4,/home/sagemaker-user/atma/benchmarks/logs/foveal_cpt/longdoc_longdoc_fixed_target_rope_lm_output_a1462a5ff1.log
rope_lm_output,longdoc,fixed_target,,codelion/finepdfs-1B,2k,,bits_per_byte,0.944585577003618,4,/home/sagemaker-user/atma/benchmarks/logs/foveal_cpt/longdoc_longdoc_fixed_target_rope_lm_output_a1462a5ff1.log
rope_lm_output,longdoc,fixed_target,,codelion/finepdfs-1B,2k,,nll_nats_per_token,1.1208531856536865,4,/home/sagemaker-user/atma/benchmarks/logs/foveal_cpt/longdoc_longdoc_fixed_target_rope_lm_output_a1462a5ff1.log
rope_lm_output,longdoc,fixed_target,,codelion/finepdfs-1B,2k,,perplexity,3.0674702087403634,4,/home/sagemaker-user/atma/benchmarks/logs/foveal_cpt/longdoc_longdoc_fixed_target_rope_lm_output_a1462a5ff1.log
rope_lm_output,longdoc,fixed_target,,codelion/finepdfs-1B,32k,,bits_per_byte,1.093885991921883,4,/home/sagemaker-user/atma/benchmarks/logs/foveal_cpt/longdoc_longdoc_fixed_target_rope_lm_output_a1462a5ff1.log
rope_lm_output,longdoc,fixed_target,,codelion/finepdfs-1B,32k,,nll_nats_per_token,1.2980143129825592,4,/home/sagemaker-user/atma/benchmarks/logs/foveal_cpt/longdoc_longdoc_fixed_target_rope_lm_output_a1462a5ff1.log
rope_lm_output,longdoc,fixed_target,,codelion/finepdfs-1B,32k,,perplexity,3.662017822009507,4,/home/sagemaker-user/atma/benchmarks/logs/foveal_cpt/longdoc_longdoc_fixed_target_rope_lm_output_a1462a5ff1.log
rope_lm_output,longdoc,fixed_target,,codelion/finepdfs-1B,4k,,bits_per_byte,0.9743652475318023,4,/home/sagemaker-user/atma/benchmarks/logs/foveal_cpt/longdoc_longdoc_fixed_target_rope_lm_output_a1462a5ff1.log
rope_lm_output,longdoc,fixed_target,,codelion/finepdfs-1B,4k,,nll_nats_per_token,1.1561899930238724,4,/home/sagemaker-user/atma/benchmarks/logs/foveal_cpt/longdoc_longdoc_fixed_target_rope_lm_output_a1462a5ff1.log
rope_lm_output,longdoc,fixed_target,,codelion/finepdfs-1B,4k,,perplexity,3.1778027314847024,4,/home/sagemaker-user/atma/benchmarks/logs/foveal_cpt/longdoc_longdoc_fixed_target_rope_lm_output_a1462a5ff1.log
rope_lm_output,longdoc,fixed_target,,codelion/finepdfs-1B,64k,,bits_per_byte,1.0759000937787366,4,/home/sagemaker-user/atma/benchmarks/logs/foveal_cpt/longdoc_longdoc_fixed_target_rope_lm_output_a1462a5ff1.log
rope_lm_output,longdoc,fixed_target,,codelion/finepdfs-1B,64k,,nll_nats_per_token,1.2766720950603485,4,/home/sagemaker-user/atma/benchmarks/logs/foveal_cpt/longdoc_longdoc_fixed_target_rope_lm_output_a1462a5ff1.log
rope_lm_output,longdoc,fixed_target,,codelion/finepdfs-1B,64k,,perplexity,3.584690344690471,4,/home/sagemaker-user/atma/benchmarks/logs/foveal_cpt/longdoc_longdoc_fixed_target_rope_lm_output_a1462a5ff1.log
rope_lm_output,longdoc,fixed_target,,codelion/finepdfs-1B,8k,,bits_per_byte,0.9772928039090442,4,/home/sagemaker-user/atma/benchmarks/logs/foveal_cpt/longdoc_longdoc_fixed_target_rope_lm_output_a1462a5ff1.log
rope_lm_output,longdoc,fixed_target,,codelion/finepdfs-1B,8k,,nll_nats_per_token,1.1596638560295105,4,/home/sagemaker-user/atma/benchmarks/logs/foveal_cpt/longdoc_longdoc_fixed_target_rope_lm_output_a1462a5ff1.log
rope_lm_output,longdoc,fixed_target,,codelion/finepdfs-1B,8k,,perplexity,3.1888611794786597,4,/home/sagemaker-user/atma/benchmarks/logs/foveal_cpt/longdoc_longdoc_fixed_target_rope_lm_output_a1462a5ff1.log
rope_lm_output,longdoc,fixed_target,,emozilla/pg19,128k,,bits_per_byte,1.1154827813111454,4,/home/sagemaker-user/atma/benchmarks/logs/foveal_cpt/longdoc_longdoc_fixed_target_rope_lm_output_a1462a5ff1.log
rope_lm_output,longdoc,fixed_target,,emozilla/pg19,128k,,nll_nats_per_token,3.1086314916610718,4,/home/sagemaker-user/atma/benchmarks/logs/foveal_cpt/longdoc_longdoc_fixed_target_rope_lm_output_a1462a5ff1.log
rope_lm_output,longdoc,fixed_target,,emozilla/pg19,128k,,perplexity,22.390382000177294,4,/home/sagemaker-user/atma/benchmarks/logs/foveal_cpt/longdoc_longdoc_fixed_target_rope_lm_output_a1462a5ff1.log
rope_lm_output,longdoc,fixed_target,,emozilla/pg19,16k,,bits_per_byte,1.1161826237914145,4,/home/sagemaker-user/atma/benchmarks/logs/foveal_cpt/longdoc_longdoc_fixed_target_rope_lm_output_a1462a5ff1.log
rope_lm_output,longdoc,fixed_target,,emozilla/pg19,16k,,nll_nats_per_token,3.1105818152427673,4,/home/sagemaker-user/atma/benchmarks/logs/foveal_cpt/longdoc_longdoc_fixed_target_rope_lm_output_a1462a5ff1.log
rope_lm_output,longdoc,fixed_target,,emozilla/pg19,16k,,perplexity,22.434093101735936,4,/home/sagemaker-user/atma/benchmarks/logs/foveal_cpt/longdoc_longdoc_fixed_target_rope_lm_output_a1462a5ff1.log
rope_lm_output,longdoc,fixed_target,,emozilla/pg19,256k,,bits_per_byte,1.12157674296156,4,/home/sagemaker-user/atma/benchmarks/logs/foveal_cpt/longdoc_longdoc_fixed_target_rope_lm_output_a1462a5ff1.log
rope_lm_output,longdoc,fixed_target,,emozilla/pg19,256k,,nll_nats_per_token,3.1256141662597656,4,/home/sagemaker-user/atma/benchmarks/logs/foveal_cpt/longdoc_longdoc_fixed_target_rope_lm_output_a1462a5ff1.log
rope_lm_output,longdoc,fixed_target,,emozilla/pg19,256k,,perplexity,22.773877746566317,4,/home/sagemaker-user/atma/benchmarks/logs/foveal_cpt/longdoc_longdoc_fixed_target_rope_lm_output_a1462a5ff1.log
rope_lm_output,longdoc,fixed_target,,emozilla/pg19,2k,,bits_per_byte,1.1201756677696346,4,/home/sagemaker-user/atma/benchmarks/logs/foveal_cpt/longdoc_longdoc_fixed_target_rope_lm_output_a1462a5ff1.log
rope_lm_output,longdoc,fixed_target,,emozilla/pg19,2k,,nll_nats_per_token,3.121709644794464,4,/home/sagemaker-user/atma/benchmarks/logs/foveal_cpt/longdoc_longdoc_fixed_target_rope_lm_output_a1462a5ff1.log
rope_lm_output,longdoc,fixed_target,,emozilla/pg19,2k,,perplexity,22.685130023500236,4,/home/sagemaker-user/atma/benchmarks/logs/foveal_cpt/longdoc_longdoc_fixed_target_rope_lm_output_a1462a5ff1.log
rope_lm_output,longdoc,fixed_target,,emozilla/pg19,32k,,bits_per_byte,1.117854430504847,4,/home/sagemaker-user/atma/benchmarks/logs/foveal_cpt/longdoc_longdoc_fixed_target_rope_lm_output_a1462a5ff1.log
rope_lm_output,longdoc,fixed_target,,emozilla/pg19,32k,,nll_nats_per_token,3.1152408123016357,4,/home/sagemaker-user/atma/benchmarks/logs/foveal_cpt/longdoc_longdoc_fixed_target_rope_lm_output_a1462a5ff1.log
rope_lm_output,longdoc,fixed_target,,emozilla/pg19,32k,,perplexity,22.53885733413744,4,/home/sagemaker-user/atma/benchmarks/logs/foveal_cpt/longdoc_longdoc_fixed_target_rope_lm_output_a1462a5ff1.log
rope_lm_output,longdoc,fixed_target,,emozilla/pg19,4k,,bits_per_byte,1.1103500684181262,4,/home/sagemaker-user/atma/benchmarks/logs/foveal_cpt/longdoc_longdoc_fixed_target_rope_lm_output_a1462a5ff1.log
rope_lm_output,longdoc,fixed_target,,emozilla/pg19,4k,,nll_nats_per_token,3.0943276286125183,4,/home/sagemaker-user/atma/benchmarks/logs/foveal_cpt/longdoc_longdoc_fixed_target_rope_lm_output_a1462a5ff1.log
rope_lm_output,longdoc,fixed_target,,emozilla/pg19,4k,,perplexity,22.072392701841363,4,/home/sagemaker-user/atma/benchmarks/logs/foveal_cpt/longdoc_longdoc_fixed_target_rope_lm_output_a1462a5ff1.log
rope_lm_output,longdoc,fixed_target,,emozilla/pg19,64k,,bits_per_byte,1.1151712411513828,4,/home/sagemaker-user/atma/benchmarks/logs/foveal_cpt/longdoc_longdoc_fixed_target_rope_lm_output_a1462a5ff1.log
rope_lm_output,longdoc,fixed_target,,emozilla/pg19,64k,,nll_nats_per_token,3.1077632904052734,4,/home/sagemaker-user/atma/benchmarks/logs/foveal_cpt/longdoc_longdoc_fixed_target_rope_lm_output_a1462a5ff1.log
rope_lm_output,longdoc,fixed_target,,emozilla/pg19,64k,,perplexity,22.370951078602737,4,/home/sagemaker-user/atma/benchmarks/logs/foveal_cpt/longdoc_longdoc_fixed_target_rope_lm_output_a1462a5ff1.log
rope_lm_output,longdoc,fixed_target,,emozilla/pg19,8k,,bits_per_byte,1.1062776956981404,4,/home/sagemaker-user/atma/benchmarks/logs/foveal_cpt/longdoc_longdoc_fixed_target_rope_lm_output_a1462a5ff1.log
rope_lm_output,longdoc,fixed_target,,emozilla/pg19,8k,,nll_nats_per_token,3.0829787254333496,4,/home/sagemaker-user/atma/benchmarks/logs/foveal_cpt/longdoc_longdoc_fixed_target_rope_lm_output_a1462a5ff1.log
rope_lm_output,longdoc,fixed_target,,emozilla/pg19,8k,,perplexity,21.823311327752638,4,/home/sagemaker-user/atma/benchmarks/logs/foveal_cpt/longdoc_longdoc_fixed_target_rope_lm_output_a1462a5ff1.log
rope_lm_output,longdoc,fixed_target,,hoskinson-center/proof-pile,128k,,bits_per_byte,2.2412339980389735,4,/home/sagemaker-user/atma/benchmarks/logs/foveal_cpt/longdoc_longdoc_fixed_target_rope_lm_output_a1462a5ff1.log
rope_lm_output,longdoc,fixed_target,,hoskinson-center/proof-pile,128k,,nll_nats_per_token,4.190215706825256,4,/home/sagemaker-user/atma/benchmarks/logs/foveal_cpt/longdoc_longdoc_fixed_target_rope_lm_output_a1462a5ff1.log
rope_lm_output,longdoc,fixed_target,,hoskinson-center/proof-pile,128k,,perplexity,66.03703406315456,4,/home/sagemaker-user/atma/benchmarks/logs/foveal_cpt/longdoc_longdoc_fixed_target_rope_lm_output_a1462a5ff1.log
rope_lm_output,longdoc,fixed_target,,hoskinson-center/proof-pile,16k,,bits_per_byte,2.238415309740387,4,/home/sagemaker-user/atma/benchmarks/logs/foveal_cpt/longdoc_longdoc_fixed_target_rope_lm_output_a1462a5ff1.log
rope_lm_output,longdoc,fixed_target,,hoskinson-center/proof-pile,16k,,nll_nats_per_token,4.18494588136673,4,/home/sagemaker-user/atma/benchmarks/logs/foveal_cpt/longdoc_longdoc_fixed_target_rope_lm_output_a1462a5ff1.log
rope_lm_output,longdoc,fixed_target,,hoskinson-center/proof-pile,16k,,perplexity,65.68994577045403,4,/home/sagemaker-user/atma/benchmarks/logs/foveal_cpt/longdoc_longdoc_fixed_target_rope_lm_output_a1462a5ff1.log
rope_lm_output,longdoc,fixed_target,,hoskinson-center/proof-pile,256k,,bits_per_byte,2.2168187561067554,4,/home/sagemaker-user/atma/benchmarks/logs/foveal_cpt/longdoc_longdoc_fixed_target_rope_lm_output_a1462a5ff1.log
rope_lm_output,longdoc,fixed_target,,hoskinson-center/proof-pile,256k,,nll_nats_per_token,4.144568920135498,4,/home/sagemaker-user/atma/benchmarks/logs/foveal_cpt/longdoc_longdoc_fixed_target_rope_lm_output_a1462a5ff1.log
rope_lm_output,longdoc,fixed_target,,hoskinson-center/proof-pile,256k,,perplexity,63.09041902957443,4,/home/sagemaker-user/atma/benchmarks/logs/foveal_cpt/longdoc_longdoc_fixed_target_rope_lm_output_a1462a5ff1.log
rope_lm_output,longdoc,fixed_target,,hoskinson-center/proof-pile,2k,,bits_per_byte,2.2082019794637056,4,/home/sagemaker-user/atma/benchmarks/logs/foveal_cpt/longdoc_longdoc_fixed_target_rope_lm_output_a1462a5ff1.log
rope_lm_output,longdoc,fixed_target,,hoskinson-center/proof-pile,2k,,nll_nats_per_token,4.1284589767456055,4,/home/sagemaker-user/atma/benchmarks/logs/foveal_cpt/longdoc_longdoc_fixed_target_rope_lm_output_a1462a5ff1.log
rope_lm_output,longdoc,fixed_target,,hoskinson-center/proof-pile,2k,,perplexity,62.0821791002934,4,/home/sagemaker-user/atma/benchmarks/logs/foveal_cpt/longdoc_longdoc_fixed_target_rope_lm_output_a1462a5ff1.log
rope_lm_output,longdoc,fixed_target,,hoskinson-center/proof-pile,32k,,bits_per_byte,2.2146538499549018,4,/home/sagemaker-user/atma/benchmarks/logs/foveal_cpt/longdoc_longdoc_fixed_target_rope_lm_output_a1462a5ff1.log
rope_lm_output,longdoc,fixed_target,,hoskinson-center/proof-pile,32k,,nll_nats_per_token,4.14052140712738,4,/home/sagemaker-user/atma/benchmarks/logs/foveal_cpt/longdoc_longdoc_fixed_target_rope_lm_output_a1462a5ff1.log
rope_lm_output,longdoc,fixed_target,,hoskinson-center/proof-pile,32k,,perplexity,62.83557582636567,4,/home/sagemaker-user/atma/benchmarks/logs/foveal_cpt/longdoc_longdoc_fixed_target_rope_lm_output_a1462a5ff1.log
rope_lm_output,longdoc,fixed_target,,hoskinson-center/proof-pile,4k,,bits_per_byte,2.248554719402794,4,/home/sagemaker-user/atma/benchmarks/logs/foveal_cpt/longdoc_longdoc_fixed_target_rope_lm_output_a1462a5ff1.log
rope_lm_output,longdoc,fixed_target,,hoskinson-center/proof-pile,4k,,nll_nats_per_token,4.203902542591095,4,/home/sagemaker-user/atma/benchmarks/logs/foveal_cpt/longdoc_longdoc_fixed_target_rope_lm_output_a1462a5ff1.log
rope_lm_output,longdoc,fixed_target,,hoskinson-center/proof-pile,4k,,perplexity,66.94708576031773,4,/home/sagemaker-user/atma/benchmarks/logs/foveal_cpt/longdoc_longdoc_fixed_target_rope_lm_output_a1462a5ff1.log
rope_lm_output,longdoc,fixed_target,,hoskinson-center/proof-pile,64k,,bits_per_byte,2.2362811368010687,4,/home/sagemaker-user/atma/benchmarks/logs/foveal_cpt/longdoc_longdoc_fixed_target_rope_lm_output_a1462a5ff1.log
rope_lm_output,longdoc,fixed_target,,hoskinson-center/proof-pile,64k,,nll_nats_per_token,4.1809558272361755,4,/home/sagemaker-user/atma/benchmarks/logs/foveal_cpt/longdoc_longdoc_fixed_target_rope_lm_output_a1462a5ff1.log
rope_lm_output,longdoc,fixed_target,,hoskinson-center/proof-pile,64k,,perplexity,65.42836154565165,4,/home/sagemaker-user/atma/benchmarks/logs/foveal_cpt/longdoc_longdoc_fixed_target_rope_lm_output_a1462a5ff1.log
rope_lm_output,longdoc,fixed_target,,hoskinson-center/proof-pile,8k,,bits_per_byte,2.2577400285968108,4,/home/sagemaker-user/atma/benchmarks/logs/foveal_cpt/longdoc_longdoc_fixed_target_rope_lm_output_a1462a5ff1.log
rope_lm_output,longdoc,fixed_target,,hoskinson-center/proof-pile,8k,,nll_nats_per_token,4.221075415611267,4,/home/sagemaker-user/atma/benchmarks/logs/foveal_cpt/longdoc_longdoc_fixed_target_rope_lm_output_a1462a5ff1.log
rope_lm_output,longdoc,fixed_target,,hoskinson-center/proof-pile,8k,,perplexity,68.1066879156195,4,/home/sagemaker-user/atma/benchmarks/logs/foveal_cpt/longdoc_longdoc_fixed_target_rope_lm_output_a1462a5ff1.log
rope_lm_output,retrieval,synthetic,niah,synthetic-filler,128k,0.1,exact_match,0.0,10,/home/sagemaker-user/atma/benchmarks/logs/foveal_cpt/retrieval_retrieval_synthetic_rope_lm_output_654271ff03.log
rope_lm_output,retrieval,synthetic,niah,synthetic-filler,128k,0.1,nll_nats_per_token,3.909462471008301,10,/home/sagemaker-user/atma/benchmarks/logs/foveal_cpt/retrieval_retrieval_synthetic_rope_lm_output_654271ff03.log
rope_lm_output,retrieval,synthetic,niah,synthetic-filler,128k,0.1,token_accuracy,0.0,10,/home/sagemaker-user/atma/benchmarks/logs/foveal_cpt/retrieval_retrieval_synthetic_rope_lm_output_654271ff03.log
rope_lm_output,retrieval,synthetic,niah,synthetic-filler,128k,0.5,exact_match,0.0,10,/home/sagemaker-user/atma/benchmarks/logs/foveal_cpt/retrieval_retrieval_synthetic_rope_lm_output_654271ff03.log
rope_lm_output,retrieval,synthetic,niah,synthetic-filler,128k,0.5,nll_nats_per_token,3.779445838928223,10,/home/sagemaker-user/atma/benchmarks/logs/foveal_cpt/retrieval_retrieval_synthetic_rope_lm_output_654271ff03.log
rope_lm_output,retrieval,synthetic,niah,synthetic-filler,128k,0.5,token_accuracy,0.0,10,/home/sagemaker-user/atma/benchmarks/logs/foveal_cpt/retrieval_retrieval_synthetic_rope_lm_output_654271ff03.log
rope_lm_output,retrieval,synthetic,niah,synthetic-filler,128k,0.9,exact_match,0.0,10,/home/sagemaker-user/atma/benchmarks/logs/foveal_cpt/retrieval_retrieval_synthetic_rope_lm_output_654271ff03.log
rope_lm_output,retrieval,synthetic,niah,synthetic-filler,128k,0.9,nll_nats_per_token,3.915244903564453,10,/home/sagemaker-user/atma/benchmarks/logs/foveal_cpt/retrieval_retrieval_synthetic_rope_lm_output_654271ff03.log
rope_lm_output,retrieval,synthetic,niah,synthetic-filler,128k,0.9,token_accuracy,0.0,10,/home/sagemaker-user/atma/benchmarks/logs/foveal_cpt/retrieval_retrieval_synthetic_rope_lm_output_654271ff03.log
rope_lm_output,retrieval,synthetic,niah,synthetic-filler,16k,0.1,exact_match,0.0,10,/home/sagemaker-user/atma/benchmarks/logs/foveal_cpt/retrieval_retrieval_synthetic_rope_lm_output_654271ff03.log
rope_lm_output,retrieval,synthetic,niah,synthetic-filler,16k,0.1,nll_nats_per_token,3.9285884857177735,10,/home/sagemaker-user/atma/benchmarks/logs/foveal_cpt/retrieval_retrieval_synthetic_rope_lm_output_654271ff03.log
rope_lm_output,retrieval,synthetic,niah,synthetic-filler,16k,0.1,token_accuracy,0.0,10,/home/sagemaker-user/atma/benchmarks/logs/foveal_cpt/retrieval_retrieval_synthetic_rope_lm_output_654271ff03.log
rope_lm_output,retrieval,synthetic,niah,synthetic-filler,16k,0.5,exact_match,0.0,10,/home/sagemaker-user/atma/benchmarks/logs/foveal_cpt/retrieval_retrieval_synthetic_rope_lm_output_654271ff03.log
rope_lm_output,retrieval,synthetic,niah,synthetic-filler,16k,0.5,nll_nats_per_token,3.9114672470092775,10,/home/sagemaker-user/atma/benchmarks/logs/foveal_cpt/retrieval_retrieval_synthetic_rope_lm_output_654271ff03.log
rope_lm_output,retrieval,synthetic,niah,synthetic-filler,16k,0.5,token_accuracy,0.0,10,/home/sagemaker-user/atma/benchmarks/logs/foveal_cpt/retrieval_retrieval_synthetic_rope_lm_output_654271ff03.log
rope_lm_output,retrieval,synthetic,niah,synthetic-filler,16k,0.9,exact_match,0.0,10,/home/sagemaker-user/atma/benchmarks/logs/foveal_cpt/retrieval_retrieval_synthetic_rope_lm_output_654271ff03.log
rope_lm_output,retrieval,synthetic,niah,synthetic-filler,16k,0.9,nll_nats_per_token,3.921321678161621,10,/home/sagemaker-user/atma/benchmarks/logs/foveal_cpt/retrieval_retrieval_synthetic_rope_lm_output_654271ff03.log
rope_lm_output,retrieval,synthetic,niah,synthetic-filler,16k,0.9,token_accuracy,0.0,10,/home/sagemaker-user/atma/benchmarks/logs/foveal_cpt/retrieval_retrieval_synthetic_rope_lm_output_654271ff03.log
rope_lm_output,retrieval,synthetic,niah,synthetic-filler,256k,0.1,exact_match,0.0,10,/home/sagemaker-user/atma/benchmarks/logs/foveal_cpt/retrieval_retrieval_synthetic_rope_lm_output_654271ff03.log
rope_lm_output,retrieval,synthetic,niah,synthetic-filler,256k,0.1,nll_nats_per_token,3.993655815124512,10,/home/sagemaker-user/atma/benchmarks/logs/foveal_cpt/retrieval_retrieval_synthetic_rope_lm_output_654271ff03.log
rope_lm_output,retrieval,synthetic,niah,synthetic-filler,256k,0.1,token_accuracy,0.0,10,/home/sagemaker-user/atma/benchmarks/logs/foveal_cpt/retrieval_retrieval_synthetic_rope_lm_output_654271ff03.log
rope_lm_output,retrieval,synthetic,niah,synthetic-filler,256k,0.5,exact_match,0.0,10,/home/sagemaker-user/atma/benchmarks/logs/foveal_cpt/retrieval_retrieval_synthetic_rope_lm_output_654271ff03.log
rope_lm_output,retrieval,synthetic,niah,synthetic-filler,256k,0.5,nll_nats_per_token,3.756886405944824,10,/home/sagemaker-user/atma/benchmarks/logs/foveal_cpt/retrieval_retrieval_synthetic_rope_lm_output_654271ff03.log
rope_lm_output,retrieval,synthetic,niah,synthetic-filler,256k,0.5,token_accuracy,0.0,10,/home/sagemaker-user/atma/benchmarks/logs/foveal_cpt/retrieval_retrieval_synthetic_rope_lm_output_654271ff03.log
rope_lm_output,retrieval,synthetic,niah,synthetic-filler,256k,0.9,exact_match,0.0,10,/home/sagemaker-user/atma/benchmarks/logs/foveal_cpt/retrieval_retrieval_synthetic_rope_lm_output_654271ff03.log
rope_lm_output,retrieval,synthetic,niah,synthetic-filler,256k,0.9,nll_nats_per_token,3.7369931411743162,10,/home/sagemaker-user/atma/benchmarks/logs/foveal_cpt/retrieval_retrieval_synthetic_rope_lm_output_654271ff03.log
rope_lm_output,retrieval,synthetic,niah,synthetic-filler,256k,0.9,token_accuracy,12.0,10,/home/sagemaker-user/atma/benchmarks/logs/foveal_cpt/retrieval_retrieval_synthetic_rope_lm_output_654271ff03.log
rope_lm_output,retrieval,synthetic,niah,synthetic-filler,2k,0.1,exact_match,0.0,10,/home/sagemaker-user/atma/benchmarks/logs/foveal_cpt/retrieval_retrieval_synthetic_rope_lm_output_654271ff03.log
rope_lm_output,retrieval,synthetic,niah,synthetic-filler,2k,0.1,nll_nats_per_token,2.0955915069580078,10,/home/sagemaker-user/atma/benchmarks/logs/foveal_cpt/retrieval_retrieval_synthetic_rope_lm_output_654271ff03.log
rope_lm_output,retrieval,synthetic,niah,synthetic-filler,2k,0.1,token_accuracy,36.0,10,/home/sagemaker-user/atma/benchmarks/logs/foveal_cpt/retrieval_retrieval_synthetic_rope_lm_output_654271ff03.log
rope_lm_output,retrieval,synthetic,niah,synthetic-filler,2k,0.5,exact_match,10.0,10,/home/sagemaker-user/atma/benchmarks/logs/foveal_cpt/retrieval_retrieval_synthetic_rope_lm_output_654271ff03.log
rope_lm_output,retrieval,synthetic,niah,synthetic-filler,2k,0.5,exact_match,20.0,5,/home/sagemaker-user/atma/benchmarks/logs/foveal_cpt/smoke_retrieval_synthetic_rope_lm_output_483b8f5e88.log
rope_lm_output,retrieval,synthetic,niah,synthetic-filler,2k,0.5,exact_match,0.0,2,/home/sagemaker-user/atma/benchmarks/logs/foveal_cpt/smoke_retrieval_synthetic_rope_lm_output_4b33446806.log
rope_lm_output,retrieval,synthetic,niah,synthetic-filler,2k,0.5,nll_nats_per_token,1.3241515159606934,10,/home/sagemaker-user/atma/benchmarks/logs/foveal_cpt/retrieval_retrieval_synthetic_rope_lm_output_654271ff03.log
rope_lm_output,retrieval,synthetic,niah,synthetic-filler,2k,0.5,nll_nats_per_token,1.2810727500915526,5,/home/sagemaker-user/atma/benchmarks/logs/foveal_cpt/smoke_retrieval_synthetic_rope_lm_output_483b8f5e88.log
rope_lm_output,retrieval,synthetic,niah,synthetic-filler,2k,0.5,nll_nats_per_token,1.3511623859405517,2,/home/sagemaker-user/atma/benchmarks/logs/foveal_cpt/smoke_retrieval_synthetic_rope_lm_output_4b33446806.log
rope_lm_output,retrieval,synthetic,niah,synthetic-filler,2k,0.5,token_accuracy,68.0,10,/home/sagemaker-user/atma/benchmarks/logs/foveal_cpt/retrieval_retrieval_synthetic_rope_lm_output_654271ff03.log
rope_lm_output,retrieval,synthetic,niah,synthetic-filler,2k,0.5,token_accuracy,72.0,5,/home/sagemaker-user/atma/benchmarks/logs/foveal_cpt/smoke_retrieval_synthetic_rope_lm_output_483b8f5e88.log
rope_lm_output,retrieval,synthetic,niah,synthetic-filler,2k,0.5,token_accuracy,60.0,2,/home/sagemaker-user/atma/benchmarks/logs/foveal_cpt/smoke_retrieval_synthetic_rope_lm_output_4b33446806.log
rope_lm_output,retrieval,synthetic,niah,synthetic-filler,2k,0.9,exact_match,90.0,10,/home/sagemaker-user/atma/benchmarks/logs/foveal_cpt/retrieval_retrieval_synthetic_rope_lm_output_654271ff03.log
rope_lm_output,retrieval,synthetic,niah,synthetic-filler,2k,0.9,nll_nats_per_token,0.6330633401870728,10,/home/sagemaker-user/atma/benchmarks/logs/foveal_cpt/retrieval_retrieval_synthetic_rope_lm_output_654271ff03.log
rope_lm_output,retrieval,synthetic,niah,synthetic-filler,2k,0.9,token_accuracy,98.0,10,/home/sagemaker-user/atma/benchmarks/logs/foveal_cpt/retrieval_retrieval_synthetic_rope_lm_output_654271ff03.log
rope_lm_output,retrieval,synthetic,niah,synthetic-filler,32k,0.1,exact_match,0.0,10,/home/sagemaker-user/atma/benchmarks/logs/foveal_cpt/retrieval_retrieval_synthetic_rope_lm_output_654271ff03.log
rope_lm_output,retrieval,synthetic,niah,synthetic-filler,32k,0.1,nll_nats_per_token,2.893532543182373,10,/home/sagemaker-user/atma/benchmarks/logs/foveal_cpt/retrieval_retrieval_synthetic_rope_lm_output_654271ff03.log
rope_lm_output,retrieval,synthetic,niah,synthetic-filler,32k,0.1,token_accuracy,18.0,10,/home/sagemaker-user/atma/benchmarks/logs/foveal_cpt/retrieval_retrieval_synthetic_rope_lm_output_654271ff03.log
rope_lm_output,retrieval,synthetic,niah,synthetic-filler,32k,0.5,exact_match,0.0,10,/home/sagemaker-user/atma/benchmarks/logs/foveal_cpt/retrieval_retrieval_synthetic_rope_lm_output_654271ff03.log
rope_lm_output,retrieval,synthetic,niah,synthetic-filler,32k,0.5,nll_nats_per_token,3.788108253479004,10,/home/sagemaker-user/atma/benchmarks/logs/foveal_cpt/retrieval_retrieval_synthetic_rope_lm_output_654271ff03.log
rope_lm_output,retrieval,synthetic,niah,synthetic-filler,32k,0.5,token_accuracy,6.0,10,/home/sagemaker-user/atma/benchmarks/logs/foveal_cpt/retrieval_retrieval_synthetic_rope_lm_output_654271ff03.log
rope_lm_output,retrieval,synthetic,niah,synthetic-filler,32k,0.9,exact_match,0.0,10,/home/sagemaker-user/atma/benchmarks/logs/foveal_cpt/retrieval_retrieval_synthetic_rope_lm_output_654271ff03.log
rope_lm_output,retrieval,synthetic,niah,synthetic-filler,32k,0.9,nll_nats_per_token,3.5733116912841796,10,/home/sagemaker-user/atma/benchmarks/logs/foveal_cpt/retrieval_retrieval_synthetic_rope_lm_output_654271ff03.log
rope_lm_output,retrieval,synthetic,niah,synthetic-filler,32k,0.9,token_accuracy,4.0,10,/home/sagemaker-user/atma/benchmarks/logs/foveal_cpt/retrieval_retrieval_synthetic_rope_lm_output_654271ff03.log
rope_lm_output,retrieval,synthetic,niah,synthetic-filler,4k,0.1,exact_match,0.0,10,/home/sagemaker-user/atma/benchmarks/logs/foveal_cpt/retrieval_retrieval_synthetic_rope_lm_output_654271ff03.log
rope_lm_output,retrieval,synthetic,niah,synthetic-filler,4k,0.1,nll_nats_per_token,1.7418056297302247,10,/home/sagemaker-user/atma/benchmarks/logs/foveal_cpt/retrieval_retrieval_synthetic_rope_lm_output_654271ff03.log
rope_lm_output,retrieval,synthetic,niah,synthetic-filler,4k,0.1,token_accuracy,44.0,10,/home/sagemaker-user/atma/benchmarks/logs/foveal_cpt/retrieval_retrieval_synthetic_rope_lm_output_654271ff03.log
rope_lm_output,retrieval,synthetic,niah,synthetic-filler,4k,0.5,exact_match,0.0,10,/home/sagemaker-user/atma/benchmarks/logs/foveal_cpt/retrieval_retrieval_synthetic_rope_lm_output_654271ff03.log
rope_lm_output,retrieval,synthetic,niah,synthetic-filler,4k,0.5,nll_nats_per_token,2.918314323425293,10,/home/sagemaker-user/atma/benchmarks/logs/foveal_cpt/retrieval_retrieval_synthetic_rope_lm_output_654271ff03.log
rope_lm_output,retrieval,synthetic,niah,synthetic-filler,4k,0.5,token_accuracy,6.0,10,/home/sagemaker-user/atma/benchmarks/logs/foveal_cpt/retrieval_retrieval_synthetic_rope_lm_output_654271ff03.log
rope_lm_output,retrieval,synthetic,niah,synthetic-filler,4k,0.9,exact_match,80.0,10,/home/sagemaker-user/atma/benchmarks/logs/foveal_cpt/retrieval_retrieval_synthetic_rope_lm_output_654271ff03.log
rope_lm_output,retrieval,synthetic,niah,synthetic-filler,4k,0.9,nll_nats_per_token,0.6834469509124755,10,/home/sagemaker-user/atma/benchmarks/logs/foveal_cpt/retrieval_retrieval_synthetic_rope_lm_output_654271ff03.log
rope_lm_output,retrieval,synthetic,niah,synthetic-filler,4k,0.9,token_accuracy,96.0,10,/home/sagemaker-user/atma/benchmarks/logs/foveal_cpt/retrieval_retrieval_synthetic_rope_lm_output_654271ff03.log
rope_lm_output,retrieval,synthetic,niah,synthetic-filler,64k,0.1,exact_match,0.0,10,/home/sagemaker-user/atma/benchmarks/logs/foveal_cpt/retrieval_retrieval_synthetic_rope_lm_output_654271ff03.log
rope_lm_output,retrieval,synthetic,niah,synthetic-filler,64k,0.1,nll_nats_per_token,4.011896553039551,10,/home/sagemaker-user/atma/benchmarks/logs/foveal_cpt/retrieval_retrieval_synthetic_rope_lm_output_654271ff03.log
rope_lm_output,retrieval,synthetic,niah,synthetic-filler,64k,0.1,token_accuracy,0.0,10,/home/sagemaker-user/atma/benchmarks/logs/foveal_cpt/retrieval_retrieval_synthetic_rope_lm_output_654271ff03.log
rope_lm_output,retrieval,synthetic,niah,synthetic-filler,64k,0.5,exact_match,0.0,10,/home/sagemaker-user/atma/benchmarks/logs/foveal_cpt/retrieval_retrieval_synthetic_rope_lm_output_654271ff03.log
rope_lm_output,retrieval,synthetic,niah,synthetic-filler,64k,0.5,nll_nats_per_token,4.101914482116699,10,/home/sagemaker-user/atma/benchmarks/logs/foveal_cpt/retrieval_retrieval_synthetic_rope_lm_output_654271ff03.log
rope_lm_output,retrieval,synthetic,niah,synthetic-filler,64k,0.5,token_accuracy,0.0,10,/home/sagemaker-user/atma/benchmarks/logs/foveal_cpt/retrieval_retrieval_synthetic_rope_lm_output_654271ff03.log
rope_lm_output,retrieval,synthetic,niah,synthetic-filler,64k,0.9,exact_match,0.0,10,/home/sagemaker-user/atma/benchmarks/logs/foveal_cpt/retrieval_retrieval_synthetic_rope_lm_output_654271ff03.log
rope_lm_output,retrieval,synthetic,niah,synthetic-filler,64k,0.9,nll_nats_per_token,4.096862640380859,10,/home/sagemaker-user/atma/benchmarks/logs/foveal_cpt/retrieval_retrieval_synthetic_rope_lm_output_654271ff03.log
rope_lm_output,retrieval,synthetic,niah,synthetic-filler,64k,0.9,token_accuracy,0.0,10,/home/sagemaker-user/atma/benchmarks/logs/foveal_cpt/retrieval_retrieval_synthetic_rope_lm_output_654271ff03.log
rope_lm_output,retrieval,synthetic,niah,synthetic-filler,8k,0.1,exact_match,0.0,10,/home/sagemaker-user/atma/benchmarks/logs/foveal_cpt/retrieval_retrieval_synthetic_rope_lm_output_654271ff03.log
rope_lm_output,retrieval,synthetic,niah,synthetic-filler,8k,0.1,nll_nats_per_token,3.6904208946228025,10,/home/sagemaker-user/atma/benchmarks/logs/foveal_cpt/retrieval_retrieval_synthetic_rope_lm_output_654271ff03.log
rope_lm_output,retrieval,synthetic,niah,synthetic-filler,8k,0.1,token_accuracy,4.0,10,/home/sagemaker-user/atma/benchmarks/logs/foveal_cpt/retrieval_retrieval_synthetic_rope_lm_output_654271ff03.log
rope_lm_output,retrieval,synthetic,niah,synthetic-filler,8k,0.5,exact_match,0.0,10,/home/sagemaker-user/atma/benchmarks/logs/foveal_cpt/retrieval_retrieval_synthetic_rope_lm_output_654271ff03.log
rope_lm_output,retrieval,synthetic,niah,synthetic-filler,8k,0.5,exact_match,0.0,5,/home/sagemaker-user/atma/benchmarks/logs/foveal_cpt/smoke_retrieval_synthetic_rope_lm_output_483b8f5e88.log
rope_lm_output,retrieval,synthetic,niah,synthetic-filler,8k,0.5,exact_match,0.0,2,/home/sagemaker-user/atma/benchmarks/logs/foveal_cpt/smoke_retrieval_synthetic_rope_lm_output_4b33446806.log
rope_lm_output,retrieval,synthetic,niah,synthetic-filler,8k,0.5,nll_nats_per_token,2.855815258026123,10,/home/sagemaker-user/atma/benchmarks/logs/foveal_cpt/retrieval_retrieval_synthetic_rope_lm_output_654271ff03.log
rope_lm_output,retrieval,synthetic,niah,synthetic-filler,8k,0.5,nll_nats_per_token,3.071509895324707,5,/home/sagemaker-user/atma/benchmarks/logs/foveal_cpt/smoke_retrieval_synthetic_rope_lm_output_483b8f5e88.log
rope_lm_output,retrieval,synthetic,niah,synthetic-filler,8k,0.5,nll_nats_per_token,3.588011455535889,2,/home/sagemaker-user/atma/benchmarks/logs/foveal_cpt/smoke_retrieval_synthetic_rope_lm_output_4b33446806.log
rope_lm_output,retrieval,synthetic,niah,synthetic-filler,8k,0.5,token_accuracy,18.0,10,/home/sagemaker-user/atma/benchmarks/logs/foveal_cpt/retrieval_retrieval_synthetic_rope_lm_output_654271ff03.log
rope_lm_output,retrieval,synthetic,niah,synthetic-filler,8k,0.5,token_accuracy,12.0,5,/home/sagemaker-user/atma/benchmarks/logs/foveal_cpt/smoke_retrieval_synthetic_rope_lm_output_483b8f5e88.log
rope_lm_output,retrieval,synthetic,niah,synthetic-filler,8k,0.5,token_accuracy,10.0,2,/home/sagemaker-user/atma/benchmarks/logs/foveal_cpt/smoke_retrieval_synthetic_rope_lm_output_4b33446806.log
rope_lm_output,retrieval,synthetic,niah,synthetic-filler,8k,0.9,exact_match,0.0,10,/home/sagemaker-user/atma/benchmarks/logs/foveal_cpt/retrieval_retrieval_synthetic_rope_lm_output_654271ff03.log
rope_lm_output,retrieval,synthetic,niah,synthetic-filler,8k,0.9,nll_nats_per_token,4.043574409484863,10,/home/sagemaker-user/atma/benchmarks/logs/foveal_cpt/retrieval_retrieval_synthetic_rope_lm_output_654271ff03.log
rope_lm_output,retrieval,synthetic,niah,synthetic-filler,8k,0.9,token_accuracy,2.0,10,/home/sagemaker-user/atma/benchmarks/logs/foveal_cpt/retrieval_retrieval_synthetic_rope_lm_output_654271ff03.log
rope_lm_output,retrieval,synthetic,passkey,synthetic-filler,128k,0.1,exact_match,0.0,10,/home/sagemaker-user/atma/benchmarks/logs/foveal_cpt/retrieval_retrieval_synthetic_rope_lm_output_654271ff03.log
rope_lm_output,retrieval,synthetic,passkey,synthetic-filler,128k,0.1,nll_nats_per_token,4.501229362487793,10,/home/sagemaker-user/atma/benchmarks/logs/foveal_cpt/retrieval_retrieval_synthetic_rope_lm_output_654271ff03.log
rope_lm_output,retrieval,synthetic,passkey,synthetic-filler,128k,0.1,token_accuracy,6.0,10,/home/sagemaker-user/atma/benchmarks/logs/foveal_cpt/retrieval_retrieval_synthetic_rope_lm_output_654271ff03.log
rope_lm_output,retrieval,synthetic,passkey,synthetic-filler,128k,0.5,exact_match,0.0,10,/home/sagemaker-user/atma/benchmarks/logs/foveal_cpt/retrieval_retrieval_synthetic_rope_lm_output_654271ff03.log
rope_lm_output,retrieval,synthetic,passkey,synthetic-filler,128k,0.5,nll_nats_per_token,4.274524230957031,10,/home/sagemaker-user/atma/benchmarks/logs/foveal_cpt/retrieval_retrieval_synthetic_rope_lm_output_654271ff03.log
rope_lm_output,retrieval,synthetic,passkey,synthetic-filler,128k,0.5,token_accuracy,4.0,10,/home/sagemaker-user/atma/benchmarks/logs/foveal_cpt/retrieval_retrieval_synthetic_rope_lm_output_654271ff03.log
rope_lm_output,retrieval,synthetic,passkey,synthetic-filler,128k,0.9,exact_match,0.0,10,/home/sagemaker-user/atma/benchmarks/logs/foveal_cpt/retrieval_retrieval_synthetic_rope_lm_output_654271ff03.log
rope_lm_output,retrieval,synthetic,passkey,synthetic-filler,128k,0.9,nll_nats_per_token,3.880257873535156,10,/home/sagemaker-user/atma/benchmarks/logs/foveal_cpt/retrieval_retrieval_synthetic_rope_lm_output_654271ff03.log
rope_lm_output,retrieval,synthetic,passkey,synthetic-filler,128k,0.9,token_accuracy,14.0,10,/home/sagemaker-user/atma/benchmarks/logs/foveal_cpt/retrieval_retrieval_synthetic_rope_lm_output_654271ff03.log
rope_lm_output,retrieval,synthetic,passkey,synthetic-filler,16k,0.1,exact_match,0.0,10,/home/sagemaker-user/atma/benchmarks/logs/foveal_cpt/retrieval_retrieval_synthetic_rope_lm_output_654271ff03.log
rope_lm_output,retrieval,synthetic,passkey,synthetic-filler,16k,0.1,nll_nats_per_token,3.8365963745117186,10,/home/sagemaker-user/atma/benchmarks/logs/foveal_cpt/retrieval_retrieval_synthetic_rope_lm_output_654271ff03.log
rope_lm_output,retrieval,synthetic,passkey,synthetic-filler,16k,0.1,token_accuracy,10.0,10,/home/sagemaker-user/atma/benchmarks/logs/foveal_cpt/retrieval_retrieval_synthetic_rope_lm_output_654271ff03.log
rope_lm_output,retrieval,synthetic,passkey,synthetic-filler,16k,0.5,exact_match,0.0,10,/home/sagemaker-user/atma/benchmarks/logs/foveal_cpt/retrieval_retrieval_synthetic_rope_lm_output_654271ff03.log
rope_lm_output,retrieval,synthetic,passkey,synthetic-filler,16k,0.5,nll_nats_per_token,4.1350852394104,10,/home/sagemaker-user/atma/benchmarks/logs/foveal_cpt/retrieval_retrieval_synthetic_rope_lm_output_654271ff03.log
rope_lm_output,retrieval,synthetic,passkey,synthetic-filler,16k,0.5,token_accuracy,8.0,10,/home/sagemaker-user/atma/benchmarks/logs/foveal_cpt/retrieval_retrieval_synthetic_rope_lm_output_654271ff03.log
rope_lm_output,retrieval,synthetic,passkey,synthetic-filler,16k,0.9,exact_match,0.0,10,/home/sagemaker-user/atma/benchmarks/logs/foveal_cpt/retrieval_retrieval_synthetic_rope_lm_output_654271ff03.log
rope_lm_output,retrieval,synthetic,passkey,synthetic-filler,16k,0.9,nll_nats_per_token,3.714171943664551,10,/home/sagemaker-user/atma/benchmarks/logs/foveal_cpt/retrieval_retrieval_synthetic_rope_lm_output_654271ff03.log
rope_lm_output,retrieval,synthetic,passkey,synthetic-filler,16k,0.9,token_accuracy,14.0,10,/home/sagemaker-user/atma/benchmarks/logs/foveal_cpt/retrieval_retrieval_synthetic_rope_lm_output_654271ff03.log
rope_lm_output,retrieval,synthetic,passkey,synthetic-filler,256k,0.1,exact_match,0.0,10,/home/sagemaker-user/atma/benchmarks/logs/foveal_cpt/retrieval_retrieval_synthetic_rope_lm_output_654271ff03.log
rope_lm_output,retrieval,synthetic,passkey,synthetic-filler,256k,0.1,nll_nats_per_token,3.8465449905395506,10,/home/sagemaker-user/atma/benchmarks/logs/foveal_cpt/retrieval_retrieval_synthetic_rope_lm_output_654271ff03.log
rope_lm_output,retrieval,synthetic,passkey,synthetic-filler,256k,0.1,token_accuracy,8.0,10,/home/sagemaker-user/atma/benchmarks/logs/foveal_cpt/retrieval_retrieval_synthetic_rope_lm_output_654271ff03.log
rope_lm_output,retrieval,synthetic,passkey,synthetic-filler,256k,0.5,exact_match,0.0,10,/home/sagemaker-user/atma/benchmarks/logs/foveal_cpt/retrieval_retrieval_synthetic_rope_lm_output_654271ff03.log
rope_lm_output,retrieval,synthetic,passkey,synthetic-filler,256k,0.5,nll_nats_per_token,4.16385482788086,10,/home/sagemaker-user/atma/benchmarks/logs/foveal_cpt/retrieval_retrieval_synthetic_rope_lm_output_654271ff03.log
rope_lm_output,retrieval,synthetic,passkey,synthetic-filler,256k,0.5,token_accuracy,4.0,10,/home/sagemaker-user/atma/benchmarks/logs/foveal_cpt/retrieval_retrieval_synthetic_rope_lm_output_654271ff03.log
rope_lm_output,retrieval,synthetic,passkey,synthetic-filler,256k,0.9,exact_match,0.0,10,/home/sagemaker-user/atma/benchmarks/logs/foveal_cpt/retrieval_retrieval_synthetic_rope_lm_output_654271ff03.log
rope_lm_output,retrieval,synthetic,passkey,synthetic-filler,256k,0.9,nll_nats_per_token,3.961980628967285,10,/home/sagemaker-user/atma/benchmarks/logs/foveal_cpt/retrieval_retrieval_synthetic_rope_lm_output_654271ff03.log
rope_lm_output,retrieval,synthetic,passkey,synthetic-filler,256k,0.9,token_accuracy,20.0,10,/home/sagemaker-user/atma/benchmarks/logs/foveal_cpt/retrieval_retrieval_synthetic_rope_lm_output_654271ff03.log
rope_lm_output,retrieval,synthetic,passkey,synthetic-filler,2k,0.1,exact_match,0.0,10,/home/sagemaker-user/atma/benchmarks/logs/foveal_cpt/retrieval_retrieval_synthetic_rope_lm_output_654271ff03.log
rope_lm_output,retrieval,synthetic,passkey,synthetic-filler,2k,0.1,nll_nats_per_token,2.4465825748443604,10,/home/sagemaker-user/atma/benchmarks/logs/foveal_cpt/retrieval_retrieval_synthetic_rope_lm_output_654271ff03.log
rope_lm_output,retrieval,synthetic,passkey,synthetic-filler,2k,0.1,token_accuracy,36.0,10,/home/sagemaker-user/atma/benchmarks/logs/foveal_cpt/retrieval_retrieval_synthetic_rope_lm_output_654271ff03.log
rope_lm_output,retrieval,synthetic,passkey,synthetic-filler,2k,0.5,exact_match,20.0,10,/home/sagemaker-user/atma/benchmarks/logs/foveal_cpt/retrieval_retrieval_synthetic_rope_lm_output_654271ff03.log
rope_lm_output,retrieval,synthetic,passkey,synthetic-filler,2k,0.5,exact_match,20.0,5,/home/sagemaker-user/atma/benchmarks/logs/foveal_cpt/smoke_retrieval_synthetic_rope_lm_output_483b8f5e88.log
rope_lm_output,retrieval,synthetic,passkey,synthetic-filler,2k,0.5,exact_match,0.0,2,/home/sagemaker-user/atma/benchmarks/logs/foveal_cpt/smoke_retrieval_synthetic_rope_lm_output_4b33446806.log
rope_lm_output,retrieval,synthetic,passkey,synthetic-filler,2k,0.5,nll_nats_per_token,1.4880844783782958,10,/home/sagemaker-user/atma/benchmarks/logs/foveal_cpt/retrieval_retrieval_synthetic_rope_lm_output_654271ff03.log
rope_lm_output,retrieval,synthetic,passkey,synthetic-filler,2k,0.5,nll_nats_per_token,1.3012296867370605,5,/home/sagemaker-user/atma/benchmarks/logs/foveal_cpt/smoke_retrieval_synthetic_rope_lm_output_483b8f5e88.log
rope_lm_output,retrieval,synthetic,passkey,synthetic-filler,2k,0.5,nll_nats_per_token,1.2732545852661132,2,/home/sagemaker-user/atma/benchmarks/logs/foveal_cpt/smoke_retrieval_synthetic_rope_lm_output_4b33446806.log
rope_lm_output,retrieval,synthetic,passkey,synthetic-filler,2k,0.5,token_accuracy,66.0,10,/home/sagemaker-user/atma/benchmarks/logs/foveal_cpt/retrieval_retrieval_synthetic_rope_lm_output_654271ff03.log
rope_lm_output,retrieval,synthetic,passkey,synthetic-filler,2k,0.5,token_accuracy,72.0,5,/home/sagemaker-user/atma/benchmarks/logs/foveal_cpt/smoke_retrieval_synthetic_rope_lm_output_483b8f5e88.log
rope_lm_output,retrieval,synthetic,passkey,synthetic-filler,2k,0.5,token_accuracy,70.0,2,/home/sagemaker-user/atma/benchmarks/logs/foveal_cpt/smoke_retrieval_synthetic_rope_lm_output_4b33446806.log
rope_lm_output,retrieval,synthetic,passkey,synthetic-filler,2k,0.9,exact_match,80.0,10,/home/sagemaker-user/atma/benchmarks/logs/foveal_cpt/retrieval_retrieval_synthetic_rope_lm_output_654271ff03.log
rope_lm_output,retrieval,synthetic,passkey,synthetic-filler,2k,0.9,nll_nats_per_token,0.5509700536727905,10,/home/sagemaker-user/atma/benchmarks/logs/foveal_cpt/retrieval_retrieval_synthetic_rope_lm_output_654271ff03.log
rope_lm_output,retrieval,synthetic,passkey,synthetic-filler,2k,0.9,token_accuracy,94.0,10,/home/sagemaker-user/atma/benchmarks/logs/foveal_cpt/retrieval_retrieval_synthetic_rope_lm_output_654271ff03.log
rope_lm_output,retrieval,synthetic,passkey,synthetic-filler,32k,0.1,exact_match,0.0,10,/home/sagemaker-user/atma/benchmarks/logs/foveal_cpt/retrieval_retrieval_synthetic_rope_lm_output_654271ff03.log
rope_lm_output,retrieval,synthetic,passkey,synthetic-filler,32k,0.1,nll_nats_per_token,4.352129669189453,10,/home/sagemaker-user/atma/benchmarks/logs/foveal_cpt/retrieval_retrieval_synthetic_rope_lm_output_654271ff03.log
rope_lm_output,retrieval,synthetic,passkey,synthetic-filler,32k,0.1,token_accuracy,8.0,10,/home/sagemaker-user/atma/benchmarks/logs/foveal_cpt/retrieval_retrieval_synthetic_rope_lm_output_654271ff03.log
rope_lm_output,retrieval,synthetic,passkey,synthetic-filler,32k,0.5,exact_match,0.0,10,/home/sagemaker-user/atma/benchmarks/logs/foveal_cpt/retrieval_retrieval_synthetic_rope_lm_output_654271ff03.log
rope_lm_output,retrieval,synthetic,passkey,synthetic-filler,32k,0.5,nll_nats_per_token,3.5379308319091796,10,/home/sagemaker-user/atma/benchmarks/logs/foveal_cpt/retrieval_retrieval_synthetic_rope_lm_output_654271ff03.log
rope_lm_output,retrieval,synthetic,passkey,synthetic-filler,32k,0.5,token_accuracy,12.0,10,/home/sagemaker-user/atma/benchmarks/logs/foveal_cpt/retrieval_retrieval_synthetic_rope_lm_output_654271ff03.log
rope_lm_output,retrieval,synthetic,passkey,synthetic-filler,32k,0.9,exact_match,0.0,10,/home/sagemaker-user/atma/benchmarks/logs/foveal_cpt/retrieval_retrieval_synthetic_rope_lm_output_654271ff03.log
rope_lm_output,retrieval,synthetic,passkey,synthetic-filler,32k,0.9,nll_nats_per_token,3.7285070037841797,10,/home/sagemaker-user/atma/benchmarks/logs/foveal_cpt/retrieval_retrieval_synthetic_rope_lm_output_654271ff03.log
rope_lm_output,retrieval,synthetic,passkey,synthetic-filler,32k,0.9,token_accuracy,8.0,10,/home/sagemaker-user/atma/benchmarks/logs/foveal_cpt/retrieval_retrieval_synthetic_rope_lm_output_654271ff03.log
rope_lm_output,retrieval,synthetic,passkey,synthetic-filler,4k,0.1,exact_match,10.0,10,/home/sagemaker-user/atma/benchmarks/logs/foveal_cpt/retrieval_retrieval_synthetic_rope_lm_output_654271ff03.log
rope_lm_output,retrieval,synthetic,passkey,synthetic-filler,4k,0.1,nll_nats_per_token,1.856025857925415,10,/home/sagemaker-user/atma/benchmarks/logs/foveal_cpt/retrieval_retrieval_synthetic_rope_lm_output_654271ff03.log
rope_lm_output,retrieval,synthetic,passkey,synthetic-filler,4k,0.1,token_accuracy,48.0,10,/home/sagemaker-user/atma/benchmarks/logs/foveal_cpt/retrieval_retrieval_synthetic_rope_lm_output_654271ff03.log
rope_lm_output,retrieval,synthetic,passkey,synthetic-filler,4k,0.5,exact_match,0.0,10,/home/sagemaker-user/atma/benchmarks/logs/foveal_cpt/retrieval_retrieval_synthetic_rope_lm_output_654271ff03.log
rope_lm_output,retrieval,synthetic,passkey,synthetic-filler,4k,0.5,nll_nats_per_token,3.552605094909668,10,/home/sagemaker-user/atma/benchmarks/logs/foveal_cpt/retrieval_retrieval_synthetic_rope_lm_output_654271ff03.log
rope_lm_output,retrieval,synthetic,passkey,synthetic-filler,4k,0.5,token_accuracy,14.0,10,/home/sagemaker-user/atma/benchmarks/logs/foveal_cpt/retrieval_retrieval_synthetic_rope_lm_output_654271ff03.log
rope_lm_output,retrieval,synthetic,passkey,synthetic-filler,4k,0.9,exact_match,60.0,10,/home/sagemaker-user/atma/benchmarks/logs/foveal_cpt/retrieval_retrieval_synthetic_rope_lm_output_654271ff03.log
rope_lm_output,retrieval,synthetic,passkey,synthetic-filler,4k,0.9,nll_nats_per_token,0.5551548957824707,10,/home/sagemaker-user/atma/benchmarks/logs/foveal_cpt/retrieval_retrieval_synthetic_rope_lm_output_654271ff03.log
rope_lm_output,retrieval,synthetic,passkey,synthetic-filler,4k,0.9,token_accuracy,90.0,10,/home/sagemaker-user/atma/benchmarks/logs/foveal_cpt/retrieval_retrieval_synthetic_rope_lm_output_654271ff03.log
rope_lm_output,retrieval,synthetic,passkey,synthetic-filler,64k,0.1,exact_match,0.0,10,/home/sagemaker-user/atma/benchmarks/logs/foveal_cpt/retrieval_retrieval_synthetic_rope_lm_output_654271ff03.log
rope_lm_output,retrieval,synthetic,passkey,synthetic-filler,64k,0.1,nll_nats_per_token,4.553036689758301,10,/home/sagemaker-user/atma/benchmarks/logs/foveal_cpt/retrieval_retrieval_synthetic_rope_lm_output_654271ff03.log
rope_lm_output,retrieval,synthetic,passkey,synthetic-filler,64k,0.1,token_accuracy,6.0,10,/home/sagemaker-user/atma/benchmarks/logs/foveal_cpt/retrieval_retrieval_synthetic_rope_lm_output_654271ff03.log
rope_lm_output,retrieval,synthetic,passkey,synthetic-filler,64k,0.5,exact_match,0.0,10,/home/sagemaker-user/atma/benchmarks/logs/foveal_cpt/retrieval_retrieval_synthetic_rope_lm_output_654271ff03.log
rope_lm_output,retrieval,synthetic,passkey,synthetic-filler,64k,0.5,nll_nats_per_token,4.618054885864257,10,/home/sagemaker-user/atma/benchmarks/logs/foveal_cpt/retrieval_retrieval_synthetic_rope_lm_output_654271ff03.log
rope_lm_output,retrieval,synthetic,passkey,synthetic-filler,64k,0.5,token_accuracy,6.0,10,/home/sagemaker-user/atma/benchmarks/logs/foveal_cpt/retrieval_retrieval_synthetic_rope_lm_output_654271ff03.log
rope_lm_output,retrieval,synthetic,passkey,synthetic-filler,64k,0.9,exact_match,0.0,10,/home/sagemaker-user/atma/benchmarks/logs/foveal_cpt/retrieval_retrieval_synthetic_rope_lm_output_654271ff03.log
rope_lm_output,retrieval,synthetic,passkey,synthetic-filler,64k,0.9,nll_nats_per_token,4.006743583679199,10,/home/sagemaker-user/atma/benchmarks/logs/foveal_cpt/retrieval_retrieval_synthetic_rope_lm_output_654271ff03.log
rope_lm_output,retrieval,synthetic,passkey,synthetic-filler,64k,0.9,token_accuracy,14.0,10,/home/sagemaker-user/atma/benchmarks/logs/foveal_cpt/retrieval_retrieval_synthetic_rope_lm_output_654271ff03.log
rope_lm_output,retrieval,synthetic,passkey,synthetic-filler,8k,0.1,exact_match,0.0,10,/home/sagemaker-user/atma/benchmarks/logs/foveal_cpt/retrieval_retrieval_synthetic_rope_lm_output_654271ff03.log
rope_lm_output,retrieval,synthetic,passkey,synthetic-filler,8k,0.1,nll_nats_per_token,3.9731492614746093,10,/home/sagemaker-user/atma/benchmarks/logs/foveal_cpt/retrieval_retrieval_synthetic_rope_lm_output_654271ff03.log
rope_lm_output,retrieval,synthetic,passkey,synthetic-filler,8k,0.1,token_accuracy,18.0,10,/home/sagemaker-user/atma/benchmarks/logs/foveal_cpt/retrieval_retrieval_synthetic_rope_lm_output_654271ff03.log
rope_lm_output,retrieval,synthetic,passkey,synthetic-filler,8k,0.5,exact_match,0.0,10,/home/sagemaker-user/atma/benchmarks/logs/foveal_cpt/retrieval_retrieval_synthetic_rope_lm_output_654271ff03.log
rope_lm_output,retrieval,synthetic,passkey,synthetic-filler,8k,0.5,exact_match,0.0,5,/home/sagemaker-user/atma/benchmarks/logs/foveal_cpt/smoke_retrieval_synthetic_rope_lm_output_483b8f5e88.log
rope_lm_output,retrieval,synthetic,passkey,synthetic-filler,8k,0.5,exact_match,0.0,2,/home/sagemaker-user/atma/benchmarks/logs/foveal_cpt/smoke_retrieval_synthetic_rope_lm_output_4b33446806.log
rope_lm_output,retrieval,synthetic,passkey,synthetic-filler,8k,0.5,nll_nats_per_token,3.1418584251403807,10,/home/sagemaker-user/atma/benchmarks/logs/foveal_cpt/retrieval_retrieval_synthetic_rope_lm_output_654271ff03.log
rope_lm_output,retrieval,synthetic,passkey,synthetic-filler,8k,0.5,nll_nats_per_token,3.285093765258789,5,/home/sagemaker-user/atma/benchmarks/logs/foveal_cpt/smoke_retrieval_synthetic_rope_lm_output_483b8f5e88.log
rope_lm_output,retrieval,synthetic,passkey,synthetic-filler,8k,0.5,nll_nats_per_token,3.1111684799194337,2,/home/sagemaker-user/atma/benchmarks/logs/foveal_cpt/smoke_retrieval_synthetic_rope_lm_output_4b33446806.log
rope_lm_output,retrieval,synthetic,passkey,synthetic-filler,8k,0.5,token_accuracy,14.0,10,/home/sagemaker-user/atma/benchmarks/logs/foveal_cpt/retrieval_retrieval_synthetic_rope_lm_output_654271ff03.log
rope_lm_output,retrieval,synthetic,passkey,synthetic-filler,8k,0.5,token_accuracy,20.0,5,/home/sagemaker-user/atma/benchmarks/logs/foveal_cpt/smoke_retrieval_synthetic_rope_lm_output_483b8f5e88.log
rope_lm_output,retrieval,synthetic,passkey,synthetic-filler,8k,0.5,token_accuracy,30.0,2,/home/sagemaker-user/atma/benchmarks/logs/foveal_cpt/smoke_retrieval_synthetic_rope_lm_output_4b33446806.log
rope_lm_output,retrieval,synthetic,passkey,synthetic-filler,8k,0.9,exact_match,0.0,10,/home/sagemaker-user/atma/benchmarks/logs/foveal_cpt/retrieval_retrieval_synthetic_rope_lm_output_654271ff03.log
rope_lm_output,retrieval,synthetic,passkey,synthetic-filler,8k,0.9,nll_nats_per_token,4.489194431304932,10,/home/sagemaker-user/atma/benchmarks/logs/foveal_cpt/retrieval_retrieval_synthetic_rope_lm_output_654271ff03.log
rope_lm_output,retrieval,synthetic,passkey,synthetic-filler,8k,0.9,token_accuracy,10.0,10,/home/sagemaker-user/atma/benchmarks/logs/foveal_cpt/retrieval_retrieval_synthetic_rope_lm_output_654271ff03.log
rope_lm_output,serving,generation,,,128k,,decode_tokens_per_s,454.6318473250653,1,/home/sagemaker-user/atma/benchmarks/logs/foveal_cpt/serving_serving_generation_rope_lm_output_4f5e385853.log
rope_lm_output,serving,generation,,,128k,,decode_tokens_per_s,451.2889701556323,1,/home/sagemaker-user/atma/benchmarks/logs/foveal_cpt/serving_serving_generation_rope_lm_output_c51042fd60.log
rope_lm_output,serving,generation,,,128k,,oom,False,1,/home/sagemaker-user/atma/benchmarks/logs/foveal_cpt/serving_serving_generation_rope_lm_output_4f5e385853.log
rope_lm_output,serving,generation,,,128k,,oom,False,1,/home/sagemaker-user/atma/benchmarks/logs/foveal_cpt/serving_serving_generation_rope_lm_output_c51042fd60.log
rope_lm_output,serving,generation,,,128k,,peak_allocated_bytes,7590206464,1,/home/sagemaker-user/atma/benchmarks/logs/foveal_cpt/serving_serving_generation_rope_lm_output_4f5e385853.log
rope_lm_output,serving,generation,,,128k,,peak_allocated_bytes,7590206464,1,/home/sagemaker-user/atma/benchmarks/logs/foveal_cpt/serving_serving_generation_rope_lm_output_c51042fd60.log
rope_lm_output,serving,generation,,,128k,,peak_reserved_bytes,8067743744,1,/home/sagemaker-user/atma/benchmarks/logs/foveal_cpt/serving_serving_generation_rope_lm_output_4f5e385853.log
rope_lm_output,serving,generation,,,128k,,peak_reserved_bytes,8067743744,1,/home/sagemaker-user/atma/benchmarks/logs/foveal_cpt/serving_serving_generation_rope_lm_output_c51042fd60.log
rope_lm_output,serving,generation,,,128k,,prefill_tokens_per_s,154488.7246112304,1,/home/sagemaker-user/atma/benchmarks/logs/foveal_cpt/serving_serving_generation_rope_lm_output_4f5e385853.log
rope_lm_output,serving,generation,,,128k,,prefill_tokens_per_s,154803.3519668249,1,/home/sagemaker-user/atma/benchmarks/logs/foveal_cpt/serving_serving_generation_rope_lm_output_c51042fd60.log
rope_lm_output,serving,generation,,,16k,,decode_tokens_per_s,459.80246554710794,1,/home/sagemaker-user/atma/benchmarks/logs/foveal_cpt/serving_serving_generation_rope_lm_output_4f5e385853.log
rope_lm_output,serving,generation,,,16k,,decode_tokens_per_s,461.0208338664403,1,/home/sagemaker-user/atma/benchmarks/logs/foveal_cpt/serving_serving_generation_rope_lm_output_c51042fd60.log
rope_lm_output,serving,generation,,,16k,,oom,False,1,/home/sagemaker-user/atma/benchmarks/logs/foveal_cpt/serving_serving_generation_rope_lm_output_4f5e385853.log
rope_lm_output,serving,generation,,,16k,,oom,False,1,/home/sagemaker-user/atma/benchmarks/logs/foveal_cpt/serving_serving_generation_rope_lm_output_c51042fd60.log
rope_lm_output,serving,generation,,,16k,,peak_allocated_bytes,1629508608,1,/home/sagemaker-user/atma/benchmarks/logs/foveal_cpt/serving_serving_generation_rope_lm_output_4f5e385853.log
rope_lm_output,serving,generation,,,16k,,peak_allocated_bytes,1629508608,1,/home/sagemaker-user/atma/benchmarks/logs/foveal_cpt/serving_serving_generation_rope_lm_output_c51042fd60.log
rope_lm_output,serving,generation,,,16k,,peak_reserved_bytes,1725956096,1,/home/sagemaker-user/atma/benchmarks/logs/foveal_cpt/serving_serving_generation_rope_lm_output_4f5e385853.log
rope_lm_output,serving,generation,,,16k,,peak_reserved_bytes,1725956096,1,/home/sagemaker-user/atma/benchmarks/logs/foveal_cpt/serving_serving_generation_rope_lm_output_c51042fd60.log
rope_lm_output,serving,generation,,,16k,,prefill_tokens_per_s,170261.84036413714,1,/home/sagemaker-user/atma/benchmarks/logs/foveal_cpt/serving_serving_generation_rope_lm_output_4f5e385853.log
rope_lm_output,serving,generation,,,16k,,prefill_tokens_per_s,165530.96130862567,1,/home/sagemaker-user/atma/benchmarks/logs/foveal_cpt/serving_serving_generation_rope_lm_output_c51042fd60.log
rope_lm_output,serving,generation,,,256k,,decode_tokens_per_s,446.30537496583037,1,/home/sagemaker-user/atma/benchmarks/logs/foveal_cpt/serving_serving_generation_rope_lm_output_c51042fd60.log
rope_lm_output,serving,generation,,,256k,,oom,False,1,/home/sagemaker-user/atma/benchmarks/logs/foveal_cpt/serving_serving_generation_rope_lm_output_c51042fd60.log
rope_lm_output,serving,generation,,,256k,,peak_allocated_bytes,14400185344,1,/home/sagemaker-user/atma/benchmarks/logs/foveal_cpt/serving_serving_generation_rope_lm_output_c51042fd60.log
rope_lm_output,serving,generation,,,256k,,peak_reserved_bytes,15313403904,1,/home/sagemaker-user/atma/benchmarks/logs/foveal_cpt/serving_serving_generation_rope_lm_output_c51042fd60.log
rope_lm_output,serving,generation,,,256k,,prefill_tokens_per_s,150157.3953762078,1,/home/sagemaker-user/atma/benchmarks/logs/foveal_cpt/serving_serving_generation_rope_lm_output_c51042fd60.log
rope_lm_output,serving,generation,,,2k,,decode_tokens_per_s,461.74576333405554,1,/home/sagemaker-user/atma/benchmarks/logs/foveal_cpt/serving_serving_generation_rope_lm_output_4f5e385853.log
rope_lm_output,serving,generation,,,2k,,decode_tokens_per_s,459.54770824659016,1,/home/sagemaker-user/atma/benchmarks/logs/foveal_cpt/serving_serving_generation_rope_lm_output_c51042fd60.log
rope_lm_output,serving,generation,,,2k,,oom,False,1,/home/sagemaker-user/atma/benchmarks/logs/foveal_cpt/serving_serving_generation_rope_lm_output_4f5e385853.log
rope_lm_output,serving,generation,,,2k,,oom,False,1,/home/sagemaker-user/atma/benchmarks/logs/foveal_cpt/serving_serving_generation_rope_lm_output_c51042fd60.log
rope_lm_output,serving,generation,,,2k,,peak_allocated_bytes,886649856,1,/home/sagemaker-user/atma/benchmarks/logs/foveal_cpt/serving_serving_generation_rope_lm_output_4f5e385853.log
rope_lm_output,serving,generation,,,2k,,peak_allocated_bytes,886649856,1,/home/sagemaker-user/atma/benchmarks/logs/foveal_cpt/serving_serving_generation_rope_lm_output_c51042fd60.log
rope_lm_output,serving,generation,,,2k,,peak_reserved_bytes,929038336,1,/home/sagemaker-user/atma/benchmarks/logs/foveal_cpt/serving_serving_generation_rope_lm_output_4f5e385853.log
rope_lm_output,serving,generation,,,2k,,peak_reserved_bytes,929038336,1,/home/sagemaker-user/atma/benchmarks/logs/foveal_cpt/serving_serving_generation_rope_lm_output_c51042fd60.log
rope_lm_output,serving,generation,,,2k,,prefill_tokens_per_s,11255.380967383748,1,/home/sagemaker-user/atma/benchmarks/logs/foveal_cpt/serving_serving_generation_rope_lm_output_4f5e385853.log
rope_lm_output,serving,generation,,,2k,,prefill_tokens_per_s,13057.605327733248,1,/home/sagemaker-user/atma/benchmarks/logs/foveal_cpt/serving_serving_generation_rope_lm_output_c51042fd60.log
rope_lm_output,serving,generation,,,32k,,decode_tokens_per_s,465.4985645464893,1,/home/sagemaker-user/atma/benchmarks/logs/foveal_cpt/serving_serving_generation_rope_lm_output_4f5e385853.log
rope_lm_output,serving,generation,,,32k,,decode_tokens_per_s,457.40956149649793,1,/home/sagemaker-user/atma/benchmarks/logs/foveal_cpt/serving_serving_generation_rope_lm_output_c51042fd60.log
rope_lm_output,serving,generation,,,32k,,oom,False,1,/home/sagemaker-user/atma/benchmarks/logs/foveal_cpt/serving_serving_generation_rope_lm_output_4f5e385853.log
rope_lm_output,serving,generation,,,32k,,oom,False,1,/home/sagemaker-user/atma/benchmarks/logs/foveal_cpt/serving_serving_generation_rope_lm_output_c51042fd60.log
rope_lm_output,serving,generation,,,32k,,peak_allocated_bytes,2480887296,1,/home/sagemaker-user/atma/benchmarks/logs/foveal_cpt/serving_serving_generation_rope_lm_output_4f5e385853.log
rope_lm_output,serving,generation,,,32k,,peak_allocated_bytes,2480887296,1,/home/sagemaker-user/atma/benchmarks/logs/foveal_cpt/serving_serving_generation_rope_lm_output_c51042fd60.log
rope_lm_output,serving,generation,,,32k,,peak_reserved_bytes,2569011200,1,/home/sagemaker-user/atma/benchmarks/logs/foveal_cpt/serving_serving_generation_rope_lm_output_4f5e385853.log
rope_lm_output,serving,generation,,,32k,,peak_reserved_bytes,2569011200,1,/home/sagemaker-user/atma/benchmarks/logs/foveal_cpt/serving_serving_generation_rope_lm_output_c51042fd60.log
rope_lm_output,serving,generation,,,32k,,prefill_tokens_per_s,155386.47410319073,1,/home/sagemaker-user/atma/benchmarks/logs/foveal_cpt/serving_serving_generation_rope_lm_output_4f5e385853.log
rope_lm_output,serving,generation,,,32k,,prefill_tokens_per_s,155151.4165089011,1,/home/sagemaker-user/atma/benchmarks/logs/foveal_cpt/serving_serving_generation_rope_lm_output_c51042fd60.log
rope_lm_output,serving,generation,,,4k,,decode_tokens_per_s,458.4468504744491,1,/home/sagemaker-user/atma/benchmarks/logs/foveal_cpt/serving_serving_generation_rope_lm_output_4f5e385853.log
rope_lm_output,serving,generation,,,4k,,decode_tokens_per_s,456.6887057478734,1,/home/sagemaker-user/atma/benchmarks/logs/foveal_cpt/serving_serving_generation_rope_lm_output_c51042fd60.log
rope_lm_output,serving,generation,,,4k,,oom,False,1,/home/sagemaker-user/atma/benchmarks/logs/foveal_cpt/serving_serving_generation_rope_lm_output_4f5e385853.log
rope_lm_output,serving,generation,,,4k,,oom,False,1,/home/sagemaker-user/atma/benchmarks/logs/foveal_cpt/serving_serving_generation_rope_lm_output_c51042fd60.log
rope_lm_output,serving,generation,,,4k,,peak_allocated_bytes,992023552,1,/home/sagemaker-user/atma/benchmarks/logs/foveal_cpt/serving_serving_generation_rope_lm_output_4f5e385853.log
rope_lm_output,serving,generation,,,4k,,peak_allocated_bytes,992023552,1,/home/sagemaker-user/atma/benchmarks/logs/foveal_cpt/serving_serving_generation_rope_lm_output_c51042fd60.log
rope_lm_output,serving,generation,,,4k,,peak_reserved_bytes,1044381696,1,/home/sagemaker-user/atma/benchmarks/logs/foveal_cpt/serving_serving_generation_rope_lm_output_4f5e385853.log
rope_lm_output,serving,generation,,,4k,,peak_reserved_bytes,1044381696,1,/home/sagemaker-user/atma/benchmarks/logs/foveal_cpt/serving_serving_generation_rope_lm_output_c51042fd60.log
rope_lm_output,serving,generation,,,4k,,prefill_tokens_per_s,129942.77319049907,1,/home/sagemaker-user/atma/benchmarks/logs/foveal_cpt/serving_serving_generation_rope_lm_output_4f5e385853.log
rope_lm_output,serving,generation,,,4k,,prefill_tokens_per_s,117100.51614047283,1,/home/sagemaker-user/atma/benchmarks/logs/foveal_cpt/serving_serving_generation_rope_lm_output_c51042fd60.log
rope_lm_output,serving,generation,,,64k,,decode_tokens_per_s,453.6899111396583,1,/home/sagemaker-user/atma/benchmarks/logs/foveal_cpt/serving_serving_generation_rope_lm_output_4f5e385853.log
rope_lm_output,serving,generation,,,64k,,decode_tokens_per_s,458.8001034795994,1,/home/sagemaker-user/atma/benchmarks/logs/foveal_cpt/serving_serving_generation_rope_lm_output_c51042fd60.log
rope_lm_output,serving,generation,,,64k,,oom,False,1,/home/sagemaker-user/atma/benchmarks/logs/foveal_cpt/serving_serving_generation_rope_lm_output_4f5e385853.log
rope_lm_output,serving,generation,,,64k,,oom,False,1,/home/sagemaker-user/atma/benchmarks/logs/foveal_cpt/serving_serving_generation_rope_lm_output_c51042fd60.log
rope_lm_output,serving,generation,,,64k,,peak_allocated_bytes,4184692736,1,/home/sagemaker-user/atma/benchmarks/logs/foveal_cpt/serving_serving_generation_rope_lm_output_4f5e385853.log
rope_lm_output,serving,generation,,,64k,,peak_allocated_bytes,4184692736,1,/home/sagemaker-user/atma/benchmarks/logs/foveal_cpt/serving_serving_generation_rope_lm_output_c51042fd60.log
rope_lm_output,serving,generation,,,64k,,peak_reserved_bytes,4441767936,1,/home/sagemaker-user/atma/benchmarks/logs/foveal_cpt/serving_serving_generation_rope_lm_output_4f5e385853.log
rope_lm_output,serving,generation,,,64k,,peak_reserved_bytes,4441767936,1,/home/sagemaker-user/atma/benchmarks/logs/foveal_cpt/serving_serving_generation_rope_lm_output_c51042fd60.log
rope_lm_output,serving,generation,,,64k,,prefill_tokens_per_s,153895.59829438664,1,/home/sagemaker-user/atma/benchmarks/logs/foveal_cpt/serving_serving_generation_rope_lm_output_4f5e385853.log
rope_lm_output,serving,generation,,,64k,,prefill_tokens_per_s,154204.60072480663,1,/home/sagemaker-user/atma/benchmarks/logs/foveal_cpt/serving_serving_generation_rope_lm_output_c51042fd60.log
rope_lm_output,serving,generation,,,8k,,decode_tokens_per_s,460.46599461414166,1,/home/sagemaker-user/atma/benchmarks/logs/foveal_cpt/serving_serving_generation_rope_lm_output_4f5e385853.log
rope_lm_output,serving,generation,,,8k,,decode_tokens_per_s,461.3038115467236,1,/home/sagemaker-user/atma/benchmarks/logs/foveal_cpt/serving_serving_generation_rope_lm_output_c51042fd60.log
rope_lm_output,serving,generation,,,8k,,oom,False,1,/home/sagemaker-user/atma/benchmarks/logs/foveal_cpt/serving_serving_generation_rope_lm_output_4f5e385853.log
rope_lm_output,serving,generation,,,8k,,oom,False,1,/home/sagemaker-user/atma/benchmarks/logs/foveal_cpt/serving_serving_generation_rope_lm_output_c51042fd60.log
rope_lm_output,serving,generation,,,8k,,peak_allocated_bytes,1204868096,1,/home/sagemaker-user/atma/benchmarks/logs/foveal_cpt/serving_serving_generation_rope_lm_output_4f5e385853.log
rope_lm_output,serving,generation,,,8k,,peak_allocated_bytes,1204868096,1,/home/sagemaker-user/atma/benchmarks/logs/foveal_cpt/serving_serving_generation_rope_lm_output_c51042fd60.log
rope_lm_output,serving,generation,,,8k,,peak_reserved_bytes,1254096896,1,/home/sagemaker-user/atma/benchmarks/logs/foveal_cpt/serving_serving_generation_rope_lm_output_4f5e385853.log
rope_lm_output,serving,generation,,,8k,,peak_reserved_bytes,1254096896,1,/home/sagemaker-user/atma/benchmarks/logs/foveal_cpt/serving_serving_generation_rope_lm_output_c51042fd60.log
rope_lm_output,serving,generation,,,8k,,prefill_tokens_per_s,160055.31792408126,1,/home/sagemaker-user/atma/benchmarks/logs/foveal_cpt/serving_serving_generation_rope_lm_output_4f5e385853.log
rope_lm_output,serving,generation,,,8k,,prefill_tokens_per_s,151759.73004582862,1,/home/sagemaker-user/atma/benchmarks/logs/foveal_cpt/serving_serving_generation_rope_lm_output_c51042fd60.log
rope_lm_output,serving,generation,,,,,max_successful_context_tokens,131072,,/home/sagemaker-user/atma/benchmarks/logs/foveal_cpt/serving_serving_generation_rope_lm_output_4f5e385853.log
rope_lm_output,serving,generation,,,,,max_successful_context_tokens,262144,,/home/sagemaker-user/atma/benchmarks/logs/foveal_cpt/serving_serving_generation_rope_lm_output_c51042fd60.log
rope_lm_output_kl,base,zero_shot,arc_challenge,,,,accuracy,0.2408026755852843,299,/home/sagemaker-user/atma/benchmarks/logs/foveal_cpt/base_base_zero_shot_rope_lm_output_kl_4d58b07f6d.log
rope_lm_output_kl,base,zero_shot,arc_challenge,,,,accuracy_norm,0.2809364548494983,299,/home/sagemaker-user/atma/benchmarks/logs/foveal_cpt/base_base_zero_shot_rope_lm_output_kl_4d58b07f6d.log
rope_lm_output_kl,base,zero_shot,arc_easy,,,,accuracy,0.5877192982456141,570,/home/sagemaker-user/atma/benchmarks/logs/foveal_cpt/base_base_zero_shot_rope_lm_output_kl_4d58b07f6d.log
rope_lm_output_kl,base,zero_shot,arc_easy,,,,accuracy_norm,0.4964912280701754,570,/home/sagemaker-user/atma/benchmarks/logs/foveal_cpt/base_base_zero_shot_rope_lm_output_kl_4d58b07f6d.log
rope_lm_output_kl,base,zero_shot,boolq,,,,accuracy,0.6012232415902141,3270,/home/sagemaker-user/atma/benchmarks/logs/foveal_cpt/base_base_zero_shot_rope_lm_output_kl_4d58b07f6d.log
rope_lm_output_kl,base,zero_shot,boolq,,,,accuracy_norm,0.6012232415902141,3270,/home/sagemaker-user/atma/benchmarks/logs/foveal_cpt/base_base_zero_shot_rope_lm_output_kl_4d58b07f6d.log
rope_lm_output_kl,base,zero_shot,hellaswag,,,,accuracy,0.32573192591117306,10042,/home/sagemaker-user/atma/benchmarks/logs/foveal_cpt/base_base_zero_shot_rope_lm_output_kl_4d58b07f6d.log
rope_lm_output_kl,base,zero_shot,hellaswag,,,,accuracy_norm,0.3748257319259112,10042,/home/sagemaker-user/atma/benchmarks/logs/foveal_cpt/base_base_zero_shot_rope_lm_output_kl_4d58b07f6d.log
rope_lm_output_kl,base,zero_shot,lambada,,,,accuracy,0.28604696293421306,5153,/home/sagemaker-user/atma/benchmarks/logs/foveal_cpt/base_base_zero_shot_rope_lm_output_kl_4d58b07f6d.log
rope_lm_output_kl,base,zero_shot,lambada,,,,target_nll,3.1375389573221826,5153,/home/sagemaker-user/atma/benchmarks/logs/foveal_cpt/base_base_zero_shot_rope_lm_output_kl_4d58b07f6d.log
rope_lm_output_kl,base,zero_shot,lambada,,,,target_perplexity,23.047077165952363,5153,/home/sagemaker-user/atma/benchmarks/logs/foveal_cpt/base_base_zero_shot_rope_lm_output_kl_4d58b07f6d.log
rope_lm_output_kl,base,zero_shot,openbookqa,,,,accuracy,0.208,500,/home/sagemaker-user/atma/benchmarks/logs/foveal_cpt/base_base_zero_shot_rope_lm_output_kl_4d58b07f6d.log
rope_lm_output_kl,base,zero_shot,openbookqa,,,,accuracy_norm,0.322,500,/home/sagemaker-user/atma/benchmarks/logs/foveal_cpt/base_base_zero_shot_rope_lm_output_kl_4d58b07f6d.log
rope_lm_output_kl,base,zero_shot,piqa,,,,accuracy,0.6713819368879217,1838,/home/sagemaker-user/atma/benchmarks/logs/foveal_cpt/base_base_zero_shot_rope_lm_output_kl_4d58b07f6d.log
rope_lm_output_kl,base,zero_shot,piqa,,,,accuracy_norm,0.6648531011969532,1838,/home/sagemaker-user/atma/benchmarks/logs/foveal_cpt/base_base_zero_shot_rope_lm_output_kl_4d58b07f6d.log
rope_lm_output_kl,base,zero_shot,winogrande,,,,accuracy,0.5122336227308603,1267,/home/sagemaker-user/atma/benchmarks/logs/foveal_cpt/base_base_zero_shot_rope_lm_output_kl_4d58b07f6d.log
rope_lm_output_kl,base,zero_shot,winogrande,,,,accuracy_norm,0.5082872928176796,1267,/home/sagemaker-user/atma/benchmarks/logs/foveal_cpt/base_base_zero_shot_rope_lm_output_kl_4d58b07f6d.log
rope_lm_output_kl,longdoc,fixed_target,,codelion/finepdfs-1B,128k,,bits_per_byte,1.0699515009482765,4,/home/sagemaker-user/atma/benchmarks/logs/foveal_cpt/longdoc_longdoc_fixed_target_rope_lm_output_kl_86827e17e4.log
rope_lm_output_kl,longdoc,fixed_target,,codelion/finepdfs-1B,128k,,nll_nats_per_token,1.2696134448051453,4,/home/sagemaker-user/atma/benchmarks/logs/foveal_cpt/longdoc_longdoc_fixed_target_rope_lm_output_kl_86827e17e4.log
rope_lm_output_kl,longdoc,fixed_target,,codelion/finepdfs-1B,128k,,perplexity,3.559476362305206,4,/home/sagemaker-user/atma/benchmarks/logs/foveal_cpt/longdoc_longdoc_fixed_target_rope_lm_output_kl_86827e17e4.log
rope_lm_output_kl,longdoc,fixed_target,,codelion/finepdfs-1B,16k,,bits_per_byte,1.0660933004347442,4,/home/sagemaker-user/atma/benchmarks/logs/foveal_cpt/longdoc_longdoc_fixed_target_rope_lm_output_kl_86827e17e4.log
rope_lm_output_kl,longdoc,fixed_target,,codelion/finepdfs-1B,16k,,nll_nats_per_token,1.2650352716445923,4,/home/sagemaker-user/atma/benchmarks/logs/foveal_cpt/longdoc_longdoc_fixed_target_rope_lm_output_kl_86827e17e4.log
rope_lm_output_kl,longdoc,fixed_target,,codelion/finepdfs-1B,16k,,perplexity,3.5432177090207144,4,/home/sagemaker-user/atma/benchmarks/logs/foveal_cpt/longdoc_longdoc_fixed_target_rope_lm_output_kl_86827e17e4.log
rope_lm_output_kl,longdoc,fixed_target,,codelion/finepdfs-1B,256k,,bits_per_byte,1.0809994922005774,4,/home/sagemaker-user/atma/benchmarks/logs/foveal_cpt/longdoc_longdoc_fixed_target_rope_lm_output_kl_86827e17e4.log
rope_lm_output_kl,longdoc,fixed_target,,codelion/finepdfs-1B,256k,,nll_nats_per_token,1.2827230840921402,4,/home/sagemaker-user/atma/benchmarks/logs/foveal_cpt/longdoc_longdoc_fixed_target_rope_lm_output_kl_86827e17e4.log
rope_lm_output_kl,longdoc,fixed_target,,codelion/finepdfs-1B,256k,,perplexity,3.6064470249814007,4,/home/sagemaker-user/atma/benchmarks/logs/foveal_cpt/longdoc_longdoc_fixed_target_rope_lm_output_kl_86827e17e4.log
rope_lm_output_kl,longdoc,fixed_target,,codelion/finepdfs-1B,2k,,bits_per_byte,0.950483587116986,4,/home/sagemaker-user/atma/benchmarks/logs/foveal_cpt/longdoc_longdoc_fixed_target_rope_lm_output_kl_86827e17e4.log
rope_lm_output_kl,longdoc,fixed_target,,codelion/finepdfs-1B,2k,,nll_nats_per_token,1.127851814031601,4,/home/sagemaker-user/atma/benchmarks/logs/foveal_cpt/longdoc_longdoc_fixed_target_rope_lm_output_kl_86827e17e4.log
rope_lm_output_kl,longdoc,fixed_target,,codelion/finepdfs-1B,2k,,perplexity,3.0890135919238406,4,/home/sagemaker-user/atma/benchmarks/logs/foveal_cpt/longdoc_longdoc_fixed_target_rope_lm_output_kl_86827e17e4.log
rope_lm_output_kl,longdoc,fixed_target,,codelion/finepdfs-1B,32k,,bits_per_byte,1.075040765245814,4,/home/sagemaker-user/atma/benchmarks/logs/foveal_cpt/longdoc_longdoc_fixed_target_rope_lm_output_kl_86827e17e4.log
rope_lm_output_kl,longdoc,fixed_target,,codelion/finepdfs-1B,32k,,nll_nats_per_token,1.2756524085998535,4,/home/sagemaker-user/atma/benchmarks/logs/foveal_cpt/longdoc_longdoc_fixed_target_rope_lm_output_kl_86827e17e4.log
rope_lm_output_kl,longdoc,fixed_target,,codelion/finepdfs-1B,32k,,perplexity,3.5810369474573247,4,/home/sagemaker-user/atma/benchmarks/logs/foveal_cpt/longdoc_longdoc_fixed_target_rope_lm_output_kl_86827e17e4.log
rope_lm_output_kl,longdoc,fixed_target,,codelion/finepdfs-1B,4k,,bits_per_byte,0.9961044259796171,4,/home/sagemaker-user/atma/benchmarks/logs/foveal_cpt/longdoc_longdoc_fixed_target_rope_lm_output_kl_86827e17e4.log
rope_lm_output_kl,longdoc,fixed_target,,codelion/finepdfs-1B,4k,,nll_nats_per_token,1.1819858849048615,4,/home/sagemaker-user/atma/benchmarks/logs/foveal_cpt/longdoc_longdoc_fixed_target_rope_lm_output_kl_86827e17e4.log
rope_lm_output_kl,longdoc,fixed_target,,codelion/finepdfs-1B,4k,,perplexity,3.2608434369450077,4,/home/sagemaker-user/atma/benchmarks/logs/foveal_cpt/longdoc_longdoc_fixed_target_rope_lm_output_kl_86827e17e4.log
rope_lm_output_kl,longdoc,fixed_target,,codelion/finepdfs-1B,64k,,bits_per_byte,1.0737249113660279,4,/home/sagemaker-user/atma/benchmarks/logs/foveal_cpt/longdoc_longdoc_fixed_target_rope_lm_output_kl_86827e17e4.log
rope_lm_output_kl,longdoc,fixed_target,,codelion/finepdfs-1B,64k,,nll_nats_per_token,1.2740910053253174,4,/home/sagemaker-user/atma/benchmarks/logs/foveal_cpt/longdoc_longdoc_fixed_target_rope_lm_output_kl_86827e17e4.log
rope_lm_output_kl,longdoc,fixed_target,,codelion/finepdfs-1B,64k,,perplexity,3.5754498676188065,4,/home/sagemaker-user/atma/benchmarks/logs/foveal_cpt/longdoc_longdoc_fixed_target_rope_lm_output_kl_86827e17e4.log
rope_lm_output_kl,longdoc,fixed_target,,codelion/finepdfs-1B,8k,,bits_per_byte,0.9957910969393576,4,/home/sagemaker-user/atma/benchmarks/logs/foveal_cpt/longdoc_longdoc_fixed_target_rope_lm_output_kl_86827e17e4.log
rope_lm_output_kl,longdoc,fixed_target,,codelion/finepdfs-1B,8k,,nll_nats_per_token,1.1816140860319138,4,/home/sagemaker-user/atma/benchmarks/logs/foveal_cpt/longdoc_longdoc_fixed_target_rope_lm_output_kl_86827e17e4.log
rope_lm_output_kl,longdoc,fixed_target,,codelion/finepdfs-1B,8k,,perplexity,3.259631284382734,4,/home/sagemaker-user/atma/benchmarks/logs/foveal_cpt/longdoc_longdoc_fixed_target_rope_lm_output_kl_86827e17e4.log
rope_lm_output_kl,longdoc,fixed_target,,emozilla/pg19,128k,,bits_per_byte,1.122026129910398,4,/home/sagemaker-user/atma/benchmarks/logs/foveal_cpt/longdoc_longdoc_fixed_target_rope_lm_output_kl_86827e17e4.log
rope_lm_output_kl,longdoc,fixed_target,,emozilla/pg19,128k,,nll_nats_per_token,3.1268665194511414,4,/home/sagemaker-user/atma/benchmarks/logs/foveal_cpt/longdoc_longdoc_fixed_target_rope_lm_output_kl_86827e17e4.log
rope_lm_output_kl,longdoc,fixed_target,,emozilla/pg19,128k,,perplexity,22.802416551644043,4,/home/sagemaker-user/atma/benchmarks/logs/foveal_cpt/longdoc_longdoc_fixed_target_rope_lm_output_kl_86827e17e4.log
rope_lm_output_kl,longdoc,fixed_target,,emozilla/pg19,16k,,bits_per_byte,1.115064022229174,4,/home/sagemaker-user/atma/benchmarks/logs/foveal_cpt/longdoc_longdoc_fixed_target_rope_lm_output_kl_86827e17e4.log
rope_lm_output_kl,longdoc,fixed_target,,emozilla/pg19,16k,,nll_nats_per_token,3.1074644923210144,4,/home/sagemaker-user/atma/benchmarks/logs/foveal_cpt/longdoc_longdoc_fixed_target_rope_lm_output_kl_86827e17e4.log
rope_lm_output_kl,longdoc,fixed_target,,emozilla/pg19,16k,,perplexity,22.364267679820497,4,/home/sagemaker-user/atma/benchmarks/logs/foveal_cpt/longdoc_longdoc_fixed_target_rope_lm_output_kl_86827e17e4.log
rope_lm_output_kl,longdoc,fixed_target,,emozilla/pg19,256k,,bits_per_byte,1.116789962414003,4,/home/sagemaker-user/atma/benchmarks/logs/foveal_cpt/longdoc_longdoc_fixed_target_rope_lm_output_kl_86827e17e4.log
rope_lm_output_kl,longdoc,fixed_target,,emozilla/pg19,256k,,nll_nats_per_token,3.1122743487358093,4,/home/sagemaker-user/atma/benchmarks/logs/foveal_cpt/longdoc_longdoc_fixed_target_rope_lm_output_kl_86827e17e4.log
rope_lm_output_kl,longdoc,fixed_target,,emozilla/pg19,256k,,perplexity,22.47209570696566,4,/home/sagemaker-user/atma/benchmarks/logs/foveal_cpt/longdoc_longdoc_fixed_target_rope_lm_output_kl_86827e17e4.log
rope_lm_output_kl,longdoc,fixed_target,,emozilla/pg19,2k,,bits_per_byte,1.1165688086825774,4,/home/sagemaker-user/atma/benchmarks/logs/foveal_cpt/longdoc_longdoc_fixed_target_rope_lm_output_kl_86827e17e4.log
rope_lm_output_kl,longdoc,fixed_target,,emozilla/pg19,2k,,nll_nats_per_token,3.111658036708832,4,/home/sagemaker-user/atma/benchmarks/logs/foveal_cpt/longdoc_longdoc_fixed_target_rope_lm_output_kl_86827e17e4.log
rope_lm_output_kl,longdoc,fixed_target,,emozilla/pg19,2k,,perplexity,22.458250151139612,4,/home/sagemaker-user/atma/benchmarks/logs/foveal_cpt/longdoc_longdoc_fixed_target_rope_lm_output_kl_86827e17e4.log
rope_lm_output_kl,longdoc,fixed_target,,emozilla/pg19,32k,,bits_per_byte,1.1168084845737143,4,/home/sagemaker-user/atma/benchmarks/logs/foveal_cpt/longdoc_longdoc_fixed_target_rope_lm_output_kl_86827e17e4.log
rope_lm_output_kl,longdoc,fixed_target,,emozilla/pg19,32k,,nll_nats_per_token,3.112325966358185,4,/home/sagemaker-user/atma/benchmarks/logs/foveal_cpt/longdoc_longdoc_fixed_target_rope_lm_output_kl_86827e17e4.log
rope_lm_output_kl,longdoc,fixed_target,,emozilla/pg19,32k,,perplexity,22.473255693053453,4,/home/sagemaker-user/atma/benchmarks/logs/foveal_cpt/longdoc_longdoc_fixed_target_rope_lm_output_kl_86827e17e4.log
rope_lm_output_kl,longdoc,fixed_target,,emozilla/pg19,4k,,bits_per_byte,1.1168461063738668,4,/home/sagemaker-user/atma/benchmarks/logs/foveal_cpt/longdoc_longdoc_fixed_target_rope_lm_output_kl_86827e17e4.log
rope_lm_output_kl,longdoc,fixed_target,,emozilla/pg19,4k,,nll_nats_per_token,3.1124308109283447,4,/home/sagemaker-user/atma/benchmarks/logs/foveal_cpt/longdoc_longdoc_fixed_target_rope_lm_output_kl_86827e17e4.log
rope_lm_output_kl,longdoc,fixed_target,,emozilla/pg19,4k,,perplexity,22.475612015408327,4,/home/sagemaker-user/atma/benchmarks/logs/foveal_cpt/longdoc_longdoc_fixed_target_rope_lm_output_kl_86827e17e4.log
rope_lm_output_kl,longdoc,fixed_target,,emozilla/pg19,64k,,bits_per_byte,1.118367083675886,4,/home/sagemaker-user/atma/benchmarks/logs/foveal_cpt/longdoc_longdoc_fixed_target_rope_lm_output_kl_86827e17e4.log
rope_lm_output_kl,longdoc,fixed_target,,emozilla/pg19,64k,,nll_nats_per_token,3.116669476032257,4,/home/sagemaker-user/atma/benchmarks/logs/foveal_cpt/longdoc_longdoc_fixed_target_rope_lm_output_kl_86827e17e4.log
rope_lm_output_kl,longdoc,fixed_target,,emozilla/pg19,64k,,perplexity,22.57108079490432,4,/home/sagemaker-user/atma/benchmarks/logs/foveal_cpt/longdoc_longdoc_fixed_target_rope_lm_output_kl_86827e17e4.log
rope_lm_output_kl,longdoc,fixed_target,,emozilla/pg19,8k,,bits_per_byte,1.1113742839632699,4,/home/sagemaker-user/atma/benchmarks/logs/foveal_cpt/longdoc_longdoc_fixed_target_rope_lm_output_kl_86827e17e4.log
rope_lm_output_kl,longdoc,fixed_target,,emozilla/pg19,8k,,nll_nats_per_token,3.0971819162368774,4,/home/sagemaker-user/atma/benchmarks/logs/foveal_cpt/longdoc_longdoc_fixed_target_rope_lm_output_kl_86827e17e4.log
rope_lm_output_kl,longdoc,fixed_target,,emozilla/pg19,8k,,perplexity,22.13548365620207,4,/home/sagemaker-user/atma/benchmarks/logs/foveal_cpt/longdoc_longdoc_fixed_target_rope_lm_output_kl_86827e17e4.log
rope_lm_output_kl,longdoc,fixed_target,,hoskinson-center/proof-pile,128k,,bits_per_byte,2.1924216863022807,4,/home/sagemaker-user/atma/benchmarks/logs/foveal_cpt/longdoc_longdoc_fixed_target_rope_lm_output_kl_86827e17e4.log
rope_lm_output_kl,longdoc,fixed_target,,hoskinson-center/proof-pile,128k,,nll_nats_per_token,4.098956108093262,4,/home/sagemaker-user/atma/benchmarks/logs/foveal_cpt/longdoc_longdoc_fixed_target_rope_lm_output_kl_86827e17e4.log
rope_lm_output_kl,longdoc,fixed_target,,hoskinson-center/proof-pile,128k,,perplexity,60.277331724768736,4,/home/sagemaker-user/atma/benchmarks/logs/foveal_cpt/longdoc_longdoc_fixed_target_rope_lm_output_kl_86827e17e4.log
rope_lm_output_kl,longdoc,fixed_target,,hoskinson-center/proof-pile,16k,,bits_per_byte,2.2312802310078834,4,/home/sagemaker-user/atma/benchmarks/logs/foveal_cpt/longdoc_longdoc_fixed_target_rope_lm_output_kl_86827e17e4.log
rope_lm_output_kl,longdoc,fixed_target,,hoskinson-center/proof-pile,16k,,nll_nats_per_token,4.171606123447418,4,/home/sagemaker-user/atma/benchmarks/logs/foveal_cpt/longdoc_longdoc_fixed_target_rope_lm_output_kl_86827e17e4.log
rope_lm_output_kl,longdoc,fixed_target,,hoskinson-center/proof-pile,16k,,perplexity,64.8194766281919,4,/home/sagemaker-user/atma/benchmarks/logs/foveal_cpt/longdoc_longdoc_fixed_target_rope_lm_output_kl_86827e17e4.log
rope_lm_output_kl,longdoc,fixed_target,,hoskinson-center/proof-pile,256k,,bits_per_byte,2.2348843377961036,4,/home/sagemaker-user/atma/benchmarks/logs/foveal_cpt/longdoc_longdoc_fixed_target_rope_lm_output_kl_86827e17e4.log
rope_lm_output_kl,longdoc,fixed_target,,hoskinson-center/proof-pile,256k,,nll_nats_per_token,4.178344368934631,4,/home/sagemaker-user/atma/benchmarks/logs/foveal_cpt/longdoc_longdoc_fixed_target_rope_lm_output_kl_86827e17e4.log
rope_lm_output_kl,longdoc,fixed_target,,hoskinson-center/proof-pile,256k,,perplexity,65.2577210150286,4,/home/sagemaker-user/atma/benchmarks/logs/foveal_cpt/longdoc_longdoc_fixed_target_rope_lm_output_kl_86827e17e4.log
rope_lm_output_kl,longdoc,fixed_target,,hoskinson-center/proof-pile,2k,,bits_per_byte,2.2069484852205083,4,/home/sagemaker-user/atma/benchmarks/logs/foveal_cpt/longdoc_longdoc_fixed_target_rope_lm_output_kl_86827e17e4.log
rope_lm_output_kl,longdoc,fixed_target,,hoskinson-center/proof-pile,2k,,nll_nats_per_token,4.126115441322327,4,/home/sagemaker-user/atma/benchmarks/logs/foveal_cpt/longdoc_longdoc_fixed_target_rope_lm_output_kl_86827e17e4.log
rope_lm_output_kl,longdoc,fixed_target,,hoskinson-center/proof-pile,2k,,perplexity,61.93685766389519,4,/home/sagemaker-user/atma/benchmarks/logs/foveal_cpt/longdoc_longdoc_fixed_target_rope_lm_output_kl_86827e17e4.log
rope_lm_output_kl,longdoc,fixed_target,,hoskinson-center/proof-pile,32k,,bits_per_byte,2.2231777893418294,4,/home/sagemaker-user/atma/benchmarks/logs/foveal_cpt/longdoc_longdoc_fixed_target_rope_lm_output_kl_86827e17e4.log
rope_lm_output_kl,longdoc,fixed_target,,hoskinson-center/proof-pile,32k,,nll_nats_per_token,4.156457781791687,4,/home/sagemaker-user/atma/benchmarks/logs/foveal_cpt/longdoc_longdoc_fixed_target_rope_lm_output_kl_86827e17e4.log
rope_lm_output_kl,longdoc,fixed_target,,hoskinson-center/proof-pile,32k,,perplexity,63.84496877437853,4,/home/sagemaker-user/atma/benchmarks/logs/foveal_cpt/longdoc_longdoc_fixed_target_rope_lm_output_kl_86827e17e4.log
rope_lm_output_kl,longdoc,fixed_target,,hoskinson-center/proof-pile,4k,,bits_per_byte,2.2530120872908905,4,/home/sagemaker-user/atma/benchmarks/logs/foveal_cpt/longdoc_longdoc_fixed_target_rope_lm_output_kl_86827e17e4.log
rope_lm_output_kl,longdoc,fixed_target,,hoskinson-center/proof-pile,4k,,nll_nats_per_token,4.212236046791077,4,/home/sagemaker-user/atma/benchmarks/logs/foveal_cpt/longdoc_longdoc_fixed_target_rope_lm_output_kl_86827e17e4.log
rope_lm_output_kl,longdoc,fixed_target,,hoskinson-center/proof-pile,4k,,perplexity,67.50732069855371,4,/home/sagemaker-user/atma/benchmarks/logs/foveal_cpt/longdoc_longdoc_fixed_target_rope_lm_output_kl_86827e17e4.log
rope_lm_output_kl,longdoc,fixed_target,,hoskinson-center/proof-pile,64k,,bits_per_byte,2.1284142239175066,4,/home/sagemaker-user/atma/benchmarks/logs/foveal_cpt/longdoc_longdoc_fixed_target_rope_lm_output_kl_86827e17e4.log
rope_lm_output_kl,longdoc,fixed_target,,hoskinson-center/proof-pile,64k,,nll_nats_per_token,3.979287624359131,4,/home/sagemaker-user/atma/benchmarks/logs/foveal_cpt/longdoc_longdoc_fixed_target_rope_lm_output_kl_86827e17e4.log
rope_lm_output_kl,longdoc,fixed_target,,hoskinson-center/proof-pile,64k,,perplexity,53.478923572098914,4,/home/sagemaker-user/atma/benchmarks/logs/foveal_cpt/longdoc_longdoc_fixed_target_rope_lm_output_kl_86827e17e4.log
rope_lm_output_kl,longdoc,fixed_target,,hoskinson-center/proof-pile,8k,,bits_per_byte,2.268629405159289,4,/home/sagemaker-user/atma/benchmarks/logs/foveal_cpt/longdoc_longdoc_fixed_target_rope_lm_output_kl_86827e17e4.log
rope_lm_output_kl,longdoc,fixed_target,,hoskinson-center/proof-pile,8k,,nll_nats_per_token,4.241434216499329,4,/home/sagemaker-user/atma/benchmarks/logs/foveal_cpt/longdoc_longdoc_fixed_target_rope_lm_output_kl_86827e17e4.log
rope_lm_output_kl,longdoc,fixed_target,,hoskinson-center/proof-pile,8k,,perplexity,69.50746914436107,4,/home/sagemaker-user/atma/benchmarks/logs/foveal_cpt/longdoc_longdoc_fixed_target_rope_lm_output_kl_86827e17e4.log
rope_lm_output_kl,retrieval,synthetic,niah,synthetic-filler,128k,0.1,exact_match,0.0,10,/home/sagemaker-user/atma/benchmarks/logs/foveal_cpt/retrieval_retrieval_synthetic_rope_lm_output_kl_9895220a94.log
rope_lm_output_kl,retrieval,synthetic,niah,synthetic-filler,128k,0.1,nll_nats_per_token,3.7766520309448244,10,/home/sagemaker-user/atma/benchmarks/logs/foveal_cpt/retrieval_retrieval_synthetic_rope_lm_output_kl_9895220a94.log
rope_lm_output_kl,retrieval,synthetic,niah,synthetic-filler,128k,0.1,token_accuracy,0.0,10,/home/sagemaker-user/atma/benchmarks/logs/foveal_cpt/retrieval_retrieval_synthetic_rope_lm_output_kl_9895220a94.log
rope_lm_output_kl,retrieval,synthetic,niah,synthetic-filler,128k,0.5,exact_match,0.0,10,/home/sagemaker-user/atma/benchmarks/logs/foveal_cpt/retrieval_retrieval_synthetic_rope_lm_output_kl_9895220a94.log
rope_lm_output_kl,retrieval,synthetic,niah,synthetic-filler,128k,0.5,nll_nats_per_token,3.770841598510742,10,/home/sagemaker-user/atma/benchmarks/logs/foveal_cpt/retrieval_retrieval_synthetic_rope_lm_output_kl_9895220a94.log
rope_lm_output_kl,retrieval,synthetic,niah,synthetic-filler,128k,0.5,token_accuracy,0.0,10,/home/sagemaker-user/atma/benchmarks/logs/foveal_cpt/retrieval_retrieval_synthetic_rope_lm_output_kl_9895220a94.log
rope_lm_output_kl,retrieval,synthetic,niah,synthetic-filler,128k,0.9,exact_match,0.0,10,/home/sagemaker-user/atma/benchmarks/logs/foveal_cpt/retrieval_retrieval_synthetic_rope_lm_output_kl_9895220a94.log
rope_lm_output_kl,retrieval,synthetic,niah,synthetic-filler,128k,0.9,nll_nats_per_token,3.7654416275024416,10,/home/sagemaker-user/atma/benchmarks/logs/foveal_cpt/retrieval_retrieval_synthetic_rope_lm_output_kl_9895220a94.log
rope_lm_output_kl,retrieval,synthetic,niah,synthetic-filler,128k,0.9,token_accuracy,0.0,10,/home/sagemaker-user/atma/benchmarks/logs/foveal_cpt/retrieval_retrieval_synthetic_rope_lm_output_kl_9895220a94.log
rope_lm_output_kl,retrieval,synthetic,niah,synthetic-filler,16k,0.1,exact_match,0.0,10,/home/sagemaker-user/atma/benchmarks/logs/foveal_cpt/retrieval_retrieval_synthetic_rope_lm_output_kl_9895220a94.log
rope_lm_output_kl,retrieval,synthetic,niah,synthetic-filler,16k,0.1,nll_nats_per_token,3.772405433654785,10,/home/sagemaker-user/atma/benchmarks/logs/foveal_cpt/retrieval_retrieval_synthetic_rope_lm_output_kl_9895220a94.log
rope_lm_output_kl,retrieval,synthetic,niah,synthetic-filler,16k,0.1,token_accuracy,0.0,10,/home/sagemaker-user/atma/benchmarks/logs/foveal_cpt/retrieval_retrieval_synthetic_rope_lm_output_kl_9895220a94.log
rope_lm_output_kl,retrieval,synthetic,niah,synthetic-filler,16k,0.5,exact_match,0.0,10,/home/sagemaker-user/atma/benchmarks/logs/foveal_cpt/retrieval_retrieval_synthetic_rope_lm_output_kl_9895220a94.log
rope_lm_output_kl,retrieval,synthetic,niah,synthetic-filler,16k,0.5,nll_nats_per_token,3.9065552139282227,10,/home/sagemaker-user/atma/benchmarks/logs/foveal_cpt/retrieval_retrieval_synthetic_rope_lm_output_kl_9895220a94.log
rope_lm_output_kl,retrieval,synthetic,niah,synthetic-filler,16k,0.5,token_accuracy,0.0,10,/home/sagemaker-user/atma/benchmarks/logs/foveal_cpt/retrieval_retrieval_synthetic_rope_lm_output_kl_9895220a94.log
rope_lm_output_kl,retrieval,synthetic,niah,synthetic-filler,16k,0.9,exact_match,0.0,10,/home/sagemaker-user/atma/benchmarks/logs/foveal_cpt/retrieval_retrieval_synthetic_rope_lm_output_kl_9895220a94.log
rope_lm_output_kl,retrieval,synthetic,niah,synthetic-filler,16k,0.9,nll_nats_per_token,3.9004981231689455,10,/home/sagemaker-user/atma/benchmarks/logs/foveal_cpt/retrieval_retrieval_synthetic_rope_lm_output_kl_9895220a94.log
rope_lm_output_kl,retrieval,synthetic,niah,synthetic-filler,16k,0.9,token_accuracy,0.0,10,/home/sagemaker-user/atma/benchmarks/logs/foveal_cpt/retrieval_retrieval_synthetic_rope_lm_output_kl_9895220a94.log
rope_lm_output_kl,retrieval,synthetic,niah,synthetic-filler,256k,0.1,exact_match,0.0,10,/home/sagemaker-user/atma/benchmarks/logs/foveal_cpt/retrieval_retrieval_synthetic_rope_lm_output_kl_9895220a94.log
rope_lm_output_kl,retrieval,synthetic,niah,synthetic-filler,256k,0.1,nll_nats_per_token,3.880839424133301,10,/home/sagemaker-user/atma/benchmarks/logs/foveal_cpt/retrieval_retrieval_synthetic_rope_lm_output_kl_9895220a94.log
rope_lm_output_kl,retrieval,synthetic,niah,synthetic-filler,256k,0.1,token_accuracy,0.0,10,/home/sagemaker-user/atma/benchmarks/logs/foveal_cpt/retrieval_retrieval_synthetic_rope_lm_output_kl_9895220a94.log
rope_lm_output_kl,retrieval,synthetic,niah,synthetic-filler,256k,0.5,exact_match,0.0,10,/home/sagemaker-user/atma/benchmarks/logs/foveal_cpt/retrieval_retrieval_synthetic_rope_lm_output_kl_9895220a94.log
rope_lm_output_kl,retrieval,synthetic,niah,synthetic-filler,256k,0.5,nll_nats_per_token,3.8758974838256837,10,/home/sagemaker-user/atma/benchmarks/logs/foveal_cpt/retrieval_retrieval_synthetic_rope_lm_output_kl_9895220a94.log
rope_lm_output_kl,retrieval,synthetic,niah,synthetic-filler,256k,0.5,token_accuracy,0.0,10,/home/sagemaker-user/atma/benchmarks/logs/foveal_cpt/retrieval_retrieval_synthetic_rope_lm_output_kl_9895220a94.log
rope_lm_output_kl,retrieval,synthetic,niah,synthetic-filler,256k,0.9,exact_match,0.0,10,/home/sagemaker-user/atma/benchmarks/logs/foveal_cpt/retrieval_retrieval_synthetic_rope_lm_output_kl_9895220a94.log
rope_lm_output_kl,retrieval,synthetic,niah,synthetic-filler,256k,0.9,nll_nats_per_token,2.2829833602905274,10,/home/sagemaker-user/atma/benchmarks/logs/foveal_cpt/retrieval_retrieval_synthetic_rope_lm_output_kl_9895220a94.log
rope_lm_output_kl,retrieval,synthetic,niah,synthetic-filler,256k,0.9,token_accuracy,20.0,10,/home/sagemaker-user/atma/benchmarks/logs/foveal_cpt/retrieval_retrieval_synthetic_rope_lm_output_kl_9895220a94.log
rope_lm_output_kl,retrieval,synthetic,niah,synthetic-filler,2k,0.1,exact_match,0.0,10,/home/sagemaker-user/atma/benchmarks/logs/foveal_cpt/retrieval_retrieval_synthetic_rope_lm_output_kl_9895220a94.log
rope_lm_output_kl,retrieval,synthetic,niah,synthetic-filler,2k,0.1,nll_nats_per_token,1.7516238117218017,10,/home/sagemaker-user/atma/benchmarks/logs/foveal_cpt/retrieval_retrieval_synthetic_rope_lm_output_kl_9895220a94.log
rope_lm_output_kl,retrieval,synthetic,niah,synthetic-filler,2k,0.1,token_accuracy,60.0,10,/home/sagemaker-user/atma/benchmarks/logs/foveal_cpt/retrieval_retrieval_synthetic_rope_lm_output_kl_9895220a94.log
rope_lm_output_kl,retrieval,synthetic,niah,synthetic-filler,2k,0.5,exact_match,30.0,10,/home/sagemaker-user/atma/benchmarks/logs/foveal_cpt/retrieval_retrieval_synthetic_rope_lm_output_kl_9895220a94.log
rope_lm_output_kl,retrieval,synthetic,niah,synthetic-filler,2k,0.5,exact_match,40.0,5,/home/sagemaker-user/atma/benchmarks/logs/foveal_cpt/smoke_retrieval_synthetic_rope_lm_output_kl_59224e55f4.log
rope_lm_output_kl,retrieval,synthetic,niah,synthetic-filler,2k,0.5,exact_match,50.0,2,/home/sagemaker-user/atma/benchmarks/logs/foveal_cpt/smoke_retrieval_synthetic_rope_lm_output_kl_c99cf3e0c0.log
rope_lm_output_kl,retrieval,synthetic,niah,synthetic-filler,2k,0.5,nll_nats_per_token,1.0980899333953857,10,/home/sagemaker-user/atma/benchmarks/logs/foveal_cpt/retrieval_retrieval_synthetic_rope_lm_output_kl_9895220a94.log
rope_lm_output_kl,retrieval,synthetic,niah,synthetic-filler,2k,0.5,nll_nats_per_token,1.0737316513061523,5,/home/sagemaker-user/atma/benchmarks/logs/foveal_cpt/smoke_retrieval_synthetic_rope_lm_output_kl_59224e55f4.log
rope_lm_output_kl,retrieval,synthetic,niah,synthetic-filler,2k,0.5,nll_nats_per_token,1.063964033126831,2,/home/sagemaker-user/atma/benchmarks/logs/foveal_cpt/smoke_retrieval_synthetic_rope_lm_output_kl_c99cf3e0c0.log
rope_lm_output_kl,retrieval,synthetic,niah,synthetic-filler,2k,0.5,token_accuracy,80.0,10,/home/sagemaker-user/atma/benchmarks/logs/foveal_cpt/retrieval_retrieval_synthetic_rope_lm_output_kl_9895220a94.log
rope_lm_output_kl,retrieval,synthetic,niah,synthetic-filler,2k,0.5,token_accuracy,84.0,5,/home/sagemaker-user/atma/benchmarks/logs/foveal_cpt/smoke_retrieval_synthetic_rope_lm_output_kl_59224e55f4.log
rope_lm_output_kl,retrieval,synthetic,niah,synthetic-filler,2k,0.5,token_accuracy,90.0,2,/home/sagemaker-user/atma/benchmarks/logs/foveal_cpt/smoke_retrieval_synthetic_rope_lm_output_kl_c99cf3e0c0.log
rope_lm_output_kl,retrieval,synthetic,niah,synthetic-filler,2k,0.9,exact_match,90.0,10,/home/sagemaker-user/atma/benchmarks/logs/foveal_cpt/retrieval_retrieval_synthetic_rope_lm_output_kl_9895220a94.log
rope_lm_output_kl,retrieval,synthetic,niah,synthetic-filler,2k,0.9,nll_nats_per_token,0.6928503751754761,10,/home/sagemaker-user/atma/benchmarks/logs/foveal_cpt/retrieval_retrieval_synthetic_rope_lm_output_kl_9895220a94.log
rope_lm_output_kl,retrieval,synthetic,niah,synthetic-filler,2k,0.9,token_accuracy,98.0,10,/home/sagemaker-user/atma/benchmarks/logs/foveal_cpt/retrieval_retrieval_synthetic_rope_lm_output_kl_9895220a94.log
rope_lm_output_kl,retrieval,synthetic,niah,synthetic-filler,32k,0.1,exact_match,0.0,10,/home/sagemaker-user/atma/benchmarks/logs/foveal_cpt/retrieval_retrieval_synthetic_rope_lm_output_kl_9895220a94.log
rope_lm_output_kl,retrieval,synthetic,niah,synthetic-filler,32k,0.1,nll_nats_per_token,3.877994804382324,10,/home/sagemaker-user/atma/benchmarks/logs/foveal_cpt/retrieval_retrieval_synthetic_rope_lm_output_kl_9895220a94.log
rope_lm_output_kl,retrieval,synthetic,niah,synthetic-filler,32k,0.1,token_accuracy,0.0,10,/home/sagemaker-user/atma/benchmarks/logs/foveal_cpt/retrieval_retrieval_synthetic_rope_lm_output_kl_9895220a94.log
rope_lm_output_kl,retrieval,synthetic,niah,synthetic-filler,32k,0.5,exact_match,0.0,10,/home/sagemaker-user/atma/benchmarks/logs/foveal_cpt/retrieval_retrieval_synthetic_rope_lm_output_kl_9895220a94.log
rope_lm_output_kl,retrieval,synthetic,niah,synthetic-filler,32k,0.5,nll_nats_per_token,3.8786856079101564,10,/home/sagemaker-user/atma/benchmarks/logs/foveal_cpt/retrieval_retrieval_synthetic_rope_lm_output_kl_9895220a94.log
rope_lm_output_kl,retrieval,synthetic,niah,synthetic-filler,32k,0.5,token_accuracy,0.0,10,/home/sagemaker-user/atma/benchmarks/logs/foveal_cpt/retrieval_retrieval_synthetic_rope_lm_output_kl_9895220a94.log
rope_lm_output_kl,retrieval,synthetic,niah,synthetic-filler,32k,0.9,exact_match,0.0,10,/home/sagemaker-user/atma/benchmarks/logs/foveal_cpt/retrieval_retrieval_synthetic_rope_lm_output_kl_9895220a94.log
rope_lm_output_kl,retrieval,synthetic,niah,synthetic-filler,32k,0.9,nll_nats_per_token,3.575453186035156,10,/home/sagemaker-user/atma/benchmarks/logs/foveal_cpt/retrieval_retrieval_synthetic_rope_lm_output_kl_9895220a94.log
rope_lm_output_kl,retrieval,synthetic,niah,synthetic-filler,32k,0.9,token_accuracy,2.0,10,/home/sagemaker-user/atma/benchmarks/logs/foveal_cpt/retrieval_retrieval_synthetic_rope_lm_output_kl_9895220a94.log
rope_lm_output_kl,retrieval,synthetic,niah,synthetic-filler,4k,0.1,exact_match,0.0,10,/home/sagemaker-user/atma/benchmarks/logs/foveal_cpt/retrieval_retrieval_synthetic_rope_lm_output_kl_9895220a94.log
rope_lm_output_kl,retrieval,synthetic,niah,synthetic-filler,4k,0.1,nll_nats_per_token,2.4414648628234863,10,/home/sagemaker-user/atma/benchmarks/logs/foveal_cpt/retrieval_retrieval_synthetic_rope_lm_output_kl_9895220a94.log
rope_lm_output_kl,retrieval,synthetic,niah,synthetic-filler,4k,0.1,token_accuracy,20.0,10,/home/sagemaker-user/atma/benchmarks/logs/foveal_cpt/retrieval_retrieval_synthetic_rope_lm_output_kl_9895220a94.log
rope_lm_output_kl,retrieval,synthetic,niah,synthetic-filler,4k,0.5,exact_match,0.0,10,/home/sagemaker-user/atma/benchmarks/logs/foveal_cpt/retrieval_retrieval_synthetic_rope_lm_output_kl_9895220a94.log
rope_lm_output_kl,retrieval,synthetic,niah,synthetic-filler,4k,0.5,nll_nats_per_token,2.877306728363037,10,/home/sagemaker-user/atma/benchmarks/logs/foveal_cpt/retrieval_retrieval_synthetic_rope_lm_output_kl_9895220a94.log
rope_lm_output_kl,retrieval,synthetic,niah,synthetic-filler,4k,0.5,token_accuracy,10.0,10,/home/sagemaker-user/atma/benchmarks/logs/foveal_cpt/retrieval_retrieval_synthetic_rope_lm_output_kl_9895220a94.log
rope_lm_output_kl,retrieval,synthetic,niah,synthetic-filler,4k,0.9,exact_match,70.0,10,/home/sagemaker-user/atma/benchmarks/logs/foveal_cpt/retrieval_retrieval_synthetic_rope_lm_output_kl_9895220a94.log
rope_lm_output_kl,retrieval,synthetic,niah,synthetic-filler,4k,0.9,nll_nats_per_token,0.656473639011383,10,/home/sagemaker-user/atma/benchmarks/logs/foveal_cpt/retrieval_retrieval_synthetic_rope_lm_output_kl_9895220a94.log
rope_lm_output_kl,retrieval,synthetic,niah,synthetic-filler,4k,0.9,token_accuracy,94.0,10,/home/sagemaker-user/atma/benchmarks/logs/foveal_cpt/retrieval_retrieval_synthetic_rope_lm_output_kl_9895220a94.log
rope_lm_output_kl,retrieval,synthetic,niah,synthetic-filler,64k,0.1,exact_match,0.0,10,/home/sagemaker-user/atma/benchmarks/logs/foveal_cpt/retrieval_retrieval_synthetic_rope_lm_output_kl_9895220a94.log
rope_lm_output_kl,retrieval,synthetic,niah,synthetic-filler,64k,0.1,nll_nats_per_token,3.9055434799194337,10,/home/sagemaker-user/atma/benchmarks/logs/foveal_cpt/retrieval_retrieval_synthetic_rope_lm_output_kl_9895220a94.log
rope_lm_output_kl,retrieval,synthetic,niah,synthetic-filler,64k,0.1,token_accuracy,0.0,10,/home/sagemaker-user/atma/benchmarks/logs/foveal_cpt/retrieval_retrieval_synthetic_rope_lm_output_kl_9895220a94.log
rope_lm_output_kl,retrieval,synthetic,niah,synthetic-filler,64k,0.5,exact_match,0.0,10,/home/sagemaker-user/atma/benchmarks/logs/foveal_cpt/retrieval_retrieval_synthetic_rope_lm_output_kl_9895220a94.log
rope_lm_output_kl,retrieval,synthetic,niah,synthetic-filler,64k,0.5,nll_nats_per_token,3.899339599609375,10,/home/sagemaker-user/atma/benchmarks/logs/foveal_cpt/retrieval_retrieval_synthetic_rope_lm_output_kl_9895220a94.log
rope_lm_output_kl,retrieval,synthetic,niah,synthetic-filler,64k,0.5,token_accuracy,0.0,10,/home/sagemaker-user/atma/benchmarks/logs/foveal_cpt/retrieval_retrieval_synthetic_rope_lm_output_kl_9895220a94.log
rope_lm_output_kl,retrieval,synthetic,niah,synthetic-filler,64k,0.9,exact_match,0.0,10,/home/sagemaker-user/atma/benchmarks/logs/foveal_cpt/retrieval_retrieval_synthetic_rope_lm_output_kl_9895220a94.log
rope_lm_output_kl,retrieval,synthetic,niah,synthetic-filler,64k,0.9,nll_nats_per_token,3.93554988861084,10,/home/sagemaker-user/atma/benchmarks/logs/foveal_cpt/retrieval_retrieval_synthetic_rope_lm_output_kl_9895220a94.log
rope_lm_output_kl,retrieval,synthetic,niah,synthetic-filler,64k,0.9,token_accuracy,0.0,10,/home/sagemaker-user/atma/benchmarks/logs/foveal_cpt/retrieval_retrieval_synthetic_rope_lm_output_kl_9895220a94.log
rope_lm_output_kl,retrieval,synthetic,niah,synthetic-filler,8k,0.1,exact_match,0.0,10,/home/sagemaker-user/atma/benchmarks/logs/foveal_cpt/retrieval_retrieval_synthetic_rope_lm_output_kl_9895220a94.log
rope_lm_output_kl,retrieval,synthetic,niah,synthetic-filler,8k,0.1,nll_nats_per_token,3.324584140777588,10,/home/sagemaker-user/atma/benchmarks/logs/foveal_cpt/retrieval_retrieval_synthetic_rope_lm_output_kl_9895220a94.log
rope_lm_output_kl,retrieval,synthetic,niah,synthetic-filler,8k,0.1,token_accuracy,0.0,10,/home/sagemaker-user/atma/benchmarks/logs/foveal_cpt/retrieval_retrieval_synthetic_rope_lm_output_kl_9895220a94.log
rope_lm_output_kl,retrieval,synthetic,niah,synthetic-filler,8k,0.5,exact_match,0.0,10,/home/sagemaker-user/atma/benchmarks/logs/foveal_cpt/retrieval_retrieval_synthetic_rope_lm_output_kl_9895220a94.log
rope_lm_output_kl,retrieval,synthetic,niah,synthetic-filler,8k,0.5,exact_match,0.0,5,/home/sagemaker-user/atma/benchmarks/logs/foveal_cpt/smoke_retrieval_synthetic_rope_lm_output_kl_59224e55f4.log
rope_lm_output_kl,retrieval,synthetic,niah,synthetic-filler,8k,0.5,exact_match,0.0,2,/home/sagemaker-user/atma/benchmarks/logs/foveal_cpt/smoke_retrieval_synthetic_rope_lm_output_kl_c99cf3e0c0.log
rope_lm_output_kl,retrieval,synthetic,niah,synthetic-filler,8k,0.5,nll_nats_per_token,2.717191581726074,10,/home/sagemaker-user/atma/benchmarks/logs/foveal_cpt/retrieval_retrieval_synthetic_rope_lm_output_kl_9895220a94.log
rope_lm_output_kl,retrieval,synthetic,niah,synthetic-filler,8k,0.5,nll_nats_per_token,2.8024135208129883,5,/home/sagemaker-user/atma/benchmarks/logs/foveal_cpt/smoke_retrieval_synthetic_rope_lm_output_kl_59224e55f4.log
rope_lm_output_kl,retrieval,synthetic,niah,synthetic-filler,8k,0.5,nll_nats_per_token,3.0005681991577147,2,/home/sagemaker-user/atma/benchmarks/logs/foveal_cpt/smoke_retrieval_synthetic_rope_lm_output_kl_c99cf3e0c0.log
rope_lm_output_kl,retrieval,synthetic,niah,synthetic-filler,8k,0.5,token_accuracy,22.0,10,/home/sagemaker-user/atma/benchmarks/logs/foveal_cpt/retrieval_retrieval_synthetic_rope_lm_output_kl_9895220a94.log
rope_lm_output_kl,retrieval,synthetic,niah,synthetic-filler,8k,0.5,token_accuracy,16.0,5,/home/sagemaker-user/atma/benchmarks/logs/foveal_cpt/smoke_retrieval_synthetic_rope_lm_output_kl_59224e55f4.log
rope_lm_output_kl,retrieval,synthetic,niah,synthetic-filler,8k,0.5,token_accuracy,20.0,2,/home/sagemaker-user/atma/benchmarks/logs/foveal_cpt/smoke_retrieval_synthetic_rope_lm_output_kl_c99cf3e0c0.log
rope_lm_output_kl,retrieval,synthetic,niah,synthetic-filler,8k,0.9,exact_match,0.0,10,/home/sagemaker-user/atma/benchmarks/logs/foveal_cpt/retrieval_retrieval_synthetic_rope_lm_output_kl_9895220a94.log
rope_lm_output_kl,retrieval,synthetic,niah,synthetic-filler,8k,0.9,nll_nats_per_token,4.0182568359375,10,/home/sagemaker-user/atma/benchmarks/logs/foveal_cpt/retrieval_retrieval_synthetic_rope_lm_output_kl_9895220a94.log
rope_lm_output_kl,retrieval,synthetic,niah,synthetic-filler,8k,0.9,token_accuracy,4.0,10,/home/sagemaker-user/atma/benchmarks/logs/foveal_cpt/retrieval_retrieval_synthetic_rope_lm_output_kl_9895220a94.log
rope_lm_output_kl,retrieval,synthetic,passkey,synthetic-filler,128k,0.1,exact_match,0.0,10,/home/sagemaker-user/atma/benchmarks/logs/foveal_cpt/retrieval_retrieval_synthetic_rope_lm_output_kl_9895220a94.log
rope_lm_output_kl,retrieval,synthetic,passkey,synthetic-filler,128k,0.1,nll_nats_per_token,4.683420677185058,10,/home/sagemaker-user/atma/benchmarks/logs/foveal_cpt/retrieval_retrieval_synthetic_rope_lm_output_kl_9895220a94.log
rope_lm_output_kl,retrieval,synthetic,passkey,synthetic-filler,128k,0.1,token_accuracy,8.0,10,/home/sagemaker-user/atma/benchmarks/logs/foveal_cpt/retrieval_retrieval_synthetic_rope_lm_output_kl_9895220a94.log
rope_lm_output_kl,retrieval,synthetic,passkey,synthetic-filler,128k,0.5,exact_match,0.0,10,/home/sagemaker-user/atma/benchmarks/logs/foveal_cpt/retrieval_retrieval_synthetic_rope_lm_output_kl_9895220a94.log
rope_lm_output_kl,retrieval,synthetic,passkey,synthetic-filler,128k,0.5,nll_nats_per_token,4.6803766632080075,10,/home/sagemaker-user/atma/benchmarks/logs/foveal_cpt/retrieval_retrieval_synthetic_rope_lm_output_kl_9895220a94.log
rope_lm_output_kl,retrieval,synthetic,passkey,synthetic-filler,128k,0.5,token_accuracy,8.0,10,/home/sagemaker-user/atma/benchmarks/logs/foveal_cpt/retrieval_retrieval_synthetic_rope_lm_output_kl_9895220a94.log
rope_lm_output_kl,retrieval,synthetic,passkey,synthetic-filler,128k,0.9,exact_match,0.0,10,/home/sagemaker-user/atma/benchmarks/logs/foveal_cpt/retrieval_retrieval_synthetic_rope_lm_output_kl_9895220a94.log
rope_lm_output_kl,retrieval,synthetic,passkey,synthetic-filler,128k,0.9,nll_nats_per_token,4.655795631408691,10,/home/sagemaker-user/atma/benchmarks/logs/foveal_cpt/retrieval_retrieval_synthetic_rope_lm_output_kl_9895220a94.log
rope_lm_output_kl,retrieval,synthetic,passkey,synthetic-filler,128k,0.9,token_accuracy,8.0,10,/home/sagemaker-user/atma/benchmarks/logs/foveal_cpt/retrieval_retrieval_synthetic_rope_lm_output_kl_9895220a94.log
rope_lm_output_kl,retrieval,synthetic,passkey,synthetic-filler,16k,0.1,exact_match,0.0,10,/home/sagemaker-user/atma/benchmarks/logs/foveal_cpt/retrieval_retrieval_synthetic_rope_lm_output_kl_9895220a94.log
rope_lm_output_kl,retrieval,synthetic,passkey,synthetic-filler,16k,0.1,nll_nats_per_token,3.673939666748047,10,/home/sagemaker-user/atma/benchmarks/logs/foveal_cpt/retrieval_retrieval_synthetic_rope_lm_output_kl_9895220a94.log
rope_lm_output_kl,retrieval,synthetic,passkey,synthetic-filler,16k,0.1,token_accuracy,8.0,10,/home/sagemaker-user/atma/benchmarks/logs/foveal_cpt/retrieval_retrieval_synthetic_rope_lm_output_kl_9895220a94.log
rope_lm_output_kl,retrieval,synthetic,passkey,synthetic-filler,16k,0.5,exact_match,0.0,10,/home/sagemaker-user/atma/benchmarks/logs/foveal_cpt/retrieval_retrieval_synthetic_rope_lm_output_kl_9895220a94.log
rope_lm_output_kl,retrieval,synthetic,passkey,synthetic-filler,16k,0.5,nll_nats_per_token,4.3006008529663085,10,/home/sagemaker-user/atma/benchmarks/logs/foveal_cpt/retrieval_retrieval_synthetic_rope_lm_output_kl_9895220a94.log
rope_lm_output_kl,retrieval,synthetic,passkey,synthetic-filler,16k,0.5,token_accuracy,6.0,10,/home/sagemaker-user/atma/benchmarks/logs/foveal_cpt/retrieval_retrieval_synthetic_rope_lm_output_kl_9895220a94.log
rope_lm_output_kl,retrieval,synthetic,passkey,synthetic-filler,16k,0.9,exact_match,0.0,10,/home/sagemaker-user/atma/benchmarks/logs/foveal_cpt/retrieval_retrieval_synthetic_rope_lm_output_kl_9895220a94.log
rope_lm_output_kl,retrieval,synthetic,passkey,synthetic-filler,16k,0.9,nll_nats_per_token,4.700038948059082,10,/home/sagemaker-user/atma/benchmarks/logs/foveal_cpt/retrieval_retrieval_synthetic_rope_lm_output_kl_9895220a94.log
rope_lm_output_kl,retrieval,synthetic,passkey,synthetic-filler,16k,0.9,token_accuracy,6.0,10,/home/sagemaker-user/atma/benchmarks/logs/foveal_cpt/retrieval_retrieval_synthetic_rope_lm_output_kl_9895220a94.log
rope_lm_output_kl,retrieval,synthetic,passkey,synthetic-filler,256k,0.1,exact_match,0.0,10,/home/sagemaker-user/atma/benchmarks/logs/foveal_cpt/retrieval_retrieval_synthetic_rope_lm_output_kl_9895220a94.log
rope_lm_output_kl,retrieval,synthetic,passkey,synthetic-filler,256k,0.1,nll_nats_per_token,4.657754020690918,10,/home/sagemaker-user/atma/benchmarks/logs/foveal_cpt/retrieval_retrieval_synthetic_rope_lm_output_kl_9895220a94.log
rope_lm_output_kl,retrieval,synthetic,passkey,synthetic-filler,256k,0.1,token_accuracy,6.0,10,/home/sagemaker-user/atma/benchmarks/logs/foveal_cpt/retrieval_retrieval_synthetic_rope_lm_output_kl_9895220a94.log
rope_lm_output_kl,retrieval,synthetic,passkey,synthetic-filler,256k,0.5,exact_match,0.0,10,/home/sagemaker-user/atma/benchmarks/logs/foveal_cpt/retrieval_retrieval_synthetic_rope_lm_output_kl_9895220a94.log
rope_lm_output_kl,retrieval,synthetic,passkey,synthetic-filler,256k,0.5,nll_nats_per_token,4.650667266845703,10,/home/sagemaker-user/atma/benchmarks/logs/foveal_cpt/retrieval_retrieval_synthetic_rope_lm_output_kl_9895220a94.log
rope_lm_output_kl,retrieval,synthetic,passkey,synthetic-filler,256k,0.5,token_accuracy,6.0,10,/home/sagemaker-user/atma/benchmarks/logs/foveal_cpt/retrieval_retrieval_synthetic_rope_lm_output_kl_9895220a94.log
rope_lm_output_kl,retrieval,synthetic,passkey,synthetic-filler,256k,0.9,exact_match,0.0,10,/home/sagemaker-user/atma/benchmarks/logs/foveal_cpt/retrieval_retrieval_synthetic_rope_lm_output_kl_9895220a94.log
rope_lm_output_kl,retrieval,synthetic,passkey,synthetic-filler,256k,0.9,nll_nats_per_token,2.7574352264404296,10,/home/sagemaker-user/atma/benchmarks/logs/foveal_cpt/retrieval_retrieval_synthetic_rope_lm_output_kl_9895220a94.log
rope_lm_output_kl,retrieval,synthetic,passkey,synthetic-filler,256k,0.9,token_accuracy,16.0,10,/home/sagemaker-user/atma/benchmarks/logs/foveal_cpt/retrieval_retrieval_synthetic_rope_lm_output_kl_9895220a94.log
rope_lm_output_kl,retrieval,synthetic,passkey,synthetic-filler,2k,0.1,exact_match,30.0,10,/home/sagemaker-user/atma/benchmarks/logs/foveal_cpt/retrieval_retrieval_synthetic_rope_lm_output_kl_9895220a94.log
rope_lm_output_kl,retrieval,synthetic,passkey,synthetic-filler,2k,0.1,nll_nats_per_token,1.906425142288208,10,/home/sagemaker-user/atma/benchmarks/logs/foveal_cpt/retrieval_retrieval_synthetic_rope_lm_output_kl_9895220a94.log
rope_lm_output_kl,retrieval,synthetic,passkey,synthetic-filler,2k,0.1,token_accuracy,58.0,10,/home/sagemaker-user/atma/benchmarks/logs/foveal_cpt/retrieval_retrieval_synthetic_rope_lm_output_kl_9895220a94.log
rope_lm_output_kl,retrieval,synthetic,passkey,synthetic-filler,2k,0.5,exact_match,30.0,10,/home/sagemaker-user/atma/benchmarks/logs/foveal_cpt/retrieval_retrieval_synthetic_rope_lm_output_kl_9895220a94.log
rope_lm_output_kl,retrieval,synthetic,passkey,synthetic-filler,2k,0.5,exact_match,20.0,5,/home/sagemaker-user/atma/benchmarks/logs/foveal_cpt/smoke_retrieval_synthetic_rope_lm_output_kl_59224e55f4.log
rope_lm_output_kl,retrieval,synthetic,passkey,synthetic-filler,2k,0.5,exact_match,0.0,2,/home/sagemaker-user/atma/benchmarks/logs/foveal_cpt/smoke_retrieval_synthetic_rope_lm_output_kl_c99cf3e0c0.log
rope_lm_output_kl,retrieval,synthetic,passkey,synthetic-filler,2k,0.5,nll_nats_per_token,1.0770386505126952,10,/home/sagemaker-user/atma/benchmarks/logs/foveal_cpt/retrieval_retrieval_synthetic_rope_lm_output_kl_9895220a94.log
rope_lm_output_kl,retrieval,synthetic,passkey,synthetic-filler,2k,0.5,nll_nats_per_token,1.1014242935180665,5,/home/sagemaker-user/atma/benchmarks/logs/foveal_cpt/smoke_retrieval_synthetic_rope_lm_output_kl_59224e55f4.log
rope_lm_output_kl,retrieval,synthetic,passkey,synthetic-filler,2k,0.5,nll_nats_per_token,1.142815113067627,2,/home/sagemaker-user/atma/benchmarks/logs/foveal_cpt/smoke_retrieval_synthetic_rope_lm_output_kl_c99cf3e0c0.log
rope_lm_output_kl,retrieval,synthetic,passkey,synthetic-filler,2k,0.5,token_accuracy,74.0,10,/home/sagemaker-user/atma/benchmarks/logs/foveal_cpt/retrieval_retrieval_synthetic_rope_lm_output_kl_9895220a94.log
rope_lm_output_kl,retrieval,synthetic,passkey,synthetic-filler,2k,0.5,token_accuracy,76.0,5,/home/sagemaker-user/atma/benchmarks/logs/foveal_cpt/smoke_retrieval_synthetic_rope_lm_output_kl_59224e55f4.log
rope_lm_output_kl,retrieval,synthetic,passkey,synthetic-filler,2k,0.5,token_accuracy,70.0,2,/home/sagemaker-user/atma/benchmarks/logs/foveal_cpt/smoke_retrieval_synthetic_rope_lm_output_kl_c99cf3e0c0.log
rope_lm_output_kl,retrieval,synthetic,passkey,synthetic-filler,2k,0.9,exact_match,80.0,10,/home/sagemaker-user/atma/benchmarks/logs/foveal_cpt/retrieval_retrieval_synthetic_rope_lm_output_kl_9895220a94.log
rope_lm_output_kl,retrieval,synthetic,passkey,synthetic-filler,2k,0.9,nll_nats_per_token,0.6316066455841064,10,/home/sagemaker-user/atma/benchmarks/logs/foveal_cpt/retrieval_retrieval_synthetic_rope_lm_output_kl_9895220a94.log
rope_lm_output_kl,retrieval,synthetic,passkey,synthetic-filler,2k,0.9,token_accuracy,94.0,10,/home/sagemaker-user/atma/benchmarks/logs/foveal_cpt/retrieval_retrieval_synthetic_rope_lm_output_kl_9895220a94.log
rope_lm_output_kl,retrieval,synthetic,passkey,synthetic-filler,32k,0.1,exact_match,0.0,10,/home/sagemaker-user/atma/benchmarks/logs/foveal_cpt/retrieval_retrieval_synthetic_rope_lm_output_kl_9895220a94.log
rope_lm_output_kl,retrieval,synthetic,passkey,synthetic-filler,32k,0.1,nll_nats_per_token,4.78762191772461,10,/home/sagemaker-user/atma/benchmarks/logs/foveal_cpt/retrieval_retrieval_synthetic_rope_lm_output_kl_9895220a94.log
rope_lm_output_kl,retrieval,synthetic,passkey,synthetic-filler,32k,0.1,token_accuracy,8.0,10,/home/sagemaker-user/atma/benchmarks/logs/foveal_cpt/retrieval_retrieval_synthetic_rope_lm_output_kl_9895220a94.log
rope_lm_output_kl,retrieval,synthetic,passkey,synthetic-filler,32k,0.5,exact_match,0.0,10,/home/sagemaker-user/atma/benchmarks/logs/foveal_cpt/retrieval_retrieval_synthetic_rope_lm_output_kl_9895220a94.log
rope_lm_output_kl,retrieval,synthetic,passkey,synthetic-filler,32k,0.5,nll_nats_per_token,4.781991195678711,10,/home/sagemaker-user/atma/benchmarks/logs/foveal_cpt/retrieval_retrieval_synthetic_rope_lm_output_kl_9895220a94.log
rope_lm_output_kl,retrieval,synthetic,passkey,synthetic-filler,32k,0.5,token_accuracy,8.0,10,/home/sagemaker-user/atma/benchmarks/logs/foveal_cpt/retrieval_retrieval_synthetic_rope_lm_output_kl_9895220a94.log
rope_lm_output_kl,retrieval,synthetic,passkey,synthetic-filler,32k,0.9,exact_match,0.0,10,/home/sagemaker-user/atma/benchmarks/logs/foveal_cpt/retrieval_retrieval_synthetic_rope_lm_output_kl_9895220a94.log
rope_lm_output_kl,retrieval,synthetic,passkey,synthetic-filler,32k,0.9,nll_nats_per_token,4.117698097229004,10,/home/sagemaker-user/atma/benchmarks/logs/foveal_cpt/retrieval_retrieval_synthetic_rope_lm_output_kl_9895220a94.log
rope_lm_output_kl,retrieval,synthetic,passkey,synthetic-filler,32k,0.9,token_accuracy,18.0,10,/home/sagemaker-user/atma/benchmarks/logs/foveal_cpt/retrieval_retrieval_synthetic_rope_lm_output_kl_9895220a94.log
rope_lm_output_kl,retrieval,synthetic,passkey,synthetic-filler,4k,0.1,exact_match,0.0,10,/home/sagemaker-user/atma/benchmarks/logs/foveal_cpt/retrieval_retrieval_synthetic_rope_lm_output_kl_9895220a94.log
rope_lm_output_kl,retrieval,synthetic,passkey,synthetic-filler,4k,0.1,nll_nats_per_token,1.7398984336853027,10,/home/sagemaker-user/atma/benchmarks/logs/foveal_cpt/retrieval_retrieval_synthetic_rope_lm_output_kl_9895220a94.log
rope_lm_output_kl,retrieval,synthetic,passkey,synthetic-filler,4k,0.1,token_accuracy,42.0,10,/home/sagemaker-user/atma/benchmarks/logs/foveal_cpt/retrieval_retrieval_synthetic_rope_lm_output_kl_9895220a94.log
rope_lm_output_kl,retrieval,synthetic,passkey,synthetic-filler,4k,0.5,exact_match,0.0,10,/home/sagemaker-user/atma/benchmarks/logs/foveal_cpt/retrieval_retrieval_synthetic_rope_lm_output_kl_9895220a94.log
rope_lm_output_kl,retrieval,synthetic,passkey,synthetic-filler,4k,0.5,nll_nats_per_token,3.355670299530029,10,/home/sagemaker-user/atma/benchmarks/logs/foveal_cpt/retrieval_retrieval_synthetic_rope_lm_output_kl_9895220a94.log
rope_lm_output_kl,retrieval,synthetic,passkey,synthetic-filler,4k,0.5,token_accuracy,20.0,10,/home/sagemaker-user/atma/benchmarks/logs/foveal_cpt/retrieval_retrieval_synthetic_rope_lm_output_kl_9895220a94.log
rope_lm_output_kl,retrieval,synthetic,passkey,synthetic-filler,4k,0.9,exact_match,60.0,10,/home/sagemaker-user/atma/benchmarks/logs/foveal_cpt/retrieval_retrieval_synthetic_rope_lm_output_kl_9895220a94.log
rope_lm_output_kl,retrieval,synthetic,passkey,synthetic-filler,4k,0.9,nll_nats_per_token,0.5235307681560516,10,/home/sagemaker-user/atma/benchmarks/logs/foveal_cpt/retrieval_retrieval_synthetic_rope_lm_output_kl_9895220a94.log
rope_lm_output_kl,retrieval,synthetic,passkey,synthetic-filler,4k,0.9,token_accuracy,90.0,10,/home/sagemaker-user/atma/benchmarks/logs/foveal_cpt/retrieval_retrieval_synthetic_rope_lm_output_kl_9895220a94.log
rope_lm_output_kl,retrieval,synthetic,passkey,synthetic-filler,64k,0.1,exact_match,0.0,10,/home/sagemaker-user/atma/benchmarks/logs/foveal_cpt/retrieval_retrieval_synthetic_rope_lm_output_kl_9895220a94.log
rope_lm_output_kl,retrieval,synthetic,passkey,synthetic-filler,64k,0.1,nll_nats_per_token,4.698210678100586,10,/home/sagemaker-user/atma/benchmarks/logs/foveal_cpt/retrieval_retrieval_synthetic_rope_lm_output_kl_9895220a94.log
rope_lm_output_kl,retrieval,synthetic,passkey,synthetic-filler,64k,0.1,token_accuracy,6.0,10,/home/sagemaker-user/atma/benchmarks/logs/foveal_cpt/retrieval_retrieval_synthetic_rope_lm_output_kl_9895220a94.log
rope_lm_output_kl,retrieval,synthetic,passkey,synthetic-filler,64k,0.5,exact_match,0.0,10,/home/sagemaker-user/atma/benchmarks/logs/foveal_cpt/retrieval_retrieval_synthetic_rope_lm_output_kl_9895220a94.log
rope_lm_output_kl,retrieval,synthetic,passkey,synthetic-filler,64k,0.5,nll_nats_per_token,4.714879341125489,10,/home/sagemaker-user/atma/benchmarks/logs/foveal_cpt/retrieval_retrieval_synthetic_rope_lm_output_kl_9895220a94.log
rope_lm_output_kl,retrieval,synthetic,passkey,synthetic-filler,64k,0.5,token_accuracy,8.0,10,/home/sagemaker-user/atma/benchmarks/logs/foveal_cpt/retrieval_retrieval_synthetic_rope_lm_output_kl_9895220a94.log
rope_lm_output_kl,retrieval,synthetic,passkey,synthetic-filler,64k,0.9,exact_match,0.0,10,/home/sagemaker-user/atma/benchmarks/logs/foveal_cpt/retrieval_retrieval_synthetic_rope_lm_output_kl_9895220a94.log
rope_lm_output_kl,retrieval,synthetic,passkey,synthetic-filler,64k,0.9,nll_nats_per_token,4.70147777557373,10,/home/sagemaker-user/atma/benchmarks/logs/foveal_cpt/retrieval_retrieval_synthetic_rope_lm_output_kl_9895220a94.log
rope_lm_output_kl,retrieval,synthetic,passkey,synthetic-filler,64k,0.9,token_accuracy,6.0,10,/home/sagemaker-user/atma/benchmarks/logs/foveal_cpt/retrieval_retrieval_synthetic_rope_lm_output_kl_9895220a94.log
rope_lm_output_kl,retrieval,synthetic,passkey,synthetic-filler,8k,0.1,exact_match,0.0,10,/home/sagemaker-user/atma/benchmarks/logs/foveal_cpt/retrieval_retrieval_synthetic_rope_lm_output_kl_9895220a94.log
rope_lm_output_kl,retrieval,synthetic,passkey,synthetic-filler,8k,0.1,nll_nats_per_token,3.55728422164917,10,/home/sagemaker-user/atma/benchmarks/logs/foveal_cpt/retrieval_retrieval_synthetic_rope_lm_output_kl_9895220a94.log
rope_lm_output_kl,retrieval,synthetic,passkey,synthetic-filler,8k,0.1,token_accuracy,10.0,10,/home/sagemaker-user/atma/benchmarks/logs/foveal_cpt/retrieval_retrieval_synthetic_rope_lm_output_kl_9895220a94.log
rope_lm_output_kl,retrieval,synthetic,passkey,synthetic-filler,8k,0.5,exact_match,0.0,10,/home/sagemaker-user/atma/benchmarks/logs/foveal_cpt/retrieval_retrieval_synthetic_rope_lm_output_kl_9895220a94.log
rope_lm_output_kl,retrieval,synthetic,passkey,synthetic-filler,8k,0.5,exact_match,0.0,5,/home/sagemaker-user/atma/benchmarks/logs/foveal_cpt/smoke_retrieval_synthetic_rope_lm_output_kl_59224e55f4.log
rope_lm_output_kl,retrieval,synthetic,passkey,synthetic-filler,8k,0.5,exact_match,0.0,2,/home/sagemaker-user/atma/benchmarks/logs/foveal_cpt/smoke_retrieval_synthetic_rope_lm_output_kl_c99cf3e0c0.log
rope_lm_output_kl,retrieval,synthetic,passkey,synthetic-filler,8k,0.5,nll_nats_per_token,3.5241666412353516,10,/home/sagemaker-user/atma/benchmarks/logs/foveal_cpt/retrieval_retrieval_synthetic_rope_lm_output_kl_9895220a94.log
rope_lm_output_kl,retrieval,synthetic,passkey,synthetic-filler,8k,0.5,nll_nats_per_token,3.358436279296875,5,/home/sagemaker-user/atma/benchmarks/logs/foveal_cpt/smoke_retrieval_synthetic_rope_lm_output_kl_59224e55f4.log
rope_lm_output_kl,retrieval,synthetic,passkey,synthetic-filler,8k,0.5,nll_nats_per_token,2.9702186584472656,2,/home/sagemaker-user/atma/benchmarks/logs/foveal_cpt/smoke_retrieval_synthetic_rope_lm_output_kl_c99cf3e0c0.log
rope_lm_output_kl,retrieval,synthetic,passkey,synthetic-filler,8k,0.5,token_accuracy,8.0,10,/home/sagemaker-user/atma/benchmarks/logs/foveal_cpt/retrieval_retrieval_synthetic_rope_lm_output_kl_9895220a94.log
rope_lm_output_kl,retrieval,synthetic,passkey,synthetic-filler,8k,0.5,token_accuracy,12.0,5,/home/sagemaker-user/atma/benchmarks/logs/foveal_cpt/smoke_retrieval_synthetic_rope_lm_output_kl_59224e55f4.log
rope_lm_output_kl,retrieval,synthetic,passkey,synthetic-filler,8k,0.5,token_accuracy,20.0,2,/home/sagemaker-user/atma/benchmarks/logs/foveal_cpt/smoke_retrieval_synthetic_rope_lm_output_kl_c99cf3e0c0.log
rope_lm_output_kl,retrieval,synthetic,passkey,synthetic-filler,8k,0.9,exact_match,0.0,10,/home/sagemaker-user/atma/benchmarks/logs/foveal_cpt/retrieval_retrieval_synthetic_rope_lm_output_kl_9895220a94.log
rope_lm_output_kl,retrieval,synthetic,passkey,synthetic-filler,8k,0.9,nll_nats_per_token,4.042479839324951,10,/home/sagemaker-user/atma/benchmarks/logs/foveal_cpt/retrieval_retrieval_synthetic_rope_lm_output_kl_9895220a94.log
rope_lm_output_kl,retrieval,synthetic,passkey,synthetic-filler,8k,0.9,token_accuracy,22.0,10,/home/sagemaker-user/atma/benchmarks/logs/foveal_cpt/retrieval_retrieval_synthetic_rope_lm_output_kl_9895220a94.log
rope_lm_output_kl,serving,generation,,,128k,,decode_tokens_per_s,444.2264755895354,1,/home/sagemaker-user/atma/benchmarks/logs/foveal_cpt/serving_serving_generation_rope_lm_output_kl_8df1f9590e.log
rope_lm_output_kl,serving,generation,,,128k,,decode_tokens_per_s,450.16158997567436,1,/home/sagemaker-user/atma/benchmarks/logs/foveal_cpt/serving_serving_generation_rope_lm_output_kl_d6aab34701.log
rope_lm_output_kl,serving,generation,,,128k,,oom,False,1,/home/sagemaker-user/atma/benchmarks/logs/foveal_cpt/serving_serving_generation_rope_lm_output_kl_8df1f9590e.log
rope_lm_output_kl,serving,generation,,,128k,,oom,False,1,/home/sagemaker-user/atma/benchmarks/logs/foveal_cpt/serving_serving_generation_rope_lm_output_kl_d6aab34701.log
rope_lm_output_kl,serving,generation,,,128k,,peak_allocated_bytes,7590206464,1,/home/sagemaker-user/atma/benchmarks/logs/foveal_cpt/serving_serving_generation_rope_lm_output_kl_8df1f9590e.log
rope_lm_output_kl,serving,generation,,,128k,,peak_allocated_bytes,7590206464,1,/home/sagemaker-user/atma/benchmarks/logs/foveal_cpt/serving_serving_generation_rope_lm_output_kl_d6aab34701.log
rope_lm_output_kl,serving,generation,,,128k,,peak_reserved_bytes,8067743744,1,/home/sagemaker-user/atma/benchmarks/logs/foveal_cpt/serving_serving_generation_rope_lm_output_kl_8df1f9590e.log
rope_lm_output_kl,serving,generation,,,128k,,peak_reserved_bytes,8067743744,1,/home/sagemaker-user/atma/benchmarks/logs/foveal_cpt/serving_serving_generation_rope_lm_output_kl_d6aab34701.log
rope_lm_output_kl,serving,generation,,,128k,,prefill_tokens_per_s,154484.8348690214,1,/home/sagemaker-user/atma/benchmarks/logs/foveal_cpt/serving_serving_generation_rope_lm_output_kl_8df1f9590e.log
rope_lm_output_kl,serving,generation,,,128k,,prefill_tokens_per_s,155094.94179363485,1,/home/sagemaker-user/atma/benchmarks/logs/foveal_cpt/serving_serving_generation_rope_lm_output_kl_d6aab34701.log
rope_lm_output_kl,serving,generation,,,16k,,decode_tokens_per_s,459.4326283661578,1,/home/sagemaker-user/atma/benchmarks/logs/foveal_cpt/serving_serving_generation_rope_lm_output_kl_8df1f9590e.log
rope_lm_output_kl,serving,generation,,,16k,,decode_tokens_per_s,459.8168658690677,1,/home/sagemaker-user/atma/benchmarks/logs/foveal_cpt/serving_serving_generation_rope_lm_output_kl_d6aab34701.log
rope_lm_output_kl,serving,generation,,,16k,,oom,False,1,/home/sagemaker-user/atma/benchmarks/logs/foveal_cpt/serving_serving_generation_rope_lm_output_kl_8df1f9590e.log
rope_lm_output_kl,serving,generation,,,16k,,oom,False,1,/home/sagemaker-user/atma/benchmarks/logs/foveal_cpt/serving_serving_generation_rope_lm_output_kl_d6aab34701.log
rope_lm_output_kl,serving,generation,,,16k,,peak_allocated_bytes,1629508608,1,/home/sagemaker-user/atma/benchmarks/logs/foveal_cpt/serving_serving_generation_rope_lm_output_kl_8df1f9590e.log
rope_lm_output_kl,serving,generation,,,16k,,peak_allocated_bytes,1629508608,1,/home/sagemaker-user/atma/benchmarks/logs/foveal_cpt/serving_serving_generation_rope_lm_output_kl_d6aab34701.log
rope_lm_output_kl,serving,generation,,,16k,,peak_reserved_bytes,1725956096,1,/home/sagemaker-user/atma/benchmarks/logs/foveal_cpt/serving_serving_generation_rope_lm_output_kl_8df1f9590e.log
rope_lm_output_kl,serving,generation,,,16k,,peak_reserved_bytes,1725956096,1,/home/sagemaker-user/atma/benchmarks/logs/foveal_cpt/serving_serving_generation_rope_lm_output_kl_d6aab34701.log
rope_lm_output_kl,serving,generation,,,16k,,prefill_tokens_per_s,170265.52569792152,1,/home/sagemaker-user/atma/benchmarks/logs/foveal_cpt/serving_serving_generation_rope_lm_output_kl_8df1f9590e.log
rope_lm_output_kl,serving,generation,,,16k,,prefill_tokens_per_s,164095.25957087637,1,/home/sagemaker-user/atma/benchmarks/logs/foveal_cpt/serving_serving_generation_rope_lm_output_kl_d6aab34701.log
rope_lm_output_kl,serving,generation,,,256k,,decode_tokens_per_s,445.3814114005027,1,/home/sagemaker-user/atma/benchmarks/logs/foveal_cpt/serving_serving_generation_rope_lm_output_kl_8df1f9590e.log
rope_lm_output_kl,serving,generation,,,256k,,oom,False,1,/home/sagemaker-user/atma/benchmarks/logs/foveal_cpt/serving_serving_generation_rope_lm_output_kl_8df1f9590e.log
rope_lm_output_kl,serving,generation,,,256k,,peak_allocated_bytes,14400185344,1,/home/sagemaker-user/atma/benchmarks/logs/foveal_cpt/serving_serving_generation_rope_lm_output_kl_8df1f9590e.log
rope_lm_output_kl,serving,generation,,,256k,,peak_reserved_bytes,15313403904,1,/home/sagemaker-user/atma/benchmarks/logs/foveal_cpt/serving_serving_generation_rope_lm_output_kl_8df1f9590e.log
rope_lm_output_kl,serving,generation,,,256k,,prefill_tokens_per_s,149464.76923264307,1,/home/sagemaker-user/atma/benchmarks/logs/foveal_cpt/serving_serving_generation_rope_lm_output_kl_8df1f9590e.log
rope_lm_output_kl,serving,generation,,,2k,,decode_tokens_per_s,456.92802278875706,1,/home/sagemaker-user/atma/benchmarks/logs/foveal_cpt/serving_serving_generation_rope_lm_output_kl_8df1f9590e.log
rope_lm_output_kl,serving,generation,,,2k,,decode_tokens_per_s,459.83433088443525,1,/home/sagemaker-user/atma/benchmarks/logs/foveal_cpt/serving_serving_generation_rope_lm_output_kl_d6aab34701.log
rope_lm_output_kl,serving,generation,,,2k,,oom,False,1,/home/sagemaker-user/atma/benchmarks/logs/foveal_cpt/serving_serving_generation_rope_lm_output_kl_8df1f9590e.log
rope_lm_output_kl,serving,generation,,,2k,,oom,False,1,/home/sagemaker-user/atma/benchmarks/logs/foveal_cpt/serving_serving_generation_rope_lm_output_kl_d6aab34701.log
rope_lm_output_kl,serving,generation,,,2k,,peak_allocated_bytes,886649856,1,/home/sagemaker-user/atma/benchmarks/logs/foveal_cpt/serving_serving_generation_rope_lm_output_kl_8df1f9590e.log
rope_lm_output_kl,serving,generation,,,2k,,peak_allocated_bytes,886649856,1,/home/sagemaker-user/atma/benchmarks/logs/foveal_cpt/serving_serving_generation_rope_lm_output_kl_d6aab34701.log
rope_lm_output_kl,serving,generation,,,2k,,peak_reserved_bytes,929038336,1,/home/sagemaker-user/atma/benchmarks/logs/foveal_cpt/serving_serving_generation_rope_lm_output_kl_8df1f9590e.log
rope_lm_output_kl,serving,generation,,,2k,,peak_reserved_bytes,929038336,1,/home/sagemaker-user/atma/benchmarks/logs/foveal_cpt/serving_serving_generation_rope_lm_output_kl_d6aab34701.log
rope_lm_output_kl,serving,generation,,,2k,,prefill_tokens_per_s,12940.244310780528,1,/home/sagemaker-user/atma/benchmarks/logs/foveal_cpt/serving_serving_generation_rope_lm_output_kl_8df1f9590e.log
rope_lm_output_kl,serving,generation,,,2k,,prefill_tokens_per_s,13084.13537815322,1,/home/sagemaker-user/atma/benchmarks/logs/foveal_cpt/serving_serving_generation_rope_lm_output_kl_d6aab34701.log
rope_lm_output_kl,serving,generation,,,32k,,decode_tokens_per_s,461.2998574645102,1,/home/sagemaker-user/atma/benchmarks/logs/foveal_cpt/serving_serving_generation_rope_lm_output_kl_8df1f9590e.log
rope_lm_output_kl,serving,generation,,,32k,,decode_tokens_per_s,457.02868442748706,1,/home/sagemaker-user/atma/benchmarks/logs/foveal_cpt/serving_serving_generation_rope_lm_output_kl_d6aab34701.log
rope_lm_output_kl,serving,generation,,,32k,,oom,False,1,/home/sagemaker-user/atma/benchmarks/logs/foveal_cpt/serving_serving_generation_rope_lm_output_kl_8df1f9590e.log
rope_lm_output_kl,serving,generation,,,32k,,oom,False,1,/home/sagemaker-user/atma/benchmarks/logs/foveal_cpt/serving_serving_generation_rope_lm_output_kl_d6aab34701.log
rope_lm_output_kl,serving,generation,,,32k,,peak_allocated_bytes,2480887296,1,/home/sagemaker-user/atma/benchmarks/logs/foveal_cpt/serving_serving_generation_rope_lm_output_kl_8df1f9590e.log
rope_lm_output_kl,serving,generation,,,32k,,peak_allocated_bytes,2480887296,1,/home/sagemaker-user/atma/benchmarks/logs/foveal_cpt/serving_serving_generation_rope_lm_output_kl_d6aab34701.log
rope_lm_output_kl,serving,generation,,,32k,,peak_reserved_bytes,2569011200,1,/home/sagemaker-user/atma/benchmarks/logs/foveal_cpt/serving_serving_generation_rope_lm_output_kl_8df1f9590e.log
rope_lm_output_kl,serving,generation,,,32k,,peak_reserved_bytes,2569011200,1,/home/sagemaker-user/atma/benchmarks/logs/foveal_cpt/serving_serving_generation_rope_lm_output_kl_d6aab34701.log
rope_lm_output_kl,serving,generation,,,32k,,prefill_tokens_per_s,155122.7930318961,1,/home/sagemaker-user/atma/benchmarks/logs/foveal_cpt/serving_serving_generation_rope_lm_output_kl_8df1f9590e.log
rope_lm_output_kl,serving,generation,,,32k,,prefill_tokens_per_s,155324.9410212785,1,/home/sagemaker-user/atma/benchmarks/logs/foveal_cpt/serving_serving_generation_rope_lm_output_kl_d6aab34701.log
rope_lm_output_kl,serving,generation,,,4k,,decode_tokens_per_s,459.6658927146139,1,/home/sagemaker-user/atma/benchmarks/logs/foveal_cpt/serving_serving_generation_rope_lm_output_kl_8df1f9590e.log
rope_lm_output_kl,serving,generation,,,4k,,decode_tokens_per_s,459.8183960375916,1,/home/sagemaker-user/atma/benchmarks/logs/foveal_cpt/serving_serving_generation_rope_lm_output_kl_d6aab34701.log
rope_lm_output_kl,serving,generation,,,4k,,oom,False,1,/home/sagemaker-user/atma/benchmarks/logs/foveal_cpt/serving_serving_generation_rope_lm_output_kl_8df1f9590e.log
rope_lm_output_kl,serving,generation,,,4k,,oom,False,1,/home/sagemaker-user/atma/benchmarks/logs/foveal_cpt/serving_serving_generation_rope_lm_output_kl_d6aab34701.log
rope_lm_output_kl,serving,generation,,,4k,,peak_allocated_bytes,992023552,1,/home/sagemaker-user/atma/benchmarks/logs/foveal_cpt/serving_serving_generation_rope_lm_output_kl_8df1f9590e.log
rope_lm_output_kl,serving,generation,,,4k,,peak_allocated_bytes,992023552,1,/home/sagemaker-user/atma/benchmarks/logs/foveal_cpt/serving_serving_generation_rope_lm_output_kl_d6aab34701.log
rope_lm_output_kl,serving,generation,,,4k,,peak_reserved_bytes,1044381696,1,/home/sagemaker-user/atma/benchmarks/logs/foveal_cpt/serving_serving_generation_rope_lm_output_kl_8df1f9590e.log
rope_lm_output_kl,serving,generation,,,4k,,peak_reserved_bytes,1044381696,1,/home/sagemaker-user/atma/benchmarks/logs/foveal_cpt/serving_serving_generation_rope_lm_output_kl_d6aab34701.log
rope_lm_output_kl,serving,generation,,,4k,,prefill_tokens_per_s,135294.11103563564,1,/home/sagemaker-user/atma/benchmarks/logs/foveal_cpt/serving_serving_generation_rope_lm_output_kl_8df1f9590e.log
rope_lm_output_kl,serving,generation,,,4k,,prefill_tokens_per_s,124910.59288282813,1,/home/sagemaker-user/atma/benchmarks/logs/foveal_cpt/serving_serving_generation_rope_lm_output_kl_d6aab34701.log
rope_lm_output_kl,serving,generation,,,64k,,decode_tokens_per_s,458.19510726480115,1,/home/sagemaker-user/atma/benchmarks/logs/foveal_cpt/serving_serving_generation_rope_lm_output_kl_8df1f9590e.log
rope_lm_output_kl,serving,generation,,,64k,,decode_tokens_per_s,452.85938095272184,1,/home/sagemaker-user/atma/benchmarks/logs/foveal_cpt/serving_serving_generation_rope_lm_output_kl_d6aab34701.log
rope_lm_output_kl,serving,generation,,,64k,,oom,False,1,/home/sagemaker-user/atma/benchmarks/logs/foveal_cpt/serving_serving_generation_rope_lm_output_kl_8df1f9590e.log
rope_lm_output_kl,serving,generation,,,64k,,oom,False,1,/home/sagemaker-user/atma/benchmarks/logs/foveal_cpt/serving_serving_generation_rope_lm_output_kl_d6aab34701.log
rope_lm_output_kl,serving,generation,,,64k,,peak_allocated_bytes,4184692736,1,/home/sagemaker-user/atma/benchmarks/logs/foveal_cpt/serving_serving_generation_rope_lm_output_kl_8df1f9590e.log
rope_lm_output_kl,serving,generation,,,64k,,peak_allocated_bytes,4184692736,1,/home/sagemaker-user/atma/benchmarks/logs/foveal_cpt/serving_serving_generation_rope_lm_output_kl_d6aab34701.log
rope_lm_output_kl,serving,generation,,,64k,,peak_reserved_bytes,4441767936,1,/home/sagemaker-user/atma/benchmarks/logs/foveal_cpt/serving_serving_generation_rope_lm_output_kl_8df1f9590e.log
rope_lm_output_kl,serving,generation,,,64k,,peak_reserved_bytes,4441767936,1,/home/sagemaker-user/atma/benchmarks/logs/foveal_cpt/serving_serving_generation_rope_lm_output_kl_d6aab34701.log
rope_lm_output_kl,serving,generation,,,64k,,prefill_tokens_per_s,153006.98586411308,1,/home/sagemaker-user/atma/benchmarks/logs/foveal_cpt/serving_serving_generation_rope_lm_output_kl_8df1f9590e.log
rope_lm_output_kl,serving,generation,,,64k,,prefill_tokens_per_s,154345.07869394965,1,/home/sagemaker-user/atma/benchmarks/logs/foveal_cpt/serving_serving_generation_rope_lm_output_kl_d6aab34701.log
rope_lm_output_kl,serving,generation,,,8k,,decode_tokens_per_s,460.76078021337366,1,/home/sagemaker-user/atma/benchmarks/logs/foveal_cpt/serving_serving_generation_rope_lm_output_kl_8df1f9590e.log
rope_lm_output_kl,serving,generation,,,8k,,decode_tokens_per_s,460.96577302273647,1,/home/sagemaker-user/atma/benchmarks/logs/foveal_cpt/serving_serving_generation_rope_lm_output_kl_d6aab34701.log
rope_lm_output_kl,serving,generation,,,8k,,oom,False,1,/home/sagemaker-user/atma/benchmarks/logs/foveal_cpt/serving_serving_generation_rope_lm_output_kl_8df1f9590e.log
rope_lm_output_kl,serving,generation,,,8k,,oom,False,1,/home/sagemaker-user/atma/benchmarks/logs/foveal_cpt/serving_serving_generation_rope_lm_output_kl_d6aab34701.log
rope_lm_output_kl,serving,generation,,,8k,,peak_allocated_bytes,1204868096,1,/home/sagemaker-user/atma/benchmarks/logs/foveal_cpt/serving_serving_generation_rope_lm_output_kl_8df1f9590e.log
rope_lm_output_kl,serving,generation,,,8k,,peak_allocated_bytes,1204868096,1,/home/sagemaker-user/atma/benchmarks/logs/foveal_cpt/serving_serving_generation_rope_lm_output_kl_d6aab34701.log
rope_lm_output_kl,serving,generation,,,8k,,peak_reserved_bytes,1254096896,1,/home/sagemaker-user/atma/benchmarks/logs/foveal_cpt/serving_serving_generation_rope_lm_output_kl_8df1f9590e.log
rope_lm_output_kl,serving,generation,,,8k,,peak_reserved_bytes,1254096896,1,/home/sagemaker-user/atma/benchmarks/logs/foveal_cpt/serving_serving_generation_rope_lm_output_kl_d6aab34701.log
rope_lm_output_kl,serving,generation,,,8k,,prefill_tokens_per_s,162277.1513844632,1,/home/sagemaker-user/atma/benchmarks/logs/foveal_cpt/serving_serving_generation_rope_lm_output_kl_8df1f9590e.log
rope_lm_output_kl,serving,generation,,,8k,,prefill_tokens_per_s,154280.53234983864,1,/home/sagemaker-user/atma/benchmarks/logs/foveal_cpt/serving_serving_generation_rope_lm_output_kl_d6aab34701.log
rope_lm_output_kl,serving,generation,,,,,max_successful_context_tokens,262144,,/home/sagemaker-user/atma/benchmarks/logs/foveal_cpt/serving_serving_generation_rope_lm_output_kl_8df1f9590e.log
rope_lm_output_kl,serving,generation,,,,,max_successful_context_tokens,131072,,/home/sagemaker-user/atma/benchmarks/logs/foveal_cpt/serving_serving_generation_rope_lm_output_kl_d6aab34701.log
rope_local,base,zero_shot,arc_challenge,,,,accuracy,0.23411371237458195,299,/home/sagemaker-user/atma/benchmarks/logs/foveal_cpt/base_base_zero_shot_rope_local_d3373f3a8d.log
rope_local,base,zero_shot,arc_challenge,,,,accuracy_norm,0.2809364548494983,299,/home/sagemaker-user/atma/benchmarks/logs/foveal_cpt/base_base_zero_shot_rope_local_d3373f3a8d.log
rope_local,base,zero_shot,arc_easy,,,,accuracy,0.5982456140350877,570,/home/sagemaker-user/atma/benchmarks/logs/foveal_cpt/base_base_zero_shot_rope_local_d3373f3a8d.log
rope_local,base,zero_shot,arc_easy,,,,accuracy_norm,0.48596491228070177,570,/home/sagemaker-user/atma/benchmarks/logs/foveal_cpt/base_base_zero_shot_rope_local_d3373f3a8d.log
rope_local,base,zero_shot,boolq,,,,accuracy,0.6085626911314985,3270,/home/sagemaker-user/atma/benchmarks/logs/foveal_cpt/base_base_zero_shot_rope_local_d3373f3a8d.log
rope_local,base,zero_shot,boolq,,,,accuracy_norm,0.6085626911314985,3270,/home/sagemaker-user/atma/benchmarks/logs/foveal_cpt/base_base_zero_shot_rope_local_d3373f3a8d.log
rope_local,base,zero_shot,hellaswag,,,,accuracy,0.3258315076677953,10042,/home/sagemaker-user/atma/benchmarks/logs/foveal_cpt/base_base_zero_shot_rope_local_d3373f3a8d.log
rope_local,base,zero_shot,hellaswag,,,,accuracy_norm,0.37661820354511055,10042,/home/sagemaker-user/atma/benchmarks/logs/foveal_cpt/base_base_zero_shot_rope_local_d3373f3a8d.log
rope_local,base,zero_shot,lambada,,,,accuracy,0.30914030661750436,5153,/home/sagemaker-user/atma/benchmarks/logs/foveal_cpt/base_base_zero_shot_rope_local_d3373f3a8d.log
rope_local,base,zero_shot,lambada,,,,target_nll,3.000996285480036,5153,/home/sagemaker-user/atma/benchmarks/logs/foveal_cpt/base_base_zero_shot_rope_local_d3373f3a8d.log
rope_local,base,zero_shot,lambada,,,,target_perplexity,20.105557823593113,5153,/home/sagemaker-user/atma/benchmarks/logs/foveal_cpt/base_base_zero_shot_rope_local_d3373f3a8d.log
rope_local,base,zero_shot,openbookqa,,,,accuracy,0.208,500,/home/sagemaker-user/atma/benchmarks/logs/foveal_cpt/base_base_zero_shot_rope_local_d3373f3a8d.log
rope_local,base,zero_shot,openbookqa,,,,accuracy_norm,0.318,500,/home/sagemaker-user/atma/benchmarks/logs/foveal_cpt/base_base_zero_shot_rope_local_d3373f3a8d.log
rope_local,base,zero_shot,piqa,,,,accuracy,0.6719260065288357,1838,/home/sagemaker-user/atma/benchmarks/logs/foveal_cpt/base_base_zero_shot_rope_local_d3373f3a8d.log
rope_local,base,zero_shot,piqa,,,,accuracy_norm,0.6659412404787813,1838,/home/sagemaker-user/atma/benchmarks/logs/foveal_cpt/base_base_zero_shot_rope_local_d3373f3a8d.log
rope_local,base,zero_shot,winogrande,,,,accuracy,0.5169692186266772,1267,/home/sagemaker-user/atma/benchmarks/logs/foveal_cpt/base_base_zero_shot_rope_local_d3373f3a8d.log
rope_local,base,zero_shot,winogrande,,,,accuracy_norm,0.516179952644041,1267,/home/sagemaker-user/atma/benchmarks/logs/foveal_cpt/base_base_zero_shot_rope_local_d3373f3a8d.log
rope_local,longdoc,fixed_target,,codelion/finepdfs-1B,128k,,bits_per_byte,1.04947599882575,4,/home/sagemaker-user/atma/benchmarks/logs/foveal_cpt/longdoc_longdoc_fixed_target_rope_local_f9417c9e39.log
rope_local,longdoc,fixed_target,,codelion/finepdfs-1B,128k,,nll_nats_per_token,1.2453170418739319,4,/home/sagemaker-user/atma/benchmarks/logs/foveal_cpt/longdoc_longdoc_fixed_target_rope_local_f9417c9e39.log
rope_local,longdoc,fixed_target,,codelion/finepdfs-1B,128k,,perplexity,3.4740360396540733,4,/home/sagemaker-user/atma/benchmarks/logs/foveal_cpt/longdoc_longdoc_fixed_target_rope_local_f9417c9e39.log
rope_local,longdoc,fixed_target,,codelion/finepdfs-1B,16k,,bits_per_byte,1.0464636523527273,4,/home/sagemaker-user/atma/benchmarks/logs/foveal_cpt/longdoc_longdoc_fixed_target_rope_local_f9417c9e39.log
rope_local,longdoc,fixed_target,,codelion/finepdfs-1B,16k,,nll_nats_per_token,1.241742566227913,4,/home/sagemaker-user/atma/benchmarks/logs/foveal_cpt/longdoc_longdoc_fixed_target_rope_local_f9417c9e39.log
rope_local,longdoc,fixed_target,,codelion/finepdfs-1B,16k,,perplexity,3.4616403496810797,4,/home/sagemaker-user/atma/benchmarks/logs/foveal_cpt/longdoc_longdoc_fixed_target_rope_local_f9417c9e39.log
rope_local,longdoc,fixed_target,,codelion/finepdfs-1B,256k,,bits_per_byte,1.0503621758813002,4,/home/sagemaker-user/atma/benchmarks/logs/foveal_cpt/longdoc_longdoc_fixed_target_rope_local_f9417c9e39.log
rope_local,longdoc,fixed_target,,codelion/finepdfs-1B,256k,,nll_nats_per_token,1.2463685870170593,4,/home/sagemaker-user/atma/benchmarks/logs/foveal_cpt/longdoc_longdoc_fixed_target_rope_local_f9417c9e39.log
rope_local,longdoc,fixed_target,,codelion/finepdfs-1B,256k,,perplexity,3.4776910667548244,4,/home/sagemaker-user/atma/benchmarks/logs/foveal_cpt/longdoc_longdoc_fixed_target_rope_local_f9417c9e39.log
rope_local,longdoc,fixed_target,,codelion/finepdfs-1B,2k,,bits_per_byte,1.0441359557644765,4,/home/sagemaker-user/atma/benchmarks/logs/foveal_cpt/longdoc_longdoc_fixed_target_rope_local_f9417c9e39.log
rope_local,longdoc,fixed_target,,codelion/finepdfs-1B,2k,,nll_nats_per_token,1.2389805018901825,4,/home/sagemaker-user/atma/benchmarks/logs/foveal_cpt/longdoc_longdoc_fixed_target_rope_local_f9417c9e39.log
rope_local,longdoc,fixed_target,,codelion/finepdfs-1B,2k,,perplexity,3.4520922685984945,4,/home/sagemaker-user/atma/benchmarks/logs/foveal_cpt/longdoc_longdoc_fixed_target_rope_local_f9417c9e39.log
rope_local,longdoc,fixed_target,,codelion/finepdfs-1B,32k,,bits_per_byte,1.0464477165364439,4,/home/sagemaker-user/atma/benchmarks/logs/foveal_cpt/longdoc_longdoc_fixed_target_rope_local_f9417c9e39.log
rope_local,longdoc,fixed_target,,codelion/finepdfs-1B,32k,,nll_nats_per_token,1.241723656654358,4,/home/sagemaker-user/atma/benchmarks/logs/foveal_cpt/longdoc_longdoc_fixed_target_rope_local_f9417c9e39.log
rope_local,longdoc,fixed_target,,codelion/finepdfs-1B,32k,,perplexity,3.4615748921571554,4,/home/sagemaker-user/atma/benchmarks/logs/foveal_cpt/longdoc_longdoc_fixed_target_rope_local_f9417c9e39.log
rope_local,longdoc,fixed_target,,codelion/finepdfs-1B,4k,,bits_per_byte,1.044116214942414,4,/home/sagemaker-user/atma/benchmarks/logs/foveal_cpt/longdoc_longdoc_fixed_target_rope_local_f9417c9e39.log
rope_local,longdoc,fixed_target,,codelion/finepdfs-1B,4k,,nll_nats_per_token,1.2389570772647858,4,/home/sagemaker-user/atma/benchmarks/logs/foveal_cpt/longdoc_longdoc_fixed_target_rope_local_f9417c9e39.log
rope_local,longdoc,fixed_target,,codelion/finepdfs-1B,4k,,perplexity,3.4520114055773643,4,/home/sagemaker-user/atma/benchmarks/logs/foveal_cpt/longdoc_longdoc_fixed_target_rope_local_f9417c9e39.log
rope_local,longdoc,fixed_target,,codelion/finepdfs-1B,64k,,bits_per_byte,1.0487823199008617,4,/home/sagemaker-user/atma/benchmarks/logs/foveal_cpt/longdoc_longdoc_fixed_target_rope_local_f9417c9e39.log
rope_local,longdoc,fixed_target,,codelion/finepdfs-1B,64k,,nll_nats_per_token,1.244493916630745,4,/home/sagemaker-user/atma/benchmarks/logs/foveal_cpt/longdoc_longdoc_fixed_target_rope_local_f9417c9e39.log
rope_local,longdoc,fixed_target,,codelion/finepdfs-1B,64k,,perplexity,3.471177649462042,4,/home/sagemaker-user/atma/benchmarks/logs/foveal_cpt/longdoc_longdoc_fixed_target_rope_local_f9417c9e39.log
rope_local,longdoc,fixed_target,,codelion/finepdfs-1B,8k,,bits_per_byte,1.0461696999590602,4,/home/sagemaker-user/atma/benchmarks/logs/foveal_cpt/longdoc_longdoc_fixed_target_rope_local_f9417c9e39.log
rope_local,longdoc,fixed_target,,codelion/finepdfs-1B,8k,,nll_nats_per_token,1.2413937598466873,4,/home/sagemaker-user/atma/benchmarks/logs/foveal_cpt/longdoc_longdoc_fixed_target_rope_local_f9417c9e39.log
rope_local,longdoc,fixed_target,,codelion/finepdfs-1B,8k,,perplexity,3.4604331179949006,4,/home/sagemaker-user/atma/benchmarks/logs/foveal_cpt/longdoc_longdoc_fixed_target_rope_local_f9417c9e39.log
rope_local,longdoc,fixed_target,,emozilla/pg19,128k,,bits_per_byte,1.1237513001209203,4,/home/sagemaker-user/atma/benchmarks/logs/foveal_cpt/longdoc_longdoc_fixed_target_rope_local_f9417c9e39.log
rope_local,longdoc,fixed_target,,emozilla/pg19,128k,,nll_nats_per_token,3.1316742300987244,4,/home/sagemaker-user/atma/benchmarks/logs/foveal_cpt/longdoc_longdoc_fixed_target_rope_local_f9417c9e39.log
rope_local,longdoc,fixed_target,,emozilla/pg19,128k,,perplexity,22.912307923780187,4,/home/sagemaker-user/atma/benchmarks/logs/foveal_cpt/longdoc_longdoc_fixed_target_rope_local_f9417c9e39.log
rope_local,longdoc,fixed_target,,emozilla/pg19,16k,,bits_per_byte,1.1229714017009291,4,/home/sagemaker-user/atma/benchmarks/logs/foveal_cpt/longdoc_longdoc_fixed_target_rope_local_f9417c9e39.log
rope_local,longdoc,fixed_target,,emozilla/pg19,16k,,nll_nats_per_token,3.1295008063316345,4,/home/sagemaker-user/atma/benchmarks/logs/foveal_cpt/longdoc_longdoc_fixed_target_rope_local_f9417c9e39.log
rope_local,longdoc,fixed_target,,emozilla/pg19,16k,,perplexity,22.862563846241596,4,/home/sagemaker-user/atma/benchmarks/logs/foveal_cpt/longdoc_longdoc_fixed_target_rope_local_f9417c9e39.log
rope_local,longdoc,fixed_target,,emozilla/pg19,256k,,bits_per_byte,1.1229921268426846,4,/home/sagemaker-user/atma/benchmarks/logs/foveal_cpt/longdoc_longdoc_fixed_target_rope_local_f9417c9e39.log
rope_local,longdoc,fixed_target,,emozilla/pg19,256k,,nll_nats_per_token,3.129558563232422,4,/home/sagemaker-user/atma/benchmarks/logs/foveal_cpt/longdoc_longdoc_fixed_target_rope_local_f9417c9e39.log
rope_local,longdoc,fixed_target,,emozilla/pg19,256k,,perplexity,22.863884355207293,4,/home/sagemaker-user/atma/benchmarks/logs/foveal_cpt/longdoc_longdoc_fixed_target_rope_local_f9417c9e39.log
rope_local,longdoc,fixed_target,,emozilla/pg19,2k,,bits_per_byte,1.123714961611279,4,/home/sagemaker-user/atma/benchmarks/logs/foveal_cpt/longdoc_longdoc_fixed_target_rope_local_f9417c9e39.log
rope_local,longdoc,fixed_target,,emozilla/pg19,2k,,nll_nats_per_token,3.131572961807251,4,/home/sagemaker-user/atma/benchmarks/logs/foveal_cpt/longdoc_longdoc_fixed_target_rope_local_f9417c9e39.log
rope_local,longdoc,fixed_target,,emozilla/pg19,2k,,perplexity,22.909987750984985,4,/home/sagemaker-user/atma/benchmarks/logs/foveal_cpt/longdoc_longdoc_fixed_target_rope_local_f9417c9e39.log
rope_local,longdoc,fixed_target,,emozilla/pg19,32k,,bits_per_byte,1.1228915168666087,4,/home/sagemaker-user/atma/benchmarks/logs/foveal_cpt/longdoc_longdoc_fixed_target_rope_local_f9417c9e39.log
rope_local,longdoc,fixed_target,,emozilla/pg19,32k,,nll_nats_per_token,3.1292781829833984,4,/home/sagemaker-user/atma/benchmarks/logs/foveal_cpt/longdoc_longdoc_fixed_target_rope_local_f9417c9e39.log
rope_local,longdoc,fixed_target,,emozilla/pg19,32k,,perplexity,22.857474672234382,4,/home/sagemaker-user/atma/benchmarks/logs/foveal_cpt/longdoc_longdoc_fixed_target_rope_local_f9417c9e39.log
rope_local,longdoc,fixed_target,,emozilla/pg19,4k,,bits_per_byte,1.123488631941458,4,/home/sagemaker-user/atma/benchmarks/logs/foveal_cpt/longdoc_longdoc_fixed_target_rope_local_f9417c9e39.log
rope_local,longdoc,fixed_target,,emozilla/pg19,4k,,nll_nats_per_token,3.130942225456238,4,/home/sagemaker-user/atma/benchmarks/logs/foveal_cpt/longdoc_longdoc_fixed_target_rope_local_f9417c9e39.log
rope_local,longdoc,fixed_target,,emozilla/pg19,4k,,perplexity,22.895542145072458,4,/home/sagemaker-user/atma/benchmarks/logs/foveal_cpt/longdoc_longdoc_fixed_target_rope_local_f9417c9e39.log
rope_local,longdoc,fixed_target,,emozilla/pg19,64k,,bits_per_byte,1.1231385502900098,4,/home/sagemaker-user/atma/benchmarks/logs/foveal_cpt/longdoc_longdoc_fixed_target_rope_local_f9417c9e39.log
rope_local,longdoc,fixed_target,,emozilla/pg19,64k,,nll_nats_per_token,3.129966616630554,4,/home/sagemaker-user/atma/benchmarks/logs/foveal_cpt/longdoc_longdoc_fixed_target_rope_local_f9417c9e39.log
rope_local,longdoc,fixed_target,,emozilla/pg19,64k,,perplexity,22.873215944676854,4,/home/sagemaker-user/atma/benchmarks/logs/foveal_cpt/longdoc_longdoc_fixed_target_rope_local_f9417c9e39.log
rope_local,longdoc,fixed_target,,emozilla/pg19,8k,,bits_per_byte,1.1229611995413655,4,/home/sagemaker-user/atma/benchmarks/logs/foveal_cpt/longdoc_longdoc_fixed_target_rope_local_f9417c9e39.log
rope_local,longdoc,fixed_target,,emozilla/pg19,8k,,nll_nats_per_token,3.1294723749160767,4,/home/sagemaker-user/atma/benchmarks/logs/foveal_cpt/longdoc_longdoc_fixed_target_rope_local_f9417c9e39.log
rope_local,longdoc,fixed_target,,emozilla/pg19,8k,,perplexity,22.8619138404285,4,/home/sagemaker-user/atma/benchmarks/logs/foveal_cpt/longdoc_longdoc_fixed_target_rope_local_f9417c9e39.log
rope_local,longdoc,fixed_target,,hoskinson-center/proof-pile,128k,,bits_per_byte,2.185119902208424,4,/home/sagemaker-user/atma/benchmarks/logs/foveal_cpt/longdoc_longdoc_fixed_target_rope_local_f9417c9e39.log
rope_local,longdoc,fixed_target,,hoskinson-center/proof-pile,128k,,nll_nats_per_token,4.08530467748642,4,/home/sagemaker-user/atma/benchmarks/logs/foveal_cpt/longdoc_longdoc_fixed_target_rope_local_f9417c9e39.log
rope_local,longdoc,fixed_target,,hoskinson-center/proof-pile,128k,,perplexity,59.460051130655174,4,/home/sagemaker-user/atma/benchmarks/logs/foveal_cpt/longdoc_longdoc_fixed_target_rope_local_f9417c9e39.log
rope_local,longdoc,fixed_target,,hoskinson-center/proof-pile,16k,,bits_per_byte,2.18496955176204,4,/home/sagemaker-user/atma/benchmarks/logs/foveal_cpt/longdoc_longdoc_fixed_target_rope_local_f9417c9e39.log
rope_local,longdoc,fixed_target,,hoskinson-center/proof-pile,16k,,nll_nats_per_token,4.085023581981659,4,/home/sagemaker-user/atma/benchmarks/logs/foveal_cpt/longdoc_longdoc_fixed_target_rope_local_f9417c9e39.log
rope_local,longdoc,fixed_target,,hoskinson-center/proof-pile,16k,,perplexity,59.44333952645795,4,/home/sagemaker-user/atma/benchmarks/logs/foveal_cpt/longdoc_longdoc_fixed_target_rope_local_f9417c9e39.log
rope_local,longdoc,fixed_target,,hoskinson-center/proof-pile,256k,,bits_per_byte,2.184952750514109,4,/home/sagemaker-user/atma/benchmarks/logs/foveal_cpt/longdoc_longdoc_fixed_target_rope_local_f9417c9e39.log
rope_local,longdoc,fixed_target,,hoskinson-center/proof-pile,256k,,nll_nats_per_token,4.084992170333862,4,/home/sagemaker-user/atma/benchmarks/logs/foveal_cpt/longdoc_longdoc_fixed_target_rope_local_f9417c9e39.log
rope_local,longdoc,fixed_target,,hoskinson-center/proof-pile,256k,,perplexity,59.4414723425387,4,/home/sagemaker-user/atma/benchmarks/logs/foveal_cpt/longdoc_longdoc_fixed_target_rope_local_f9417c9e39.log
rope_local,longdoc,fixed_target,,hoskinson-center/proof-pile,2k,,bits_per_byte,2.1897811167365075,4,/home/sagemaker-user/atma/benchmarks/logs/foveal_cpt/longdoc_longdoc_fixed_target_rope_local_f9417c9e39.log
rope_local,longdoc,fixed_target,,hoskinson-center/proof-pile,2k,,nll_nats_per_token,4.094019293785095,4,/home/sagemaker-user/atma/benchmarks/logs/foveal_cpt/longdoc_longdoc_fixed_target_rope_local_f9417c9e39.log
rope_local,longdoc,fixed_target,,hoskinson-center/proof-pile,2k,,perplexity,59.98048706742225,4,/home/sagemaker-user/atma/benchmarks/logs/foveal_cpt/longdoc_longdoc_fixed_target_rope_local_f9417c9e39.log
rope_local,longdoc,fixed_target,,hoskinson-center/proof-pile,32k,,bits_per_byte,2.1842674700126206,4,/home/sagemaker-user/atma/benchmarks/logs/foveal_cpt/longdoc_longdoc_fixed_target_rope_local_f9417c9e39.log
rope_local,longdoc,fixed_target,,hoskinson-center/proof-pile,32k,,nll_nats_per_token,4.083710968494415,4,/home/sagemaker-user/atma/benchmarks/logs/foveal_cpt/longdoc_longdoc_fixed_target_rope_local_f9417c9e39.log
rope_local,longdoc,fixed_target,,hoskinson-center/proof-pile,32k,,perplexity,59.365364583944924,4,/home/sagemaker-user/atma/benchmarks/logs/foveal_cpt/longdoc_longdoc_fixed_target_rope_local_f9417c9e39.log
rope_local,longdoc,fixed_target,,hoskinson-center/proof-pile,4k,,bits_per_byte,2.186330931058368,4,/home/sagemaker-user/atma/benchmarks/logs/foveal_cpt/longdoc_longdoc_fixed_target_rope_local_f9417c9e39.log
rope_local,longdoc,fixed_target,,hoskinson-center/proof-pile,4k,,nll_nats_per_token,4.087568819522858,4,/home/sagemaker-user/atma/benchmarks/logs/foveal_cpt/longdoc_longdoc_fixed_target_rope_local_f9417c9e39.log
rope_local,longdoc,fixed_target,,hoskinson-center/proof-pile,4k,,perplexity,59.59482965319139,4,/home/sagemaker-user/atma/benchmarks/logs/foveal_cpt/longdoc_longdoc_fixed_target_rope_local_f9417c9e39.log
rope_local,longdoc,fixed_target,,hoskinson-center/proof-pile,64k,,bits_per_byte,2.1848148973906647,4,/home/sagemaker-user/atma/benchmarks/logs/foveal_cpt/longdoc_longdoc_fixed_target_rope_local_f9417c9e39.log
rope_local,longdoc,fixed_target,,hoskinson-center/proof-pile,64k,,nll_nats_per_token,4.0847344398498535,4,/home/sagemaker-user/atma/benchmarks/logs/foveal_cpt/longdoc_longdoc_fixed_target_rope_local_f9417c9e39.log
rope_local,longdoc,fixed_target,,hoskinson-center/proof-pile,64k,,perplexity,59.42615443713205,4,/home/sagemaker-user/atma/benchmarks/logs/foveal_cpt/longdoc_longdoc_fixed_target_rope_local_f9417c9e39.log
rope_local,longdoc,fixed_target,,hoskinson-center/proof-pile,8k,,bits_per_byte,2.183998841331274,4,/home/sagemaker-user/atma/benchmarks/logs/foveal_cpt/longdoc_longdoc_fixed_target_rope_local_f9417c9e39.log
rope_local,longdoc,fixed_target,,hoskinson-center/proof-pile,8k,,nll_nats_per_token,4.083208739757538,4,/home/sagemaker-user/atma/benchmarks/logs/foveal_cpt/longdoc_longdoc_fixed_target_rope_local_f9417c9e39.log
rope_local,longdoc,fixed_target,,hoskinson-center/proof-pile,8k,,perplexity,59.33555707759533,4,/home/sagemaker-user/atma/benchmarks/logs/foveal_cpt/longdoc_longdoc_fixed_target_rope_local_f9417c9e39.log
rope_local,retrieval,synthetic,niah,synthetic-filler,128k,0.1,exact_match,0.0,10,/home/sagemaker-user/atma/benchmarks/logs/foveal_cpt/retrieval_retrieval_synthetic_rope_local_d6c1232106.log
rope_local,retrieval,synthetic,niah,synthetic-filler,128k,0.1,nll_nats_per_token,3.9414803695678713,10,/home/sagemaker-user/atma/benchmarks/logs/foveal_cpt/retrieval_retrieval_synthetic_rope_local_d6c1232106.log
rope_local,retrieval,synthetic,niah,synthetic-filler,128k,0.1,token_accuracy,2.0,10,/home/sagemaker-user/atma/benchmarks/logs/foveal_cpt/retrieval_retrieval_synthetic_rope_local_d6c1232106.log
rope_local,retrieval,synthetic,niah,synthetic-filler,128k,0.5,exact_match,0.0,10,/home/sagemaker-user/atma/benchmarks/logs/foveal_cpt/retrieval_retrieval_synthetic_rope_local_d6c1232106.log
rope_local,retrieval,synthetic,niah,synthetic-filler,128k,0.5,nll_nats_per_token,3.9446044921875,10,/home/sagemaker-user/atma/benchmarks/logs/foveal_cpt/retrieval_retrieval_synthetic_rope_local_d6c1232106.log
rope_local,retrieval,synthetic,niah,synthetic-filler,128k,0.5,token_accuracy,2.0,10,/home/sagemaker-user/atma/benchmarks/logs/foveal_cpt/retrieval_retrieval_synthetic_rope_local_d6c1232106.log
rope_local,retrieval,synthetic,niah,synthetic-filler,128k,0.9,exact_match,0.0,10,/home/sagemaker-user/atma/benchmarks/logs/foveal_cpt/retrieval_retrieval_synthetic_rope_local_d6c1232106.log
rope_local,retrieval,synthetic,niah,synthetic-filler,128k,0.9,nll_nats_per_token,3.943794708251953,10,/home/sagemaker-user/atma/benchmarks/logs/foveal_cpt/retrieval_retrieval_synthetic_rope_local_d6c1232106.log
rope_local,retrieval,synthetic,niah,synthetic-filler,128k,0.9,token_accuracy,2.0,10,/home/sagemaker-user/atma/benchmarks/logs/foveal_cpt/retrieval_retrieval_synthetic_rope_local_d6c1232106.log
rope_local,retrieval,synthetic,niah,synthetic-filler,16k,0.1,exact_match,0.0,10,/home/sagemaker-user/atma/benchmarks/logs/foveal_cpt/retrieval_retrieval_synthetic_rope_local_d6c1232106.log
rope_local,retrieval,synthetic,niah,synthetic-filler,16k,0.1,nll_nats_per_token,4.0831459045410154,10,/home/sagemaker-user/atma/benchmarks/logs/foveal_cpt/retrieval_retrieval_synthetic_rope_local_d6c1232106.log
rope_local,retrieval,synthetic,niah,synthetic-filler,16k,0.1,token_accuracy,0.0,10,/home/sagemaker-user/atma/benchmarks/logs/foveal_cpt/retrieval_retrieval_synthetic_rope_local_d6c1232106.log
rope_local,retrieval,synthetic,niah,synthetic-filler,16k,0.5,exact_match,0.0,10,/home/sagemaker-user/atma/benchmarks/logs/foveal_cpt/retrieval_retrieval_synthetic_rope_local_d6c1232106.log
rope_local,retrieval,synthetic,niah,synthetic-filler,16k,0.5,nll_nats_per_token,4.085403976440429,10,/home/sagemaker-user/atma/benchmarks/logs/foveal_cpt/retrieval_retrieval_synthetic_rope_local_d6c1232106.log
rope_local,retrieval,synthetic,niah,synthetic-filler,16k,0.5,token_accuracy,0.0,10,/home/sagemaker-user/atma/benchmarks/logs/foveal_cpt/retrieval_retrieval_synthetic_rope_local_d6c1232106.log
rope_local,retrieval,synthetic,niah,synthetic-filler,16k,0.9,exact_match,0.0,10,/home/sagemaker-user/atma/benchmarks/logs/foveal_cpt/retrieval_retrieval_synthetic_rope_local_d6c1232106.log
rope_local,retrieval,synthetic,niah,synthetic-filler,16k,0.9,nll_nats_per_token,4.075604400634766,10,/home/sagemaker-user/atma/benchmarks/logs/foveal_cpt/retrieval_retrieval_synthetic_rope_local_d6c1232106.log
rope_local,retrieval,synthetic,niah,synthetic-filler,16k,0.9,token_accuracy,0.0,10,/home/sagemaker-user/atma/benchmarks/logs/foveal_cpt/retrieval_retrieval_synthetic_rope_local_d6c1232106.log
rope_local,retrieval,synthetic,niah,synthetic-filler,256k,0.1,exact_match,0.0,10,/home/sagemaker-user/atma/benchmarks/logs/foveal_cpt/retrieval_retrieval_synthetic_rope_local_d6c1232106.log
rope_local,retrieval,synthetic,niah,synthetic-filler,256k,0.1,nll_nats_per_token,4.104640121459961,10,/home/sagemaker-user/atma/benchmarks/logs/foveal_cpt/retrieval_retrieval_synthetic_rope_local_d6c1232106.log
rope_local,retrieval,synthetic,niah,synthetic-filler,256k,0.1,token_accuracy,0.0,10,/home/sagemaker-user/atma/benchmarks/logs/foveal_cpt/retrieval_retrieval_synthetic_rope_local_d6c1232106.log
rope_local,retrieval,synthetic,niah,synthetic-filler,256k,0.5,exact_match,0.0,10,/home/sagemaker-user/atma/benchmarks/logs/foveal_cpt/retrieval_retrieval_synthetic_rope_local_d6c1232106.log
rope_local,retrieval,synthetic,niah,synthetic-filler,256k,0.5,nll_nats_per_token,4.1039370346069335,10,/home/sagemaker-user/atma/benchmarks/logs/foveal_cpt/retrieval_retrieval_synthetic_rope_local_d6c1232106.log
rope_local,retrieval,synthetic,niah,synthetic-filler,256k,0.5,token_accuracy,0.0,10,/home/sagemaker-user/atma/benchmarks/logs/foveal_cpt/retrieval_retrieval_synthetic_rope_local_d6c1232106.log
rope_local,retrieval,synthetic,niah,synthetic-filler,256k,0.9,exact_match,0.0,10,/home/sagemaker-user/atma/benchmarks/logs/foveal_cpt/retrieval_retrieval_synthetic_rope_local_d6c1232106.log
rope_local,retrieval,synthetic,niah,synthetic-filler,256k,0.9,nll_nats_per_token,4.101996269226074,10,/home/sagemaker-user/atma/benchmarks/logs/foveal_cpt/retrieval_retrieval_synthetic_rope_local_d6c1232106.log
rope_local,retrieval,synthetic,niah,synthetic-filler,256k,0.9,token_accuracy,0.0,10,/home/sagemaker-user/atma/benchmarks/logs/foveal_cpt/retrieval_retrieval_synthetic_rope_local_d6c1232106.log
rope_local,retrieval,synthetic,niah,synthetic-filler,2k,0.1,exact_match,0.0,10,/home/sagemaker-user/atma/benchmarks/logs/foveal_cpt/retrieval_retrieval_synthetic_rope_local_d6c1232106.log
rope_local,retrieval,synthetic,niah,synthetic-filler,2k,0.1,nll_nats_per_token,4.018324775695801,10,/home/sagemaker-user/atma/benchmarks/logs/foveal_cpt/retrieval_retrieval_synthetic_rope_local_d6c1232106.log
rope_local,retrieval,synthetic,niah,synthetic-filler,2k,0.1,token_accuracy,0.0,10,/home/sagemaker-user/atma/benchmarks/logs/foveal_cpt/retrieval_retrieval_synthetic_rope_local_d6c1232106.log
rope_local,retrieval,synthetic,niah,synthetic-filler,2k,0.5,exact_match,0.0,10,/home/sagemaker-user/atma/benchmarks/logs/foveal_cpt/retrieval_retrieval_synthetic_rope_local_d6c1232106.log
rope_local,retrieval,synthetic,niah,synthetic-filler,2k,0.5,exact_match,0.0,5,/home/sagemaker-user/atma/benchmarks/logs/foveal_cpt/smoke_retrieval_synthetic_rope_local_0eff7c7601.log
rope_local,retrieval,synthetic,niah,synthetic-filler,2k,0.5,exact_match,0.0,2,/home/sagemaker-user/atma/benchmarks/logs/foveal_cpt/smoke_retrieval_synthetic_rope_local_e39dd6276e.log
rope_local,retrieval,synthetic,niah,synthetic-filler,2k,0.5,nll_nats_per_token,4.0201655197143555,10,/home/sagemaker-user/atma/benchmarks/logs/foveal_cpt/retrieval_retrieval_synthetic_rope_local_d6c1232106.log
rope_local,retrieval,synthetic,niah,synthetic-filler,2k,0.5,nll_nats_per_token,4.162257919311523,5,/home/sagemaker-user/atma/benchmarks/logs/foveal_cpt/smoke_retrieval_synthetic_rope_local_0eff7c7601.log
rope_local,retrieval,synthetic,niah,synthetic-filler,2k,0.5,nll_nats_per_token,4.358560371398926,2,/home/sagemaker-user/atma/benchmarks/logs/foveal_cpt/smoke_retrieval_synthetic_rope_local_e39dd6276e.log
rope_local,retrieval,synthetic,niah,synthetic-filler,2k,0.5,token_accuracy,0.0,10,/home/sagemaker-user/atma/benchmarks/logs/foveal_cpt/retrieval_retrieval_synthetic_rope_local_d6c1232106.log
rope_local,retrieval,synthetic,niah,synthetic-filler,2k,0.5,token_accuracy,0.0,5,/home/sagemaker-user/atma/benchmarks/logs/foveal_cpt/smoke_retrieval_synthetic_rope_local_0eff7c7601.log
rope_local,retrieval,synthetic,niah,synthetic-filler,2k,0.5,token_accuracy,0.0,2,/home/sagemaker-user/atma/benchmarks/logs/foveal_cpt/smoke_retrieval_synthetic_rope_local_e39dd6276e.log
rope_local,retrieval,synthetic,niah,synthetic-filler,2k,0.9,exact_match,90.0,10,/home/sagemaker-user/atma/benchmarks/logs/foveal_cpt/retrieval_retrieval_synthetic_rope_local_d6c1232106.log
rope_local,retrieval,synthetic,niah,synthetic-filler,2k,0.9,nll_nats_per_token,0.5904460048675537,10,/home/sagemaker-user/atma/benchmarks/logs/foveal_cpt/retrieval_retrieval_synthetic_rope_local_d6c1232106.log
rope_local,retrieval,synthetic,niah,synthetic-filler,2k,0.9,token_accuracy,98.0,10,/home/sagemaker-user/atma/benchmarks/logs/foveal_cpt/retrieval_retrieval_synthetic_rope_local_d6c1232106.log
rope_local,retrieval,synthetic,niah,synthetic-filler,32k,0.1,exact_match,0.0,10,/home/sagemaker-user/atma/benchmarks/logs/foveal_cpt/retrieval_retrieval_synthetic_rope_local_d6c1232106.log
rope_local,retrieval,synthetic,niah,synthetic-filler,32k,0.1,nll_nats_per_token,4.097238922119141,10,/home/sagemaker-user/atma/benchmarks/logs/foveal_cpt/retrieval_retrieval_synthetic_rope_local_d6c1232106.log
rope_local,retrieval,synthetic,niah,synthetic-filler,32k,0.1,token_accuracy,0.0,10,/home/sagemaker-user/atma/benchmarks/logs/foveal_cpt/retrieval_retrieval_synthetic_rope_local_d6c1232106.log
rope_local,retrieval,synthetic,niah,synthetic-filler,32k,0.5,exact_match,0.0,10,/home/sagemaker-user/atma/benchmarks/logs/foveal_cpt/retrieval_retrieval_synthetic_rope_local_d6c1232106.log
rope_local,retrieval,synthetic,niah,synthetic-filler,32k,0.5,nll_nats_per_token,4.099178695678711,10,/home/sagemaker-user/atma/benchmarks/logs/foveal_cpt/retrieval_retrieval_synthetic_rope_local_d6c1232106.log
rope_local,retrieval,synthetic,niah,synthetic-filler,32k,0.5,token_accuracy,0.0,10,/home/sagemaker-user/atma/benchmarks/logs/foveal_cpt/retrieval_retrieval_synthetic_rope_local_d6c1232106.log
rope_local,retrieval,synthetic,niah,synthetic-filler,32k,0.9,exact_match,0.0,10,/home/sagemaker-user/atma/benchmarks/logs/foveal_cpt/retrieval_retrieval_synthetic_rope_local_d6c1232106.log
rope_local,retrieval,synthetic,niah,synthetic-filler,32k,0.9,nll_nats_per_token,4.098793716430664,10,/home/sagemaker-user/atma/benchmarks/logs/foveal_cpt/retrieval_retrieval_synthetic_rope_local_d6c1232106.log
rope_local,retrieval,synthetic,niah,synthetic-filler,32k,0.9,token_accuracy,0.0,10,/home/sagemaker-user/atma/benchmarks/logs/foveal_cpt/retrieval_retrieval_synthetic_rope_local_d6c1232106.log
rope_local,retrieval,synthetic,niah,synthetic-filler,4k,0.1,exact_match,0.0,10,/home/sagemaker-user/atma/benchmarks/logs/foveal_cpt/retrieval_retrieval_synthetic_rope_local_d6c1232106.log
rope_local,retrieval,synthetic,niah,synthetic-filler,4k,0.1,nll_nats_per_token,3.9982930755615236,10,/home/sagemaker-user/atma/benchmarks/logs/foveal_cpt/retrieval_retrieval_synthetic_rope_local_d6c1232106.log
rope_local,retrieval,synthetic,niah,synthetic-filler,4k,0.1,token_accuracy,0.0,10,/home/sagemaker-user/atma/benchmarks/logs/foveal_cpt/retrieval_retrieval_synthetic_rope_local_d6c1232106.log
rope_local,retrieval,synthetic,niah,synthetic-filler,4k,0.5,exact_match,0.0,10,/home/sagemaker-user/atma/benchmarks/logs/foveal_cpt/retrieval_retrieval_synthetic_rope_local_d6c1232106.log
rope_local,retrieval,synthetic,niah,synthetic-filler,4k,0.5,nll_nats_per_token,4.01305591583252,10,/home/sagemaker-user/atma/benchmarks/logs/foveal_cpt/retrieval_retrieval_synthetic_rope_local_d6c1232106.log
rope_local,retrieval,synthetic,niah,synthetic-filler,4k,0.5,token_accuracy,0.0,10,/home/sagemaker-user/atma/benchmarks/logs/foveal_cpt/retrieval_retrieval_synthetic_rope_local_d6c1232106.log
rope_local,retrieval,synthetic,niah,synthetic-filler,4k,0.9,exact_match,70.0,10,/home/sagemaker-user/atma/benchmarks/logs/foveal_cpt/retrieval_retrieval_synthetic_rope_local_d6c1232106.log
rope_local,retrieval,synthetic,niah,synthetic-filler,4k,0.9,nll_nats_per_token,0.7681233310699462,10,/home/sagemaker-user/atma/benchmarks/logs/foveal_cpt/retrieval_retrieval_synthetic_rope_local_d6c1232106.log
rope_local,retrieval,synthetic,niah,synthetic-filler,4k,0.9,token_accuracy,94.0,10,/home/sagemaker-user/atma/benchmarks/logs/foveal_cpt/retrieval_retrieval_synthetic_rope_local_d6c1232106.log
rope_local,retrieval,synthetic,niah,synthetic-filler,64k,0.1,exact_match,0.0,10,/home/sagemaker-user/atma/benchmarks/logs/foveal_cpt/retrieval_retrieval_synthetic_rope_local_d6c1232106.log
rope_local,retrieval,synthetic,niah,synthetic-filler,64k,0.1,nll_nats_per_token,4.0290968704223635,10,/home/sagemaker-user/atma/benchmarks/logs/foveal_cpt/retrieval_retrieval_synthetic_rope_local_d6c1232106.log
rope_local,retrieval,synthetic,niah,synthetic-filler,64k,0.1,token_accuracy,0.0,10,/home/sagemaker-user/atma/benchmarks/logs/foveal_cpt/retrieval_retrieval_synthetic_rope_local_d6c1232106.log
rope_local,retrieval,synthetic,niah,synthetic-filler,64k,0.5,exact_match,0.0,10,/home/sagemaker-user/atma/benchmarks/logs/foveal_cpt/retrieval_retrieval_synthetic_rope_local_d6c1232106.log
rope_local,retrieval,synthetic,niah,synthetic-filler,64k,0.5,nll_nats_per_token,4.026223754882812,10,/home/sagemaker-user/atma/benchmarks/logs/foveal_cpt/retrieval_retrieval_synthetic_rope_local_d6c1232106.log
rope_local,retrieval,synthetic,niah,synthetic-filler,64k,0.5,token_accuracy,0.0,10,/home/sagemaker-user/atma/benchmarks/logs/foveal_cpt/retrieval_retrieval_synthetic_rope_local_d6c1232106.log
rope_local,retrieval,synthetic,niah,synthetic-filler,64k,0.9,exact_match,0.0,10,/home/sagemaker-user/atma/benchmarks/logs/foveal_cpt/retrieval_retrieval_synthetic_rope_local_d6c1232106.log
rope_local,retrieval,synthetic,niah,synthetic-filler,64k,0.9,nll_nats_per_token,4.021819305419922,10,/home/sagemaker-user/atma/benchmarks/logs/foveal_cpt/retrieval_retrieval_synthetic_rope_local_d6c1232106.log
rope_local,retrieval,synthetic,niah,synthetic-filler,64k,0.9,token_accuracy,0.0,10,/home/sagemaker-user/atma/benchmarks/logs/foveal_cpt/retrieval_retrieval_synthetic_rope_local_d6c1232106.log
rope_local,retrieval,synthetic,niah,synthetic-filler,8k,0.1,exact_match,0.0,10,/home/sagemaker-user/atma/benchmarks/logs/foveal_cpt/retrieval_retrieval_synthetic_rope_local_d6c1232106.log
rope_local,retrieval,synthetic,niah,synthetic-filler,8k,0.1,nll_nats_per_token,4.073004150390625,10,/home/sagemaker-user/atma/benchmarks/logs/foveal_cpt/retrieval_retrieval_synthetic_rope_local_d6c1232106.log
rope_local,retrieval,synthetic,niah,synthetic-filler,8k,0.1,token_accuracy,0.0,10,/home/sagemaker-user/atma/benchmarks/logs/foveal_cpt/retrieval_retrieval_synthetic_rope_local_d6c1232106.log
rope_local,retrieval,synthetic,niah,synthetic-filler,8k,0.5,exact_match,0.0,10,/home/sagemaker-user/atma/benchmarks/logs/foveal_cpt/retrieval_retrieval_synthetic_rope_local_d6c1232106.log
rope_local,retrieval,synthetic,niah,synthetic-filler,8k,0.5,exact_match,0.0,5,/home/sagemaker-user/atma/benchmarks/logs/foveal_cpt/smoke_retrieval_synthetic_rope_local_0eff7c7601.log
rope_local,retrieval,synthetic,niah,synthetic-filler,8k,0.5,exact_match,0.0,2,/home/sagemaker-user/atma/benchmarks/logs/foveal_cpt/smoke_retrieval_synthetic_rope_local_e39dd6276e.log
rope_local,retrieval,synthetic,niah,synthetic-filler,8k,0.5,nll_nats_per_token,4.06925552368164,10,/home/sagemaker-user/atma/benchmarks/logs/foveal_cpt/retrieval_retrieval_synthetic_rope_local_d6c1232106.log
rope_local,retrieval,synthetic,niah,synthetic-filler,8k,0.5,nll_nats_per_token,4.202677459716797,5,/home/sagemaker-user/atma/benchmarks/logs/foveal_cpt/smoke_retrieval_synthetic_rope_local_0eff7c7601.log
rope_local,retrieval,synthetic,niah,synthetic-filler,8k,0.5,nll_nats_per_token,4.353597259521484,2,/home/sagemaker-user/atma/benchmarks/logs/foveal_cpt/smoke_retrieval_synthetic_rope_local_e39dd6276e.log
rope_local,retrieval,synthetic,niah,synthetic-filler,8k,0.5,token_accuracy,0.0,10,/home/sagemaker-user/atma/benchmarks/logs/foveal_cpt/retrieval_retrieval_synthetic_rope_local_d6c1232106.log
rope_local,retrieval,synthetic,niah,synthetic-filler,8k,0.5,token_accuracy,0.0,5,/home/sagemaker-user/atma/benchmarks/logs/foveal_cpt/smoke_retrieval_synthetic_rope_local_0eff7c7601.log
rope_local,retrieval,synthetic,niah,synthetic-filler,8k,0.5,token_accuracy,0.0,2,/home/sagemaker-user/atma/benchmarks/logs/foveal_cpt/smoke_retrieval_synthetic_rope_local_e39dd6276e.log
rope_local,retrieval,synthetic,niah,synthetic-filler,8k,0.9,exact_match,0.0,10,/home/sagemaker-user/atma/benchmarks/logs/foveal_cpt/retrieval_retrieval_synthetic_rope_local_d6c1232106.log
rope_local,retrieval,synthetic,niah,synthetic-filler,8k,0.9,nll_nats_per_token,4.074336776733398,10,/home/sagemaker-user/atma/benchmarks/logs/foveal_cpt/retrieval_retrieval_synthetic_rope_local_d6c1232106.log
rope_local,retrieval,synthetic,niah,synthetic-filler,8k,0.9,token_accuracy,0.0,10,/home/sagemaker-user/atma/benchmarks/logs/foveal_cpt/retrieval_retrieval_synthetic_rope_local_d6c1232106.log
rope_local,retrieval,synthetic,passkey,synthetic-filler,128k,0.1,exact_match,0.0,10,/home/sagemaker-user/atma/benchmarks/logs/foveal_cpt/retrieval_retrieval_synthetic_rope_local_d6c1232106.log
rope_local,retrieval,synthetic,passkey,synthetic-filler,128k,0.1,nll_nats_per_token,4.613804969787598,10,/home/sagemaker-user/atma/benchmarks/logs/foveal_cpt/retrieval_retrieval_synthetic_rope_local_d6c1232106.log
rope_local,retrieval,synthetic,passkey,synthetic-filler,128k,0.1,token_accuracy,2.0,10,/home/sagemaker-user/atma/benchmarks/logs/foveal_cpt/retrieval_retrieval_synthetic_rope_local_d6c1232106.log
rope_local,retrieval,synthetic,passkey,synthetic-filler,128k,0.5,exact_match,0.0,10,/home/sagemaker-user/atma/benchmarks/logs/foveal_cpt/retrieval_retrieval_synthetic_rope_local_d6c1232106.log
rope_local,retrieval,synthetic,passkey,synthetic-filler,128k,0.5,nll_nats_per_token,4.613002738952637,10,/home/sagemaker-user/atma/benchmarks/logs/foveal_cpt/retrieval_retrieval_synthetic_rope_local_d6c1232106.log
rope_local,retrieval,synthetic,passkey,synthetic-filler,128k,0.5,token_accuracy,4.0,10,/home/sagemaker-user/atma/benchmarks/logs/foveal_cpt/retrieval_retrieval_synthetic_rope_local_d6c1232106.log
rope_local,retrieval,synthetic,passkey,synthetic-filler,128k,0.9,exact_match,0.0,10,/home/sagemaker-user/atma/benchmarks/logs/foveal_cpt/retrieval_retrieval_synthetic_rope_local_d6c1232106.log
rope_local,retrieval,synthetic,passkey,synthetic-filler,128k,0.9,nll_nats_per_token,4.596298751831054,10,/home/sagemaker-user/atma/benchmarks/logs/foveal_cpt/retrieval_retrieval_synthetic_rope_local_d6c1232106.log
rope_local,retrieval,synthetic,passkey,synthetic-filler,128k,0.9,token_accuracy,2.0,10,/home/sagemaker-user/atma/benchmarks/logs/foveal_cpt/retrieval_retrieval_synthetic_rope_local_d6c1232106.log
rope_local,retrieval,synthetic,passkey,synthetic-filler,16k,0.1,exact_match,0.0,10,/home/sagemaker-user/atma/benchmarks/logs/foveal_cpt/retrieval_retrieval_synthetic_rope_local_d6c1232106.log
rope_local,retrieval,synthetic,passkey,synthetic-filler,16k,0.1,nll_nats_per_token,4.613494606018066,10,/home/sagemaker-user/atma/benchmarks/logs/foveal_cpt/retrieval_retrieval_synthetic_rope_local_d6c1232106.log
rope_local,retrieval,synthetic,passkey,synthetic-filler,16k,0.1,token_accuracy,2.0,10,/home/sagemaker-user/atma/benchmarks/logs/foveal_cpt/retrieval_retrieval_synthetic_rope_local_d6c1232106.log
rope_local,retrieval,synthetic,passkey,synthetic-filler,16k,0.5,exact_match,0.0,10,/home/sagemaker-user/atma/benchmarks/logs/foveal_cpt/retrieval_retrieval_synthetic_rope_local_d6c1232106.log
rope_local,retrieval,synthetic,passkey,synthetic-filler,16k,0.5,nll_nats_per_token,4.604747009277344,10,/home/sagemaker-user/atma/benchmarks/logs/foveal_cpt/retrieval_retrieval_synthetic_rope_local_d6c1232106.log
rope_local,retrieval,synthetic,passkey,synthetic-filler,16k,0.5,token_accuracy,2.0,10,/home/sagemaker-user/atma/benchmarks/logs/foveal_cpt/retrieval_retrieval_synthetic_rope_local_d6c1232106.log
rope_local,retrieval,synthetic,passkey,synthetic-filler,16k,0.9,exact_match,0.0,10,/home/sagemaker-user/atma/benchmarks/logs/foveal_cpt/retrieval_retrieval_synthetic_rope_local_d6c1232106.log
rope_local,retrieval,synthetic,passkey,synthetic-filler,16k,0.9,nll_nats_per_token,4.618510818481445,10,/home/sagemaker-user/atma/benchmarks/logs/foveal_cpt/retrieval_retrieval_synthetic_rope_local_d6c1232106.log
rope_local,retrieval,synthetic,passkey,synthetic-filler,16k,0.9,token_accuracy,2.0,10,/home/sagemaker-user/atma/benchmarks/logs/foveal_cpt/retrieval_retrieval_synthetic_rope_local_d6c1232106.log
rope_local,retrieval,synthetic,passkey,synthetic-filler,256k,0.1,exact_match,0.0,10,/home/sagemaker-user/atma/benchmarks/logs/foveal_cpt/retrieval_retrieval_synthetic_rope_local_d6c1232106.log
rope_local,retrieval,synthetic,passkey,synthetic-filler,256k,0.1,nll_nats_per_token,4.569592704772949,10,/home/sagemaker-user/atma/benchmarks/logs/foveal_cpt/retrieval_retrieval_synthetic_rope_local_d6c1232106.log
rope_local,retrieval,synthetic,passkey,synthetic-filler,256k,0.1,token_accuracy,2.0,10,/home/sagemaker-user/atma/benchmarks/logs/foveal_cpt/retrieval_retrieval_synthetic_rope_local_d6c1232106.log
rope_local,retrieval,synthetic,passkey,synthetic-filler,256k,0.5,exact_match,0.0,10,/home/sagemaker-user/atma/benchmarks/logs/foveal_cpt/retrieval_retrieval_synthetic_rope_local_d6c1232106.log
rope_local,retrieval,synthetic,passkey,synthetic-filler,256k,0.5,nll_nats_per_token,4.569626235961914,10,/home/sagemaker-user/atma/benchmarks/logs/foveal_cpt/retrieval_retrieval_synthetic_rope_local_d6c1232106.log
rope_local,retrieval,synthetic,passkey,synthetic-filler,256k,0.5,token_accuracy,2.0,10,/home/sagemaker-user/atma/benchmarks/logs/foveal_cpt/retrieval_retrieval_synthetic_rope_local_d6c1232106.log
rope_local,retrieval,synthetic,passkey,synthetic-filler,256k,0.9,exact_match,0.0,10,/home/sagemaker-user/atma/benchmarks/logs/foveal_cpt/retrieval_retrieval_synthetic_rope_local_d6c1232106.log
rope_local,retrieval,synthetic,passkey,synthetic-filler,256k,0.9,nll_nats_per_token,4.555576133728027,10,/home/sagemaker-user/atma/benchmarks/logs/foveal_cpt/retrieval_retrieval_synthetic_rope_local_d6c1232106.log
rope_local,retrieval,synthetic,passkey,synthetic-filler,256k,0.9,token_accuracy,2.0,10,/home/sagemaker-user/atma/benchmarks/logs/foveal_cpt/retrieval_retrieval_synthetic_rope_local_d6c1232106.log
rope_local,retrieval,synthetic,passkey,synthetic-filler,2k,0.1,exact_match,0.0,10,/home/sagemaker-user/atma/benchmarks/logs/foveal_cpt/retrieval_retrieval_synthetic_rope_local_d6c1232106.log
rope_local,retrieval,synthetic,passkey,synthetic-filler,2k,0.1,nll_nats_per_token,4.629588470458985,10,/home/sagemaker-user/atma/benchmarks/logs/foveal_cpt/retrieval_retrieval_synthetic_rope_local_d6c1232106.log
rope_local,retrieval,synthetic,passkey,synthetic-filler,2k,0.1,token_accuracy,6.0,10,/home/sagemaker-user/atma/benchmarks/logs/foveal_cpt/retrieval_retrieval_synthetic_rope_local_d6c1232106.log
rope_local,retrieval,synthetic,passkey,synthetic-filler,2k,0.5,exact_match,0.0,10,/home/sagemaker-user/atma/benchmarks/logs/foveal_cpt/retrieval_retrieval_synthetic_rope_local_d6c1232106.log
rope_local,retrieval,synthetic,passkey,synthetic-filler,2k,0.5,exact_match,0.0,5,/home/sagemaker-user/atma/benchmarks/logs/foveal_cpt/smoke_retrieval_synthetic_rope_local_0eff7c7601.log
rope_local,retrieval,synthetic,passkey,synthetic-filler,2k,0.5,exact_match,0.0,2,/home/sagemaker-user/atma/benchmarks/logs/foveal_cpt/smoke_retrieval_synthetic_rope_local_e39dd6276e.log
rope_local,retrieval,synthetic,passkey,synthetic-filler,2k,0.5,nll_nats_per_token,4.625330924987793,10,/home/sagemaker-user/atma/benchmarks/logs/foveal_cpt/retrieval_retrieval_synthetic_rope_local_d6c1232106.log
rope_local,retrieval,synthetic,passkey,synthetic-filler,2k,0.5,nll_nats_per_token,4.539181137084961,5,/home/sagemaker-user/atma/benchmarks/logs/foveal_cpt/smoke_retrieval_synthetic_rope_local_0eff7c7601.log
rope_local,retrieval,synthetic,passkey,synthetic-filler,2k,0.5,nll_nats_per_token,4.311930847167969,2,/home/sagemaker-user/atma/benchmarks/logs/foveal_cpt/smoke_retrieval_synthetic_rope_local_e39dd6276e.log
rope_local,retrieval,synthetic,passkey,synthetic-filler,2k,0.5,token_accuracy,4.0,10,/home/sagemaker-user/atma/benchmarks/logs/foveal_cpt/retrieval_retrieval_synthetic_rope_local_d6c1232106.log
rope_local,retrieval,synthetic,passkey,synthetic-filler,2k,0.5,token_accuracy,4.0,5,/home/sagemaker-user/atma/benchmarks/logs/foveal_cpt/smoke_retrieval_synthetic_rope_local_0eff7c7601.log
rope_local,retrieval,synthetic,passkey,synthetic-filler,2k,0.5,token_accuracy,0.0,2,/home/sagemaker-user/atma/benchmarks/logs/foveal_cpt/smoke_retrieval_synthetic_rope_local_e39dd6276e.log
rope_local,retrieval,synthetic,passkey,synthetic-filler,2k,0.9,exact_match,60.0,10,/home/sagemaker-user/atma/benchmarks/logs/foveal_cpt/retrieval_retrieval_synthetic_rope_local_d6c1232106.log
rope_local,retrieval,synthetic,passkey,synthetic-filler,2k,0.9,nll_nats_per_token,0.5909836363792419,10,/home/sagemaker-user/atma/benchmarks/logs/foveal_cpt/retrieval_retrieval_synthetic_rope_local_d6c1232106.log
rope_local,retrieval,synthetic,passkey,synthetic-filler,2k,0.9,token_accuracy,88.0,10,/home/sagemaker-user/atma/benchmarks/logs/foveal_cpt/retrieval_retrieval_synthetic_rope_local_d6c1232106.log
rope_local,retrieval,synthetic,passkey,synthetic-filler,32k,0.1,exact_match,0.0,10,/home/sagemaker-user/atma/benchmarks/logs/foveal_cpt/retrieval_retrieval_synthetic_rope_local_d6c1232106.log
rope_local,retrieval,synthetic,passkey,synthetic-filler,32k,0.1,nll_nats_per_token,4.614651107788086,10,/home/sagemaker-user/atma/benchmarks/logs/foveal_cpt/retrieval_retrieval_synthetic_rope_local_d6c1232106.log
rope_local,retrieval,synthetic,passkey,synthetic-filler,32k,0.1,token_accuracy,2.0,10,/home/sagemaker-user/atma/benchmarks/logs/foveal_cpt/retrieval_retrieval_synthetic_rope_local_d6c1232106.log
rope_local,retrieval,synthetic,passkey,synthetic-filler,32k,0.5,exact_match,0.0,10,/home/sagemaker-user/atma/benchmarks/logs/foveal_cpt/retrieval_retrieval_synthetic_rope_local_d6c1232106.log
rope_local,retrieval,synthetic,passkey,synthetic-filler,32k,0.5,nll_nats_per_token,4.60635856628418,10,/home/sagemaker-user/atma/benchmarks/logs/foveal_cpt/retrieval_retrieval_synthetic_rope_local_d6c1232106.log
rope_local,retrieval,synthetic,passkey,synthetic-filler,32k,0.5,token_accuracy,2.0,10,/home/sagemaker-user/atma/benchmarks/logs/foveal_cpt/retrieval_retrieval_synthetic_rope_local_d6c1232106.log
rope_local,retrieval,synthetic,passkey,synthetic-filler,32k,0.9,exact_match,0.0,10,/home/sagemaker-user/atma/benchmarks/logs/foveal_cpt/retrieval_retrieval_synthetic_rope_local_d6c1232106.log
rope_local,retrieval,synthetic,passkey,synthetic-filler,32k,0.9,nll_nats_per_token,4.597767372131347,10,/home/sagemaker-user/atma/benchmarks/logs/foveal_cpt/retrieval_retrieval_synthetic_rope_local_d6c1232106.log
rope_local,retrieval,synthetic,passkey,synthetic-filler,32k,0.9,token_accuracy,2.0,10,/home/sagemaker-user/atma/benchmarks/logs/foveal_cpt/retrieval_retrieval_synthetic_rope_local_d6c1232106.log
rope_local,retrieval,synthetic,passkey,synthetic-filler,4k,0.1,exact_match,0.0,10,/home/sagemaker-user/atma/benchmarks/logs/foveal_cpt/retrieval_retrieval_synthetic_rope_local_d6c1232106.log
rope_local,retrieval,synthetic,passkey,synthetic-filler,4k,0.1,nll_nats_per_token,4.576741065979004,10,/home/sagemaker-user/atma/benchmarks/logs/foveal_cpt/retrieval_retrieval_synthetic_rope_local_d6c1232106.log
rope_local,retrieval,synthetic,passkey,synthetic-filler,4k,0.1,token_accuracy,6.0,10,/home/sagemaker-user/atma/benchmarks/logs/foveal_cpt/retrieval_retrieval_synthetic_rope_local_d6c1232106.log
rope_local,retrieval,synthetic,passkey,synthetic-filler,4k,0.5,exact_match,0.0,10,/home/sagemaker-user/atma/benchmarks/logs/foveal_cpt/retrieval_retrieval_synthetic_rope_local_d6c1232106.log
rope_local,retrieval,synthetic,passkey,synthetic-filler,4k,0.5,nll_nats_per_token,4.573894309997558,10,/home/sagemaker-user/atma/benchmarks/logs/foveal_cpt/retrieval_retrieval_synthetic_rope_local_d6c1232106.log
rope_local,retrieval,synthetic,passkey,synthetic-filler,4k,0.5,token_accuracy,6.0,10,/home/sagemaker-user/atma/benchmarks/logs/foveal_cpt/retrieval_retrieval_synthetic_rope_local_d6c1232106.log
rope_local,retrieval,synthetic,passkey,synthetic-filler,4k,0.9,exact_match,50.0,10,/home/sagemaker-user/atma/benchmarks/logs/foveal_cpt/retrieval_retrieval_synthetic_rope_local_d6c1232106.log
rope_local,retrieval,synthetic,passkey,synthetic-filler,4k,0.9,nll_nats_per_token,0.7562181854248047,10,/home/sagemaker-user/atma/benchmarks/logs/foveal_cpt/retrieval_retrieval_synthetic_rope_local_d6c1232106.log
rope_local,retrieval,synthetic,passkey,synthetic-filler,4k,0.9,token_accuracy,84.0,10,/home/sagemaker-user/atma/benchmarks/logs/foveal_cpt/retrieval_retrieval_synthetic_rope_local_d6c1232106.log
rope_local,retrieval,synthetic,passkey,synthetic-filler,64k,0.1,exact_match,0.0,10,/home/sagemaker-user/atma/benchmarks/logs/foveal_cpt/retrieval_retrieval_synthetic_rope_local_d6c1232106.log
rope_local,retrieval,synthetic,passkey,synthetic-filler,64k,0.1,nll_nats_per_token,4.5985174560546875,10,/home/sagemaker-user/atma/benchmarks/logs/foveal_cpt/retrieval_retrieval_synthetic_rope_local_d6c1232106.log
rope_local,retrieval,synthetic,passkey,synthetic-filler,64k,0.1,token_accuracy,2.0,10,/home/sagemaker-user/atma/benchmarks/logs/foveal_cpt/retrieval_retrieval_synthetic_rope_local_d6c1232106.log
rope_local,retrieval,synthetic,passkey,synthetic-filler,64k,0.5,exact_match,0.0,10,/home/sagemaker-user/atma/benchmarks/logs/foveal_cpt/retrieval_retrieval_synthetic_rope_local_d6c1232106.log
rope_local,retrieval,synthetic,passkey,synthetic-filler,64k,0.5,nll_nats_per_token,4.5933316040039065,10,/home/sagemaker-user/atma/benchmarks/logs/foveal_cpt/retrieval_retrieval_synthetic_rope_local_d6c1232106.log
rope_local,retrieval,synthetic,passkey,synthetic-filler,64k,0.5,token_accuracy,2.0,10,/home/sagemaker-user/atma/benchmarks/logs/foveal_cpt/retrieval_retrieval_synthetic_rope_local_d6c1232106.log
rope_local,retrieval,synthetic,passkey,synthetic-filler,64k,0.9,exact_match,0.0,10,/home/sagemaker-user/atma/benchmarks/logs/foveal_cpt/retrieval_retrieval_synthetic_rope_local_d6c1232106.log
rope_local,retrieval,synthetic,passkey,synthetic-filler,64k,0.9,nll_nats_per_token,4.5861285781860355,10,/home/sagemaker-user/atma/benchmarks/logs/foveal_cpt/retrieval_retrieval_synthetic_rope_local_d6c1232106.log
rope_local,retrieval,synthetic,passkey,synthetic-filler,64k,0.9,token_accuracy,2.0,10,/home/sagemaker-user/atma/benchmarks/logs/foveal_cpt/retrieval_retrieval_synthetic_rope_local_d6c1232106.log
rope_local,retrieval,synthetic,passkey,synthetic-filler,8k,0.1,exact_match,0.0,10,/home/sagemaker-user/atma/benchmarks/logs/foveal_cpt/retrieval_retrieval_synthetic_rope_local_d6c1232106.log
rope_local,retrieval,synthetic,passkey,synthetic-filler,8k,0.1,nll_nats_per_token,4.583817749023438,10,/home/sagemaker-user/atma/benchmarks/logs/foveal_cpt/retrieval_retrieval_synthetic_rope_local_d6c1232106.log
rope_local,retrieval,synthetic,passkey,synthetic-filler,8k,0.1,token_accuracy,4.0,10,/home/sagemaker-user/atma/benchmarks/logs/foveal_cpt/retrieval_retrieval_synthetic_rope_local_d6c1232106.log
rope_local,retrieval,synthetic,passkey,synthetic-filler,8k,0.5,exact_match,0.0,10,/home/sagemaker-user/atma/benchmarks/logs/foveal_cpt/retrieval_retrieval_synthetic_rope_local_d6c1232106.log
rope_local,retrieval,synthetic,passkey,synthetic-filler,8k,0.5,exact_match,0.0,5,/home/sagemaker-user/atma/benchmarks/logs/foveal_cpt/smoke_retrieval_synthetic_rope_local_0eff7c7601.log
rope_local,retrieval,synthetic,passkey,synthetic-filler,8k,0.5,exact_match,0.0,2,/home/sagemaker-user/atma/benchmarks/logs/foveal_cpt/smoke_retrieval_synthetic_rope_local_e39dd6276e.log
rope_local,retrieval,synthetic,passkey,synthetic-filler,8k,0.5,nll_nats_per_token,4.592670669555664,10,/home/sagemaker-user/atma/benchmarks/logs/foveal_cpt/retrieval_retrieval_synthetic_rope_local_d6c1232106.log
rope_local,retrieval,synthetic,passkey,synthetic-filler,8k,0.5,nll_nats_per_token,4.439647216796875,5,/home/sagemaker-user/atma/benchmarks/logs/foveal_cpt/smoke_retrieval_synthetic_rope_local_0eff7c7601.log
rope_local,retrieval,synthetic,passkey,synthetic-filler,8k,0.5,nll_nats_per_token,4.252393341064453,2,/home/sagemaker-user/atma/benchmarks/logs/foveal_cpt/smoke_retrieval_synthetic_rope_local_e39dd6276e.log
rope_local,retrieval,synthetic,passkey,synthetic-filler,8k,0.5,token_accuracy,4.0,10,/home/sagemaker-user/atma/benchmarks/logs/foveal_cpt/retrieval_retrieval_synthetic_rope_local_d6c1232106.log
rope_local,retrieval,synthetic,passkey,synthetic-filler,8k,0.5,token_accuracy,4.0,5,/home/sagemaker-user/atma/benchmarks/logs/foveal_cpt/smoke_retrieval_synthetic_rope_local_0eff7c7601.log
rope_local,retrieval,synthetic,passkey,synthetic-filler,8k,0.5,token_accuracy,0.0,2,/home/sagemaker-user/atma/benchmarks/logs/foveal_cpt/smoke_retrieval_synthetic_rope_local_e39dd6276e.log
rope_local,retrieval,synthetic,passkey,synthetic-filler,8k,0.9,exact_match,0.0,10,/home/sagemaker-user/atma/benchmarks/logs/foveal_cpt/retrieval_retrieval_synthetic_rope_local_d6c1232106.log
rope_local,retrieval,synthetic,passkey,synthetic-filler,8k,0.9,nll_nats_per_token,4.594465675354004,10,/home/sagemaker-user/atma/benchmarks/logs/foveal_cpt/retrieval_retrieval_synthetic_rope_local_d6c1232106.log
rope_local,retrieval,synthetic,passkey,synthetic-filler,8k,0.9,token_accuracy,4.0,10,/home/sagemaker-user/atma/benchmarks/logs/foveal_cpt/retrieval_retrieval_synthetic_rope_local_d6c1232106.log
rope_local,serving,generation,,,128k,,decode_tokens_per_s,451.08052623759676,1,/home/sagemaker-user/atma/benchmarks/logs/foveal_cpt/serving_serving_generation_rope_local_25e7e92029.log
rope_local,serving,generation,,,128k,,decode_tokens_per_s,447.5203593599173,1,/home/sagemaker-user/atma/benchmarks/logs/foveal_cpt/serving_serving_generation_rope_local_8d5be68003.log
rope_local,serving,generation,,,128k,,oom,False,1,/home/sagemaker-user/atma/benchmarks/logs/foveal_cpt/serving_serving_generation_rope_local_25e7e92029.log
rope_local,serving,generation,,,128k,,oom,False,1,/home/sagemaker-user/atma/benchmarks/logs/foveal_cpt/serving_serving_generation_rope_local_8d5be68003.log
rope_local,serving,generation,,,128k,,peak_allocated_bytes,7590206464,1,/home/sagemaker-user/atma/benchmarks/logs/foveal_cpt/serving_serving_generation_rope_local_25e7e92029.log
rope_local,serving,generation,,,128k,,peak_allocated_bytes,7590206464,1,/home/sagemaker-user/atma/benchmarks/logs/foveal_cpt/serving_serving_generation_rope_local_8d5be68003.log
rope_local,serving,generation,,,128k,,peak_reserved_bytes,8067743744,1,/home/sagemaker-user/atma/benchmarks/logs/foveal_cpt/serving_serving_generation_rope_local_25e7e92029.log
rope_local,serving,generation,,,128k,,peak_reserved_bytes,8067743744,1,/home/sagemaker-user/atma/benchmarks/logs/foveal_cpt/serving_serving_generation_rope_local_8d5be68003.log
rope_local,serving,generation,,,128k,,prefill_tokens_per_s,154036.49692157778,1,/home/sagemaker-user/atma/benchmarks/logs/foveal_cpt/serving_serving_generation_rope_local_25e7e92029.log
rope_local,serving,generation,,,128k,,prefill_tokens_per_s,155062.65539327907,1,/home/sagemaker-user/atma/benchmarks/logs/foveal_cpt/serving_serving_generation_rope_local_8d5be68003.log
rope_local,serving,generation,,,16k,,decode_tokens_per_s,461.5141269243231,1,/home/sagemaker-user/atma/benchmarks/logs/foveal_cpt/serving_serving_generation_rope_local_25e7e92029.log
rope_local,serving,generation,,,16k,,decode_tokens_per_s,456.67320469761825,1,/home/sagemaker-user/atma/benchmarks/logs/foveal_cpt/serving_serving_generation_rope_local_8d5be68003.log
rope_local,serving,generation,,,16k,,oom,False,1,/home/sagemaker-user/atma/benchmarks/logs/foveal_cpt/serving_serving_generation_rope_local_25e7e92029.log
rope_local,serving,generation,,,16k,,oom,False,1,/home/sagemaker-user/atma/benchmarks/logs/foveal_cpt/serving_serving_generation_rope_local_8d5be68003.log
rope_local,serving,generation,,,16k,,peak_allocated_bytes,1629508608,1,/home/sagemaker-user/atma/benchmarks/logs/foveal_cpt/serving_serving_generation_rope_local_25e7e92029.log
rope_local,serving,generation,,,16k,,peak_allocated_bytes,1629508608,1,/home/sagemaker-user/atma/benchmarks/logs/foveal_cpt/serving_serving_generation_rope_local_8d5be68003.log
rope_local,serving,generation,,,16k,,peak_reserved_bytes,1725956096,1,/home/sagemaker-user/atma/benchmarks/logs/foveal_cpt/serving_serving_generation_rope_local_25e7e92029.log
rope_local,serving,generation,,,16k,,peak_reserved_bytes,1725956096,1,/home/sagemaker-user/atma/benchmarks/logs/foveal_cpt/serving_serving_generation_rope_local_8d5be68003.log
rope_local,serving,generation,,,16k,,prefill_tokens_per_s,170526.78033299468,1,/home/sagemaker-user/atma/benchmarks/logs/foveal_cpt/serving_serving_generation_rope_local_25e7e92029.log
rope_local,serving,generation,,,16k,,prefill_tokens_per_s,170747.09463357076,1,/home/sagemaker-user/atma/benchmarks/logs/foveal_cpt/serving_serving_generation_rope_local_8d5be68003.log
rope_local,serving,generation,,,256k,,decode_tokens_per_s,443.00437477957274,1,/home/sagemaker-user/atma/benchmarks/logs/foveal_cpt/serving_serving_generation_rope_local_25e7e92029.log
rope_local,serving,generation,,,256k,,oom,False,1,/home/sagemaker-user/atma/benchmarks/logs/foveal_cpt/serving_serving_generation_rope_local_25e7e92029.log
rope_local,serving,generation,,,256k,,peak_allocated_bytes,14400185344,1,/home/sagemaker-user/atma/benchmarks/logs/foveal_cpt/serving_serving_generation_rope_local_25e7e92029.log
rope_local,serving,generation,,,256k,,peak_reserved_bytes,15313403904,1,/home/sagemaker-user/atma/benchmarks/logs/foveal_cpt/serving_serving_generation_rope_local_25e7e92029.log
rope_local,serving,generation,,,256k,,prefill_tokens_per_s,149921.04898479814,1,/home/sagemaker-user/atma/benchmarks/logs/foveal_cpt/serving_serving_generation_rope_local_25e7e92029.log
rope_local,serving,generation,,,2k,,decode_tokens_per_s,462.1246241728828,1,/home/sagemaker-user/atma/benchmarks/logs/foveal_cpt/serving_serving_generation_rope_local_25e7e92029.log
rope_local,serving,generation,,,2k,,decode_tokens_per_s,451.53929048737456,1,/home/sagemaker-user/atma/benchmarks/logs/foveal_cpt/serving_serving_generation_rope_local_8d5be68003.log
rope_local,serving,generation,,,2k,,oom,False,1,/home/sagemaker-user/atma/benchmarks/logs/foveal_cpt/serving_serving_generation_rope_local_25e7e92029.log
rope_local,serving,generation,,,2k,,oom,False,1,/home/sagemaker-user/atma/benchmarks/logs/foveal_cpt/serving_serving_generation_rope_local_8d5be68003.log
rope_local,serving,generation,,,2k,,peak_allocated_bytes,886649856,1,/home/sagemaker-user/atma/benchmarks/logs/foveal_cpt/serving_serving_generation_rope_local_25e7e92029.log
rope_local,serving,generation,,,2k,,peak_allocated_bytes,886649856,1,/home/sagemaker-user/atma/benchmarks/logs/foveal_cpt/serving_serving_generation_rope_local_8d5be68003.log
rope_local,serving,generation,,,2k,,peak_reserved_bytes,929038336,1,/home/sagemaker-user/atma/benchmarks/logs/foveal_cpt/serving_serving_generation_rope_local_25e7e92029.log
rope_local,serving,generation,,,2k,,peak_reserved_bytes,929038336,1,/home/sagemaker-user/atma/benchmarks/logs/foveal_cpt/serving_serving_generation_rope_local_8d5be68003.log
rope_local,serving,generation,,,2k,,prefill_tokens_per_s,12445.935533932903,1,/home/sagemaker-user/atma/benchmarks/logs/foveal_cpt/serving_serving_generation_rope_local_25e7e92029.log
rope_local,serving,generation,,,2k,,prefill_tokens_per_s,12722.02455557231,1,/home/sagemaker-user/atma/benchmarks/logs/foveal_cpt/serving_serving_generation_rope_local_8d5be68003.log
rope_local,serving,generation,,,32k,,decode_tokens_per_s,459.4313247900719,1,/home/sagemaker-user/atma/benchmarks/logs/foveal_cpt/serving_serving_generation_rope_local_25e7e92029.log
rope_local,serving,generation,,,32k,,decode_tokens_per_s,458.0153038532195,1,/home/sagemaker-user/atma/benchmarks/logs/foveal_cpt/serving_serving_generation_rope_local_8d5be68003.log
rope_local,serving,generation,,,32k,,oom,False,1,/home/sagemaker-user/atma/benchmarks/logs/foveal_cpt/serving_serving_generation_rope_local_25e7e92029.log
rope_local,serving,generation,,,32k,,oom,False,1,/home/sagemaker-user/atma/benchmarks/logs/foveal_cpt/serving_serving_generation_rope_local_8d5be68003.log
rope_local,serving,generation,,,32k,,peak_allocated_bytes,2480887296,1,/home/sagemaker-user/atma/benchmarks/logs/foveal_cpt/serving_serving_generation_rope_local_25e7e92029.log
rope_local,serving,generation,,,32k,,peak_allocated_bytes,2480887296,1,/home/sagemaker-user/atma/benchmarks/logs/foveal_cpt/serving_serving_generation_rope_local_8d5be68003.log
rope_local,serving,generation,,,32k,,peak_reserved_bytes,2569011200,1,/home/sagemaker-user/atma/benchmarks/logs/foveal_cpt/serving_serving_generation_rope_local_25e7e92029.log
rope_local,serving,generation,,,32k,,peak_reserved_bytes,2569011200,1,/home/sagemaker-user/atma/benchmarks/logs/foveal_cpt/serving_serving_generation_rope_local_8d5be68003.log
rope_local,serving,generation,,,32k,,prefill_tokens_per_s,155232.09872937854,1,/home/sagemaker-user/atma/benchmarks/logs/foveal_cpt/serving_serving_generation_rope_local_25e7e92029.log
rope_local,serving,generation,,,32k,,prefill_tokens_per_s,155564.1423913524,1,/home/sagemaker-user/atma/benchmarks/logs/foveal_cpt/serving_serving_generation_rope_local_8d5be68003.log
rope_local,serving,generation,,,4k,,decode_tokens_per_s,460.2909633478281,1,/home/sagemaker-user/atma/benchmarks/logs/foveal_cpt/serving_serving_generation_rope_local_25e7e92029.log
rope_local,serving,generation,,,4k,,decode_tokens_per_s,457.55474228943,1,/home/sagemaker-user/atma/benchmarks/logs/foveal_cpt/serving_serving_generation_rope_local_8d5be68003.log
rope_local,serving,generation,,,4k,,oom,False,1,/home/sagemaker-user/atma/benchmarks/logs/foveal_cpt/serving_serving_generation_rope_local_25e7e92029.log
rope_local,serving,generation,,,4k,,oom,False,1,/home/sagemaker-user/atma/benchmarks/logs/foveal_cpt/serving_serving_generation_rope_local_8d5be68003.log
rope_local,serving,generation,,,4k,,peak_allocated_bytes,992023552,1,/home/sagemaker-user/atma/benchmarks/logs/foveal_cpt/serving_serving_generation_rope_local_25e7e92029.log
rope_local,serving,generation,,,4k,,peak_allocated_bytes,992023552,1,/home/sagemaker-user/atma/benchmarks/logs/foveal_cpt/serving_serving_generation_rope_local_8d5be68003.log
rope_local,serving,generation,,,4k,,peak_reserved_bytes,1044381696,1,/home/sagemaker-user/atma/benchmarks/logs/foveal_cpt/serving_serving_generation_rope_local_25e7e92029.log
rope_local,serving,generation,,,4k,,peak_reserved_bytes,1044381696,1,/home/sagemaker-user/atma/benchmarks/logs/foveal_cpt/serving_serving_generation_rope_local_8d5be68003.log
rope_local,serving,generation,,,4k,,prefill_tokens_per_s,129568.82292751505,1,/home/sagemaker-user/atma/benchmarks/logs/foveal_cpt/serving_serving_generation_rope_local_25e7e92029.log
rope_local,serving,generation,,,4k,,prefill_tokens_per_s,133379.8772920629,1,/home/sagemaker-user/atma/benchmarks/logs/foveal_cpt/serving_serving_generation_rope_local_8d5be68003.log
rope_local,serving,generation,,,64k,,decode_tokens_per_s,453.66526111015787,1,/home/sagemaker-user/atma/benchmarks/logs/foveal_cpt/serving_serving_generation_rope_local_25e7e92029.log
rope_local,serving,generation,,,64k,,decode_tokens_per_s,454.94698235003693,1,/home/sagemaker-user/atma/benchmarks/logs/foveal_cpt/serving_serving_generation_rope_local_8d5be68003.log
rope_local,serving,generation,,,64k,,oom,False,1,/home/sagemaker-user/atma/benchmarks/logs/foveal_cpt/serving_serving_generation_rope_local_25e7e92029.log
rope_local,serving,generation,,,64k,,oom,False,1,/home/sagemaker-user/atma/benchmarks/logs/foveal_cpt/serving_serving_generation_rope_local_8d5be68003.log
rope_local,serving,generation,,,64k,,peak_allocated_bytes,4184692736,1,/home/sagemaker-user/atma/benchmarks/logs/foveal_cpt/serving_serving_generation_rope_local_25e7e92029.log
rope_local,serving,generation,,,64k,,peak_allocated_bytes,4184692736,1,/home/sagemaker-user/atma/benchmarks/logs/foveal_cpt/serving_serving_generation_rope_local_8d5be68003.log
rope_local,serving,generation,,,64k,,peak_reserved_bytes,4441767936,1,/home/sagemaker-user/atma/benchmarks/logs/foveal_cpt/serving_serving_generation_rope_local_25e7e92029.log
rope_local,serving,generation,,,64k,,peak_reserved_bytes,4441767936,1,/home/sagemaker-user/atma/benchmarks/logs/foveal_cpt/serving_serving_generation_rope_local_8d5be68003.log
rope_local,serving,generation,,,64k,,prefill_tokens_per_s,152937.38862993193,1,/home/sagemaker-user/atma/benchmarks/logs/foveal_cpt/serving_serving_generation_rope_local_25e7e92029.log
rope_local,serving,generation,,,64k,,prefill_tokens_per_s,154351.41315454931,1,/home/sagemaker-user/atma/benchmarks/logs/foveal_cpt/serving_serving_generation_rope_local_8d5be68003.log
rope_local,serving,generation,,,8k,,decode_tokens_per_s,458.85856203752957,1,/home/sagemaker-user/atma/benchmarks/logs/foveal_cpt/serving_serving_generation_rope_local_25e7e92029.log
rope_local,serving,generation,,,8k,,decode_tokens_per_s,461.0140388090558,1,/home/sagemaker-user/atma/benchmarks/logs/foveal_cpt/serving_serving_generation_rope_local_8d5be68003.log
rope_local,serving,generation,,,8k,,oom,False,1,/home/sagemaker-user/atma/benchmarks/logs/foveal_cpt/serving_serving_generation_rope_local_25e7e92029.log
rope_local,serving,generation,,,8k,,oom,False,1,/home/sagemaker-user/atma/benchmarks/logs/foveal_cpt/serving_serving_generation_rope_local_8d5be68003.log
rope_local,serving,generation,,,8k,,peak_allocated_bytes,1204868096,1,/home/sagemaker-user/atma/benchmarks/logs/foveal_cpt/serving_serving_generation_rope_local_25e7e92029.log
rope_local,serving,generation,,,8k,,peak_allocated_bytes,1204868096,1,/home/sagemaker-user/atma/benchmarks/logs/foveal_cpt/serving_serving_generation_rope_local_8d5be68003.log
rope_local,serving,generation,,,8k,,peak_reserved_bytes,1254096896,1,/home/sagemaker-user/atma/benchmarks/logs/foveal_cpt/serving_serving_generation_rope_local_25e7e92029.log
rope_local,serving,generation,,,8k,,peak_reserved_bytes,1254096896,1,/home/sagemaker-user/atma/benchmarks/logs/foveal_cpt/serving_serving_generation_rope_local_8d5be68003.log
rope_local,serving,generation,,,8k,,prefill_tokens_per_s,146956.67670496192,1,/home/sagemaker-user/atma/benchmarks/logs/foveal_cpt/serving_serving_generation_rope_local_25e7e92029.log
rope_local,serving,generation,,,8k,,prefill_tokens_per_s,157236.57259003373,1,/home/sagemaker-user/atma/benchmarks/logs/foveal_cpt/serving_serving_generation_rope_local_8d5be68003.log
rope_local,serving,generation,,,,,max_successful_context_tokens,262144,,/home/sagemaker-user/atma/benchmarks/logs/foveal_cpt/serving_serving_generation_rope_local_25e7e92029.log
rope_local,serving,generation,,,,,max_successful_context_tokens,131072,,/home/sagemaker-user/atma/benchmarks/logs/foveal_cpt/serving_serving_generation_rope_local_8d5be68003.log
